Sub-county,Sub location,Village Name,FA Name,"Date Survey
Completed",Water point Name,Verification ID,PASS/FAIL,Reason for FAIL
SOY,KOISAGAT,SUGUTEK,JEMIMAH,28-Apr,SUGUTE TAPPED,4736425201,FAIL,LESS HOUSEHOLD
SOY,KOISAGAT,SUGUTEK,JEMIMAH,28-Apr,CHEPKATUIYAT SPRING,4736425202,FAIL,LESS HOUSEHOLD
SOY,KOISAGAT,SUGUTEK,JEMIMAH,28-Apr,KUNGU WELL,4736425203,FAIL,NOT USED FOR DRINKING
SOY,KOISAGAT,SUGUTEK,JEMIMAH,28-Apr,TUIYOBEI WELL,4736425204,PASS,
SOY,KOISAGAT,SUGUTEK,JEMIMAH,28-Apr,KAPKIROR RIVER,4736425205,FAIL,LESS HOUSEHOLD
SOY,KOISAGAT,SINONIN,JEMIMAH,28-Apr,BARAKA ECD STAR,4736425301,FAIL,NOT USED FOR DRINKING
SOY,KOISAGAT,SINONIN,JEMIMAH,28-Apr,UTAWALA,4736425302,FAIL,NOT USED FOR DRINKING
SOY,KOISAGAT,SINONIN,JEMIMAH,28-Apr,SILVER STAR,4736425303,FAIL,LESS HOUSEHOLD
SOY,KOISAGAT,SINONIN,JEMIMAH,28-Apr,MTI MBAO,4736425304,FAIL,SEASONAL
SOY,KOISAGAT,SINONIN,JEMIMAH,28-Apr,KAPSOSTEN,4736425305,FAIL,NOT USED FOR DRINKING
SOY,LOLKINYEI,MILIMANI,ALICE,28-Apr,PAUL CHOGE,4736415801,FAIL,LESS HOUSEHOLD
SOY,LOLKINYEI,MILIMANI,ALICE,28-Apr,JOSEPH ABERO,4736415802,FAIL,LESS HOUSEHOLD
SOY,LOLKINYEI,MILIMANI,ALICE,28-Apr,JOSEPH KARUI,4736415803,PASS,
SOY,LOLKINYEI,MILIMANI,ALICE,28-Apr,KEMBOI,4736415804,FAIL,LESS HOUSEHOLD
SOY,LOLKINYEI,MILIMANI,ALICE,28-Apr,PAUL CHERUYOT,4736415805,PASS,
SOY,LOLKINYEI,MILIMANI,ALICE,28-Apr,PETER MUTAI,4736415806,FAIL,LESS HOUSEHOLD
SOY,LOLKINYEI,MILIMANI,ALICE,28-Apr,KANDA ZABLON,4736415807,FAIL,LESS HOUSEHOLD
SOY,LOLKINYEI,MILIMANI,ALICE,28-Apr,MILIMANI PRY,4736415808,PASS,
SOY,LEGEBET,EMKWEN,EVANS,28-Apr,KIPNGETKET,4742426201,PASS,
SOY,LEGEBET,EMKWEN,EVANS,28-Apr,CHEPMWAKA,4742426202,FAIL,LESS HOUSEHOLD
SOY,LEGEBET,EMKWEN,EVANS,28-Apr,TAMABI,4742426203,PASS,
SOY,LEGEBET,EMKWEN,EVANS,28-Apr,BARNABA,4742426204,PASS,
SOY,LEGEBET,EMKWEN,EVANS,28-Apr,NELSON MAIYO,4742426205,FAIL,LESS HOUSEHOLD
SOY,LEGEBET,EMKWEN,EVANS,28-Apr,DAVID,4742426206,FAIL,LESS HOUSEHOLD
SOY,LEGEBET,LAMAYWET,EVANS,28-Apr,BARKALI A,4742425801,FAIL,LESS HOUSEHOLD
SOY,LEGEBET,LAMAYWET,EVANS,28-Apr,SUGUT,4742425801,FAIL,LESS HOUSEHOLD
SOY,LEGEBET,KOIMET,EVANS,28-Apr,SIRGOI,4742426001,PASS,
SOY,LEGEBET,KOIMET,EVANS,28-Apr,KABUSON,4742426002,FAIL,LESS HOUSEHOLD
SOY,LEGEBET,KOIMET,EVANS,28-Apr,TARTAAAR,4742426003,FAIL,LESS HOUSEHOLD
SOY,LEGEBET,KOIMET,EVANS,28-Apr,CHAMU,4742426004,FAIL,LESS HOUSEHOLD
SOY,LEGEBET,KOIMET,EVANS,28-Apr,LEGEBET PRI,4742426005,FAIL,LESS HOUSEHOLD
SOY,LEGEBET,KOIMET,EVANS,28-Apr,LEGEBET SEC,4742426006,PASS,
SOY,KOISAGAT,KAPKORIO,JEMIMAH,29-Apr,BARKASAN SPRING,4736426001,FAIL,LESS HOUSEHOLD
SOY,KOISAGAT,KAPKORIO,JEMIMAH,29-Apr,JUIYO TAPE,4736426002,PASS,
SOY,KOISAGAT,KAPKORIO,JEMIMAH,29-Apr,KAPKENIO SPRING,4736426003,FAIL,LESS HOUSEHOLD
SOY,KOISAGAT,KIBOROKWA,JEMIMAH,29-Apr,KAPSICHOI,4736425701,FAIL,TEA WITH MILK
SOY,KOISAGAT,KIBOROKWA,JEMIMAH,29-Apr,DARAJA MBILI,4736425702,FAIL,TEA WITH MILK
SOY,KOISAGAT,KIBOROKWA,JEMIMAH,29-Apr,KAPCHORWA SPRING,4736425703,PASS,
SOY,KOISAGAT,CHABARUS,JEMIMAH,29-Apr,TABARIN I RIVER,4736426601,FAIL,TEA WITH MILK
SOY,KOISAGAT,CHABARUS,JEMIMAH,29-Apr,TABARIN II RIVER,4736426602,FAIL,TEA WITH MILK
SOY,KOISAGAT,CHABARUS,JEMIMAH,29-Apr,BARNABARS ,4736426603,PASS,
SOY,LOLKINYEI,MAFUTA EMKWEN,ALICE,29-Apr,DANIEL,4736416901,PASS,
SOY,LOLKINYEI,MAFUTA EMKWEN,ALICE,29-Apr,KIPROTICH BETT,4736416902,FAIL,SEASONAL
SOY,LOLKINYEI,MAFUTA EMKWEN,ALICE,29-Apr,JOSEPH HINGA,4736416903,FAIL,SEASONAL
SOY,LOLKINYEI,MAFUTA EMKWEN,ALICE,29-Apr,SHADRACK LETTING,4736416904,FAIL,SEASONAL
SOY,LOLKINYEI,MAFUTA EMKWEN,ALICE,29-Apr,WILSON,4736416905,FAIL,SEASONAL
SOY,LOLKINYEI,MAFUTA EMKWEN,ALICE,29-Apr,EMILY ,4736416906,FAIL,SEASONAL
SOY,LOLKINYEI,MAFUTA EMKWEN,ALICE,29-Apr,GLADYS,4736416907,FAIL,SEASONAL
SOY,LOLKINYEI,MAFUTA EMKWEN,ALICE,29-Apr,STEPHEN ,4736416908,FAIL,SEASONAL
SOY,LOLKINYEI,MAFUTA EMKWEN,ALICE,29-Apr,ACADAH CHEPTUM,4736416909,PASS,
SOY,LOLKINYEI,MAFUTA EMKWEN,ALICE,29-Apr,MAFUTA SEC,4736416910,FAIL,SEASONAL
SOY,LOLKINYEI,KABURO,ALICE,29-Apr,DAVID LAGAT,4736416701,FAIL,LESS HOUSEHOLD
SOY,LOLKINYEI,KABURO,ALICE,29-Apr,SAMMY YEGO,4736416702,FAIL,LESS HOUSEHOLD
SOY,LOLKINYEI,KABURO,ALICE,29-Apr,JULIUS ROTICH,4736416703,PASS,
SOY,LOLKINYEI,KABURO,ALICE,29-Apr,JULIUS SINGOP,4736416704,FAIL,LESS HOUSEHOLD
SOY,LOLKINYEI,KABURO,ALICE,29-Apr,WILLIAM TOO,4736416705,FAIL,LESS HOUSEHOLD
SOY,LOLKINYEI,KABURO,ALICE,29-Apr,CHARLES LUYANJE,4736416706,FAIL,LESS HOUSEHOLD
SOY,LOLKINYEI,KABURO,ALICE,29-Apr,BEN TOO,4736416707,FAIL,LESS HOUSEHOLD
SOY,LOLKINYEI,KABURO,ALICE,29-Apr,JOHN ANDATI,4736416708,FAIL,LESS HOUSEHOLD
SOY,LEGEBET,SOIN,EVANS,29-Apr,KAPSIGIS ,4742425301,FAIL,LESS HOUSEHOLD
SOY,LEGEBET,SOIN,EVANS,29-Apr,KAPINGOLOS,4742425302,PASS,
SOY,LEGEBET,EMGOIN,EVANS,29-Apr,EMKOIN A,4742426301,FAIL,LESS HOUSEHOLD
SOY,LEGEBET,EMGOIN,EVANS,29-Apr,EMKOIN B,4742426302,PASS,
SOY,LEGEBET,EMGOIN,EVANS,29-Apr,EMKOIN C,4742426303,PASS,
SOY,LEGEBET,EMGOIN,EVANS,29-Apr,EMKOIN D,4742426304,FAIL,LESS HOUSEHOLD
SOY,LEGEBET,MOIBEN,EVANS,29-Apr,SORMOI,4742425601,FAIL,LESS HOUSEHOLD
SOY,LEGEBET,MOIBEN,EVANS,29-Apr,LEGEM,4742425602,FAIL,SEASONAL
SOY,LEGEBET,MOIBEN,EVANS,29-Apr,SIGOT BOREHOLE,4742425603,FAIL,NOT USED FOR DRINKING
SOY,LEGEBET,TORETMOI,EVANS,29-Apr,THOMAS BIRECH,4742425101,FAIL,LESS HOUSEHOLD
SOY,LOLKINYEI,SACHANGUAN,ALICE,04-May,MURSOIS,4736415101,FAIL,LESS HOUSEHOLD
SOY,LOLKINYEI,SACHANGUAN,ALICE,04-May,MWANGIS,4736415102,FAIL,LESS HOUSEHOLD
SOY,LOLKINYEI,SACHANGUAN,ALICE,04-May,SIMOTWOS,4736415103,FAIL,LESS HOUSEHOLD
SOY,LOLKINYEI,SACHANGUAN,ALICE,04-May,LOTEBA'S,4736415104,FAIL,LESS HOUSEHOLD
SOY,LOLKINYEI,SACHANGUAN,ALICE,04-May,RAEL'S,4736415105,FAIL,LESS HOUSEHOLD
SOY,LOLKINYEI,SACHANGUAN,ALICE,04-May,CHEPSIROR'S,4736415106,FAIL,LESS HOUSEHOLD
SOY,LOLKINYEI,SACHANGUAN,ALICE,04-May,MBURU'S,4736415107,FAIL,NOT USED FOR DRINKING
SOY,LOLKINYEI,SACHANGUAN,ALICE,04-May,SOLOMON NGETICH,4736415108,FAIL,LESS HOUSEHOLD
SOY,LOLKINYEI,CHEPINYINY,ALICE,04-May,CHEPINYINY SPRING,4736417201,PASS,
SOY,LEGEBET,RATINWET,EVANS,04-May,KEMBO,4742425501,PASS,
SOY,LEGEBET,RATINWET,EVANS,04-May,LENA,4742425502,FAIL,LESS HOUSEHOLD
SOY,LEGEBET,RATINWET,EVANS,04-May,KORIR,4742425503,FAIL,LANDOWNER DID NOT CONCENT
SOY,LEGEBET,MOGOIYWET,EVANS,04-May,MILIMANI BOREHOLE,4742425701,FAIL,LESS HOUSEHOLD
SOY,LEGEBET,MOGOIYWET,EVANS,04-May,KAPCHORWA BOREHOLE,4742425702,PASS,
SOY,LEGEBET,MOGOIYWET,EVANS,04-May,SIGOT B BOREHOLE,4742425703,FAIL,LESS HOUSEHOLD
SOY,LEGEBET,TARTAR,EVANS,04-May,MANDAGO BOREHOLE,4742425201,PASS,
SOY,LEGEBET,TARTAR,EVANS,04-May,BARTALAMEW,4742425202,FAIL,LESS HOUSEHOLD
SOY,LEGEBET,SAGAMWET,EVANS,04-May,SAGAMWET BOREHOLE,4742425401,PASS,
SOY,LEGEBET,SAGAMWET,EVANS,04-May,DANIEL SANG,4742425402,FAIL,LESS HOUSEHOLD
SOY,KOISAGAT,EMKWEN,JEMIMAH,05-May,KAPTUI SPRING,4736426302,FAIL,LESS HOUSEHOLD
SOY,KOISAGAT,EMKWEN,JEMIMAH,05-May,KAPSOTEN,4736426303,PASS,
SOY,KOISAGAT,EMKWEN,JEMIMAH,05-May,KAPMARABA,4736426304,FAIL,LESS HOUSEHOLD
SOY,KOISAGAT,EMKWEN,JEMIMAH,05-May,KAP MUNAI,4736426305,FAIL,LESS HOUSEHOLD
SOY,KOISAGAT,EMKWEN,JEMIMAH,05-May,KAPTERGECH ,4736426301,FAIL,LESS HOUSEHOLD
SOY,KOISAGAT,EMKWEN,JEMIMAH,05-May,KAPCEHEPKAKA,4736426311,FAIL,LESS HOUSEHOLD
SOY,KOISAGAT,EMKWEN,JEMIMAH,05-May,KAPKIKOGEI,4736426307,FAIL,LESS HOUSEHOLD
SOY,KOISAGAT,EMKWEN,JEMIMAH,05-May,DAVID MIBEI,4736426313,PASS,
SOY,KOISAGAT,EMKWEN,JEMIMAH,05-May,KAPBARNABA,4736426306,FAIL,NOT USED FOR DRINKING
SOY,KOISAGAT,EMKWEN,JEMIMAH,05-May,KAPSOTEN BOREHOLE,4736426316,FAIL,TEA WITH MILK
SOY,KOISAGAT,EMKWEN,JEMIMAH,05-May,KAPROGER,4736426308,FAIL,TEA WITH MILK
SOY,KOISAGAT,EMKWEN,JEMIMAH,05-May,KAPMARK,4736426315,FAIL,LESS HOUSEHOLD
SOY,KOISAGAT,EMKWEN,JEMIMAH,05-May,DAVID SAINA,4736426309,PASS,
SOY,KOISAGAT,EMKWEN,JEMIMAH,05-May,KWA JANET,4736426310,PASS,
SOY,KOISAGAT,EMKWEN,JEMIMAH,05-May,NGENY PRIMARY,4736426314,FAIL,SEASONAL
SOY,LEGEBET,CHESUMEI,EVANS,05-May,TAITA BOREHOLE,4742426401,FAIL,LESS HOUSEHOLD
SOY,LEGEBET,CHESUMEI,EVANS,05-May,LELKING,4742426402,FAIL,LESS HOUSEHOLD
SOY,LEGEBET,KAPKEBEN,EVANS,05-May,TUIYOBEI BOREHOLE,4742426101,PASS,
SOY,LEGEBET,KAPKEBEN,EVANS,05-May,KOIMUR,4742426102,FAIL,LESS HOUSEHOLD
SOY,LEGEBET,KAPKEBEN,EVANS,05-May,SACHANGWAN,4742426103,FAIL,LESS HOUSEHOLD
SOY,LEGEBET,CHEPKATET,EVANS,05-May,SAWE,4742426501,FAIL,LESS HOUSEHOLD
SOY,LEGEBET,CHEPKATET,EVANS,05-May,SANG,4742426502,FAIL,LESS HOUSEHOLD
SOY,LEGEBET,CHEPKATET,EVANS,05-May,KETER,4742426503,FAIL,LESS HOUSEHOLD
SOY,LEGEBET,KOSIRAI,EVANS,05-May,JULIA,4742425901,PASS,
SOY,LEGEBET,KOSIRAI,EVANS,05-May,ELIAS,4742425902,FAIL,LESS HOUSEHOLD
SOY,KOISAGAT,MOIBEN GAA,JEMIMAH,05/05/2015,MUTAI,4736425501,FAIL,TEA WITH MILK
SOY,KOISAGAT,MOIBEN GAA,JEMIMAH,05/05/2015,KOSGEI SPRING,4736425502,PASS,
SOY,KOISAGAT,MOIBEN GAA,JEMIMAH,05/05/2015,JOSEPH TAP,4736425503,PASS,
SOY,KOISAGAT,MOIBEN GAA,JEMIMAH,05/05/2015,KEMBOI SPRING,4736425504,FAIL,NOT USED FOR DRINKING
SOY,KOISAGAT,MOIBEN GAA,JEMIMAH,05/05/2015,NGENY SEC,4736425506,PASS,
SOY,KOISAGAT,MOIBEN GAA,JEMIMAH,05/05/2015,KAPLELEI SPRING,4736425507,PASS,
SOY,ZIWA,SOSIOT,EVANS,06-May,RUKIA BOREHOLE,4744435401,PASS,
SOY,ZIWA,SOSIOT,EVANS,06-May,KIMTAI RONO,4744435402,FAIL,LESS HOUSEHOLD
SOY,ZIWA,SOSIOT,EVANS,06-May,JULIUS TOO,4744435403,FAIL,LESS HOUSEHOLD
SOY,ZIWA,SOSIOT,EVANS,06-May,TOIYOI PROJECT,4744435404,PASS,
SOY,ZIWA,SOSIOT,EVANS,06-May,CHRISTOPHER RUTO BOREHOLE,4744435405,FAIL,LESS HOUSEHOLD
SOY,ZIWA,SOSIOT,EVANS,06-May,AUGUSTINE NG'ENO,4744435406,FAIL,LESS HOUSEHOLD
SOY,ZIWA,KIMOLWET,EVANS,06-May,JEPKOROT,4744435901,FAIL,LESS HOUSEHOLD
SOY,ZIWA,KIMOLWET,EVANS,06-May,LETING' BOREHOLE,4744435902,FAIL,LESS HOUSEHOLD
SOY,ZIWA,KIMOLWET,EVANS,06-May,ABRAHAM BOREHOLE,4744435903,FAIL,NOT USED FOR DRINKING
SOY,ZIWA,KIMOLWET,EVANS,06-May,ARISE AND SHINE ACADEMY,4744435904,FAIL,LESS HOUSEHOLD
SOY,ZIWA,KIMOLWET,EVANS,06-May,ESTHER CHEPCHUMBA,4744435905,FAIL,LESS HOUSEHOLD
SOY,SEGERO,BIRIBIRIET,MAUREEN,06-May,KAP BEN,4741417001,FAIL,LESS HOUSEHOLD
SOY,SEGERO,BIRIBIRIET,MAUREEN,06-May,KAP DAN,4741417002,FAIL,LESS HOUSEHOLD
SOY,SEGERO,BIRIBIRIET,MAUREEN,06-May,KAP EDNA,4741417003,FAIL,LESS HOUSEHOLD
SOY,SEGERO,BIRIBIRIET,MAUREEN,06-May,KAPCHOBORWA,4741417004,FAIL,LESS HOUSEHOLD
SOY,SEGERO,BIRIBIRIET,MAUREEN,06-May,KAP MARABA,4741417005,FAIL,LESS HOUSEHOLD
SOY,SEGERO,BIRIBIRIET,MAUREEN,06-May,KAP WILLIAM,4741417006,FAIL,LESS HOUSEHOLD
SOY,SEGERO,CHEPKWENAT,MAUREEN,06-May,DAVID MUTAI BOREHOLE,4741417101,FAIL,LESS HOUSEHOLD
SOY,SEGERO,CHEPKWENAT,MAUREEN,06-May,WILLIAM LAGAT,4741417102,FAIL,LESS HOUSEHOLD
SOY,SEGERO,CHEPKWENAT,MAUREEN,06-May,SAMMY TOPIE,4741417103,FAIL,LESS HOUSEHOLD
SOY,SEGERO,CHEPKWENAT,MAUREEN,06-May,DANIEL BULGEI,4741417104,FAIL,LESS HOUSEHOLD
SOY,SEGERO,CHEPKWENAT,MAUREEN,06-May,STEPHEN MUTAI ,4741417105,FAIL,LESS HOUSEHOLD
SOY,LOLKINYEI,LEMORU EAST,ALICE,06-May,TELDET SPRING,4736416601,PASS,
SOY,LOLKINYEI,LEMORU EAST,ALICE,06-May,KAPSIRIMBI,4736416602,PASS,
SOY,LOLKINYEI,LEMORU EAST,ALICE,06-May,KAPKIBIWAT,4736416603,FAIL,LESS HOUSEHOLD
SOY,LOLKINYEI,LEMORU EAST,ALICE,06-May,NGISIREI,4736416604,PASS,
SOY,LOLKINYEI,LEMORU EAST,ALICE,06-May,KOGO,4736416201,FAIL,LESS HOUSEHOLD
SOY,LOLKINYEI,LEMORU EAST,ALICE,06-May,LEMORO TRINITY,4736416202,PASS,
SOY,LOLKINYEI,LEMORU WEST,ALICE,06-May,WHEAT LAND CENTER,4736416203,FAIL,LESS HOUSEHOLD
SOY,LOLKINYEI,LEMORU WEST,ALICE,06-May,WORLD HOPE CENTRE,4736416204,FAIL,LESS HOUSEHOLD
SOY,LOLKINYEI,LEMORU WEST,ALICE,06-May,BAHARINI SPRING,4736416205,FAIL,NOT USED FOR DRINKING
SOY,LOLKINYEI,LEMORU WEST,ALICE,06-May,BUNGEI ,4736416206,PASS,
SOY,LOLKINYEI,LEMORU WEST,ALICE,06-May,TANUI,4736416207,PASS,
SOY,LOLKINYEI,LEMORU EMKWEN,ALICE,06-May,DANIEL MUTAI,4736416501,PASS,
SOY,LOLKINYEI,LEMORU EMKWEN,ALICE,06-May,LAGAT JOSHUA,4736416502,PASS,
SOY,LOLKINYEI,LEMORU EMKWEN,ALICE,06-May,JUDA TIROP,4736416503,FAIL,LESS HOUSEHOLD
SOY,LOLKINYEI,LEMORU EMKWEN,ALICE,06-May,NELSON RONOH,4736416504,PASS,
SOY,LOLKINYEI,LEMORU EMKWEN,ALICE,06-May,SILA BII,4736416505,FAIL,LESS HOUSEHOLD
SOY,LOLKINYEI,LEMORU EMKWEN,ALICE,06-May,STANLEY KITUR,4736416506,FAIL,LESS HOUSEHOLD
SOY,LOLKINYEI,LEMORU EMKWEN,ALICE,06-May,JAMES NJAU,4736417401,FAIL,LESS HOUSEHOLD
SOY,LOLKINYEI,CHEBARU,ALICE,06-May,MARSELA,4736417402,PASS,
SOY,LOLKINYEI,CHEBARU,ALICE,06-May,FRANCIS,4736417403,FAIL,LESS HOUSEHOLD
SOY,LOLKINYEI,CHEBARU,ALICE,06-May,CHARLE KOMEN,4736417404,FAIL,LESS HOUSEHOLD
SOY,LOLKINYEI,CHEBARU,ALICE,06-May,PAUL BIWOTT,4736417405,FAIL,LESS HOUSEHOLD
SOY,LOLKINYEI,CHEBARU,ALICE,06-May,PAUL KAGIA,4736417406,FAIL,LESS HOUSEHOLD
SOY,LOLKINYEI,CHEBARU,ALICE,06-May,MARITIM JOSEPH,4736417407,FAIL,LESS HOUSEHOLD
SOY,KOISAGAT,LIMAON,JEMIMAH,06-May,ROAD SITE,4736426701,PASS,
SOY,KOISAGAT,LIMAON,JEMIMAH,06-May,KAPKAILONG RIVER,4736426702,FAIL,LESS HOUSEHOLD
SOY,KOISAGAT,LIMAON,JEMIMAH,06-May,KAMUTUNG,4736426703,FAIL,LESS HOUSEHOLD
SOY,KOISAGAT,KOISAGAT,JEMIMAH,06-May,KAPCHEPYEGON,4736425601,FAIL,LESS HOUSEHOLD
SOY,KOISAGAT,KOISAGAT,JEMIMAH,06-May,KAPRANDAL,4736425602,FAIL,LESS HOUSEHOLD
SOY,KOISAGAT,KABURWO,JEMIMAH,06-May,KAPRERIMOI RIVER,4736427001,FAIL,TEA WITH MILK
SOY,KOISAGAT,KABURWO,JEMIMAH,06-May,DIP RIVER,4736427002,FAIL,TEA WITH MILK
SOY,KOISAGAT,KABURWO,JEMIMAH,06-May,TENDEN TAP,4736427003,PASS,
SOY,KOISAGAT,KABURWO,JEMIMAH,06-May,LAMAON TAP,4736427004,FAIL,LESS HOUSEHOLD
SOY,BARSOMBE,NAIROBI,VICTOR,06-May,BARSOMBE (KAPRICHARD) RIVER,4730415701,FAIL,TEA WITH MILK
SOY,BARSOMBE,NAIROBI,VICTOR,06-May,ST PETER ACC,4730415702,FAIL,NOT USED FOR DRINKING
SOY,BARSOMBE,NAIROBI,VICTOR,06-May,MAIYO,4730415703,FAIL,LESS HOUSEHOLD
SOY,BARSOMBE,NAIROBI,VICTOR,06-May,SHADRACK KIRONG'O,4730415704,FAIL,LESS HOUSEHOLD
SOY,BARSOMBE,NAIROBI,VICTOR,06-May,EVANS RUTTO,4730415705,FAIL,LESS HOUSEHOLD
SOY,BARSOMBE,NAIROBI,VICTOR,06-May,MARY SUM,4730415706,FAIL,NOT USED FOR DRINKING
SOY,BARSOMBE,BASMOI,VICTOR,06-May,MOIBEN (KAPDAVID),4730417801,FAIL,TEA WITH MILK
SOY,BARSOMBE,BASMOI,VICTOR,06-May,BARSOMBE ( KAMU),4730417802,FAIL,TEA WITH MILK
SOY,BARSOMBE,BASMOI,VICTOR,06-May,SILAS KOSGEI,4730417803,FAIL,TEA WITH MILK
SOY,BARSOMBE,BASMOI,VICTOR,06-May,DISPENSARY TANK,4730417804,FAIL,LESS HOUSEHOLD
SOY,BARSOMBE,BASMOI,VICTOR,06-May,BARSOMBE KURGAT,4730417805,FAIL,TEA WITH MILK
SOY,SEGERO,MAKUNGU CENTRAL,MAUREEN,07-May,KAPCHEPNGOI,4741416201,FAIL,LESS HOUSEHOLD
SOY,SEGERO,MAKUNGU CENTRAL,MAUREEN,07-May,KAPWILSON,4741416202,FAIL,LESS HOUSEHOLD
SOY,SEGERO,MAKUNGU CENTRAL,MAUREEN,07-May,KAPMONDI,4741416203,FAIL,LESS HOUSEHOLD
SOY,SEGERO,MAKUNGU CENTRAL,MAUREEN,07-May,KAPTAI,4741416204,FAIL,LESS HOUSEHOLD
SOY,SEGERO,MAKUNGU CENTRAL,MAUREEN,07-May,KAPKENER,4741416205,FAIL,LESS HOUSEHOLD
SOY,SEGERO,MAKUNGU CENTRAL,MAUREEN,07-May,KAPKENYA,4741416206,FAIL,TEA WITH MILK
SOY,SEGERO,MAKUNGU CENTRAL,MAUREEN,07-May,KASAMBAI,4741416207,FAIL,LESS HOUSEHOLD
SOY,SEGERO,MAKUNGU CENTRAL,MAUREEN,07-May,KAPCHIRUIYOT,4741416208,FAIL,LESS HOUSEHOLD
SOY,SEGERO,MAKUNGU CENTRAL,MAUREEN,07-May,JACOB NGETICH,4741416209,FAIL,NOT USED FOR DRINKING
SOY,SEGERO,MAKUNGU CENTRAL,MAUREEN,07-May,TIMOTHY KOKO,4741416210,FAIL,LESS HOUSEHOLD
SOY,ZIWA,SAOS,EVANS,07-May,A.C.K ST LUKE,4744435501,FAIL,LESS HOUSEHOLD
SOY,ZIWA,SAOS,EVANS,07-May,JULIUS K.SANG,4744435502,FAIL,LESS HOUSEHOLD
SOY,ZIWA,SAOS,EVANS,07-May,JOHN MAIYO,4744435503,FAIL,LESS HOUSEHOLD
SOY,ZIWA,SAOS,EVANS,07-May,KEMBOI,4744435504,FAIL,LESS HOUSEHOLD
SOY,ZIWA,SAOS,EVANS,07-May,DAVID MISOI,4744435505,FAIL,NOT USED FOR DRINKING
SOY,ZIWA,SAOS,EVANS,07-May,JOSHUA MUTAI,4744435506,FAIL,LESS HOUSEHOLD
SOY,ZIWA,KOIMUGUL,EVANS,07-May,KOIMUGUL,4744435701,FAIL,LESS HOUSEHOLD
SOY,ZIWA,ZIWA TOWNSHIP,EVANS,07-May,ZIWA MACHINE,4744435101,FAIL,NOT USED FOR DRINKING
SOY,ZIWA,ZIWA TOWNSHIP,EVANS,07-May,NOAH K RUTTO,4744435102,FAIL,NOT USED FOR DRINKING
SOY,ZIWA,ZIWA TOWNSHIP,EVANS,07-May,WILLIAM KETOTE,4744435103,FAIL,NOT USED FOR DRINKING
SOY,BARSOMBE,SITIYAL,VICTOR,07-May,KENNEDY LETTING,4730415301,PASS,
SOY,BARSOMBE,SITIYAL,VICTOR,07-May,KEMEI AMOS,4730415302,PASS,
SOY,BARSOMBE,KIPTINDEN,VICTOR,07-May,BARSOMBE(KAPRICHARD),4730416001,FAIL,TEA WITH MILK
SOY,BARSOMBE,KIPTINDEN,VICTOR,07-May,CHIRCHIR BOREHOLE,4730416002,FAIL,TEA WITH MILK
SOY,BARSOMBE,SIRGOI,VICTOR,07-May,LOWER MOIBEN,4730415401,FAIL,TEA WITH MILK
SOY,BARSOMBE,SIRGOI,VICTOR,07-May,KAPTULI,4730415402,FAIL,TEA WITH MILK
SOY,BARSOMBE,SIRGOI,VICTOR,07-May,MOIBEN RIVER,4730415403,FAIL,TEA WITH MILK
SOY,KOISAGAT,BAHARINI,JEMIMAH,07-May,TAMBOIYOT BOREHOLE,4736426801,FAIL,NOT USED FOR DRINKING
SOY,KOISAGAT,BAHARINI,JEMIMAH,07-May,KIRWAS BOREHOLE,4736426802,FAIL,TEA WITH MILK
SOY,KOISAGAT,BAHARINI,JEMIMAH,07-May,NAIBEI BOREHOLE,4736426803,FAIL,LESS HOUSEHOLD
SOY,KOISAGAT,BAHARINI,JEMIMAH,07-May,LEMUNGE BOREHOLE,4736426804,FAIL,NOT USED FOR DRINKING
SOY,KOISAGAT,BAHARINI,JEMIMAH,07-May,BAHARINI DAM,4736426805,FAIL,NOT USED FOR DRINKING
SOY,KOISAGAT,BAHARINI,JEMIMAH,07-May,SINGOEI,4736426806,FAIL,LESS HOUSEHOLD
SOY,KOISAGAT,KAMENJEIYWA,JEMIMAH,07-May,KAPSAIPINYIN,4736426101,PASS,
SOY,KOISAGAT,KAMENJEIYWA,JEMIMAH,07-May,KAPMASAI,4736426102,FAIL,TEA WITH MILK
SOY,KOISAGAT,KAMENJEIYWA,JEMIMAH,07-May,TARACH,4736426103,FAIL,TEA WITH MILK
SOY,LOLKINYEI,LEMORUS SOUTH,ALICE,07-May,CHRISTINE LAGAT,4736416301,PASS,
SOY,LOLKINYEI,LEMORUS SOUTH,ALICE,07-May,KAP NAIYO,4736416302,PASS,
SOY,LOLKINYEI,KIPSIGAK,ALICE,07-May,DAVID CHEPKOIYO,4736416801,PASS,
SOY,LOLKINYEI,KIPSIGAK,ALICE,07-May,SAMUEL BITOK,4736416802,FAIL,LESS HOUSEHOLD
SOY,LOLKINYEI,KIPSIGAK,ALICE,07-May,EZEKIEL ,4736416803,FAIL,LESS HOUSEHOLD
SOY,LOLKINYEI,KIPSIGAK,ALICE,07-May,MICHAEL LAGAT,4736416804,FAIL,LESS HOUSEHOLD
SOY,LOLKINYEI,KIPSIGAK,ALICE,07-May,KIPKEMBOI ARAP KOGO,4736416805,FAIL,LESS HOUSEHOLD
SOY,LOLKINYEI,KIPSIGAK,ALICE,07-May,VINCENT TIGINEI,4736416806,PASS,
SOY,LOLKINYEI,KIPSIGAK,ALICE,07-May,STEPHEN MELLI,4736416807,FAIL,LESS HOUSEHOLD
SOY,LOLKINYEI,KIPSIGAK,ALICE,07-May,LOLKINYEI SEC,4736416808,FAIL,LESS HOUSEHOLD
SOY,LOLKINYEI,KIPSIGAK,ALICE,07-May,LOLKINYEI PRIM,4736416809,PASS,
SOY,LOLKINYEI,KIPSIGAK,ALICE,07-May,TITUS TUM,4736416810,PASS,
SOY,LOLKINYEI,KIPSIGAK,ALICE,07-May,BENJAMIN SANG CENTRE,4736416811,PASS,
SOY,SEGERO,KURESIET,MAUREEN,08/05/2015,DAVID KOGO,4741416401,FAIL,LESS HOUSEHOLD
SOY,SEGERO,KURESIET,MAUREEN,08/05/2015,MONICA NGENY,4741416402,FAIL,LESS HOUSEHOLD
SOY,SEGERO,KURESIET,MAUREEN,08/05/2015,BARNABA SUM,4741416403,FAIL,LESS HOUSEHOLD
SOY,SEGERO,KURESIET,MAUREEN,08/05/2015,ELIUD LAGAT,4741416404,FAIL,LESS HOUSEHOLD
SOY,SEGERO,KURESIET,MAUREEN,08/05/2015,SILA MUTEZI,4741416405,FAIL,LESS HOUSEHOLD
SOY,SEGERO,KURESIET,MAUREEN,08/05/2015,PHILIP KOSGEI,4741415801,FAIL,LESS HOUSEHOLD
SOY,SEGERO,ROSETI,MAUREEN,08/05/2015,PAUL LIMO,4741415802,FAIL,LESS HOUSEHOLD
SOY,SEGERO,ROSETI,MAUREEN,08/05/2015,JULIA KOSGEY,4741415803,FAIL,LESS HOUSEHOLD
SOY,SEGERO,ROSETI,MAUREEN,08/05/2015,ESTHER KEBENEI,4741415804,FAIL,LESS HOUSEHOLD
SOY,SEGERO,ROSETI,MAUREEN,08/05/2015,WILSON BII,4741415805,FAIL,LESS HOUSEHOLD
SOY,SEGERO,MARARAI,MAUREEN,08/05/2015,KAP ARUSEI,4741416001,FAIL,LESS HOUSEHOLD
SOY,SEGERO,CHEPKOIYO,MAUREEN,08/05/2015,MOSES KETER,4741416901,FAIL,LESS HOUSEHOLD
SOY,KOISAGAT,KAPTICH,JEMIMAH,08/05/2015,KIPKOSGEI,4736425801,PASS,
SOY,KOISAGAT,KAPTICH,JEMIMAH,08/05/2015,RODHA CHUMBA,4736425802,PASS,
SOY,KOISAGAT,KAPTICH,JEMIMAH,08/05/2015,MARU,4736425803,PASS,
SOY,KOISAGAT,KAPTICH,JEMIMAH,08/05/2015,KEIYO,4736425804,PASS,
SOY,KOISAGAT,KAPTICH,JEMIMAH,08/05/2015,SAMWEL RONO,4736425805,PASS,
SOY,KOISAGAT,KAPTICH,JEMIMAH,08/05/2015,WILLIAM,4736425806,FAIL,TEA WITH MILK
SOY,KOISAGAT,TUIYOBEI,JEMIMAH,08/05/2015,JOHN TANUI TAP,4736425101,PASS,
SOY,KOISAGAT,TUIYOBEI,JEMIMAH,08/05/2015,JOSEPH LELEI TAP,4736425102,PASS,
SOY,KOISAGAT,KAPSIGOT,JEMIMAH,08/05/2015,MOIBEN RIVER 1,4736425901,FAIL,TEA WITH MILK
SOY,KOISAGAT,KAPSIGOT,JEMIMAH,08/05/2015,MOIBEN RIVER 2,4736425902,FAIL,TEA WITH MILK
SOY,KOISAGAT,CHEMALUK,JEMIMAH,08/05/2015,TERESA CHEPCHOGE,4736426501,PASS,
SOY,LOLKINYEI,KAPKOROS,ALICE,08/05/2015,KENNEDY LETTING,4736415901,FAIL,SEASONAL
SOY,LOLKINYEI,KAPKOROS,ALICE,08/05/2015,CHERUNGUT,4736415902,FAIL,LESS HOUSEHOLD
SOY,LOLKINYEI,KAPKOROS,ALICE,08/05/2015,KIPSIGAK,4736415903,FAIL,NOT USED FOR DRINKING
SOY,LOLKINYEI,KAPKOROS,ALICE,08/05/2015,BENJAMIN SANG ,4736415904,PASS,
SOY,LOLKINYEI,KAPKOROS,ALICE,08/05/2015,SHADRACK KIBEWEI,4736415906,FAIL,SEASONAL
SOY,LOLKINYEI,KAPKOROS,ALICE,08/05/2015,JANE C SANG,4736415907,FAIL,LESS HOUSEHOLD
SOY,LOLKINYEI,KAPKOROS,ALICE,08/05/2015,MATTHWE SANG,4736415908,FAIL,SEASONAL
SOY,LOLKINYEI,KAPKOROS,ALICE,08/05/2015,MICHAEL KIPKEO,4736415909,FAIL,SEASONAL
SOY,LOLKINYEI,KAPKOROS,ALICE,08/05/2015,MUSA KEBENEI,4736415910,FAIL,SEASONAL
SOY,LOLKINYEI,KAPKOROS,ALICE,08/05/2015,CATHOLIC KIPSIGAK,4736415911,FAIL,SEASONAL
SOY,LOLKINYEI,KAPKOROS,ALICE,08/05/2015,ESTHER KANGONGO,4736415912,FAIL,SEASONAL
SOY,LOLKINYEI,KAPKOROS,ALICE,08/05/2015,JOYCE CHEPKWONY,4736415905,FAIL,SEASONAL
SOY,LOLKINYEI,LEMORU NORTH,ALICE,08/05/2015,MARK CHIRCHIR,4736416401,FAIL,LESS HOUSEHOLD
SOY,LOLKINYEI,LEMORU NORTH,ALICE,08/05/2015,CHARLES NGOSEI,4736416402,PASS,
SOY,LOLKINYEI,LEMORU NORTH,ALICE,08/05/2015,DAVID SIGILAI,4736416403,PASS,
SOY,LOLKINYEI,LEMORU NORTH,ALICE,08/05/2015,KAPKOROS,4736416404,FAIL,LESS HOUSEHOLD
SOY,ZIWA,EMUKWEN,EVANS,08/05/2015,KAP JOSHUA,4744436201,FAIL,LESS HOUSEHOLD
SOY,ZIWA,EMUKWEN,EVANS,08/05/2015,MISIK BOREHOLE,4744436202,FAIL,LESS HOUSEHOLD
SOY,ZIWA,EMUKWEN,EVANS,08/05/2015,CHEMUGEN,4744436203,FAIL,LESS HOUSEHOLD
SOY,ZIWA,EMUKWEN,EVANS,08/05/2015,SACH BORENOLE,4744436204,FAIL,LESS HOUSEHOLD
SOY,ZIWA,EMUKWEN,EVANS,08/05/2015,LAMAIYAT,4744436205,FAIL,LESS HOUSEHOLD
SOY,ZIWA,TAMBOIYOT,EVANS,08/05/2015,ABRAHAM BOREHOLE,4744435301,FAIL,NOT USED FOR DRINKING
SOY,ZIWA,TAMBOIYOT,EVANS,08/05/2015,MESHACK KORIR,4744435302,FAIL,LESS HOUSEHOLD
SOY,ZIWA,TERETMOI,EVANS,08/05/2015,KIRWA BOREHOLE,4744435201,FAIL,LESS HOUSEHOLD
SOY,ZIWA,TERETMOI,EVANS,08/05/2015,CHUMO BOREHOLE,4744435202,FAIL,LESS HOUSEHOLD
SOY,ZIWA,TERETMOI,EVANS,08/05/2015,NOAH SIMATWA,4744435203,FAIL,NOT USED FOR DRINKING
SOY,BARSOMBE,CHEBARUS,VICTOR,08-May,MOIBEN 1,4730417601,FAIL,TEA WITH MILK
SOY,BARSOMBE,CHEBARUS,VICTOR,08-May,MOIBEN 2,4730417602,FAIL,TEA WITH MILK
SOY,BARSOMBE,CHEBARUS,VICTOR,08-May,MOIBEN 3,4730417603,FAIL,TEA WITH MILK
SOY,BARSOMBE,KIPKELIO,VICTOR,08-May,KAPILANGO,4730416401,FAIL,TEA WITH MILK
SOY,BARSOMBE,KIPKELIO,VICTOR,08-May,KAPKARIBURE,4730416402,FAIL,TEA WITH MILK
SOY,BARSOMBE,KIPKELIO,VICTOR,08-May,KAPPIUS,4730416403,FAIL,TEA WITH MILK
SOY,BARSOMBE,TACHASIS,VICTOR,08-May,CHEBORORWA KAPSAGI,4730415201,FAIL,TEA WITH MILK
SOY,BARSOMBE,TACHASIS,VICTOR,08-May,CHEBORORWA KAPALLOYS,4730415202,FAIL,TEA WITH MILK
SOY,LOLKINYEI,LEMORU NORTH,ALICE,09/05/2015,JOSEPH RONO,4736416405,FAIL,LESS HOUSEHOLD
SOY,LOLKINYEI,KAMBUGU,ALICE,09/05/2015,HELLEN NGENY,4736417101,FAIL,LESS HOUSEHOLD
SOY,LOLKINYEI,KAMBUGU,ALICE,09/05/2015,HENRY SINGE,4736417102,FAIL,LESS HOUSEHOLD
SOY,LOLKINYEI,KAMBUGU,ALICE,09/05/2015,DAVID TOO,4736417103,FAIL,LESS HOUSEHOLD
SOY,LOLKINYEI,KAMBUGU,ALICE,09/05/2015,JOSHUA TUWEI,4736417104,FAIL,LESS HOUSEHOLD
SOY,LOLKINYEI,KAMBUGU,ALICE,09/05/2015,HELLEN LIMO,4736417105,PASS,
SOY,LOLKINYEI,KAMBUGU,ALICE,09/05/2015,DAVID RUTO,4736417106,FAIL,LESS HOUSEHOLD
SOY,LOLKINYEI,KAMBUGU,ALICE,09/05/2015,KAMBUGU PRY,4736417107,FAIL,LESS HOUSEHOLD
SOY,LOLKINYEI,LENGUT,ALICE,09/05/2015,JULIUS RONO,4736416101,FAIL,LESS HOUSEHOLD
SOY,LOLKINYEI,LENGUT,ALICE,09/05/2015,ABRAHAM,4736416102,PASS,
SOY,LOLKINYEI,LENGUT,ALICE,09/05/2015,LAMAIYWET SPRING,4736416103,PASS,
SOY,LOLKINYEI,LOLKINYEI,ALICE,09/05/2015,KAPSURU WATER PROJECT,4736416001,PASS,
SOY,LOLKINYEI,LOLKINYEI,ALICE,09/05/2015,BITOK TITUS,4736416002,FAIL,LESS HOUSEHOLD
SOY,LOLKINYEI,LOLKINYEI,ALICE,09/05/2015,KOSGEI ABRAHAM,4736416003,PASS,
SOY,LOLKINYEI,LOLKINYEI,ALICE,09/05/2015,JAMES ROTICH,4736416004,FAIL,LESS HOUSEHOLD
SOY,LOLKINYEI,LOLKINYEI,ALICE,09/05/2015,BARAKA ACADEMY,4736416005,FAIL,LESS HOUSEHOLD
SOY,KAPNGETUNY,KILAGAN,MAUREEN,09/05/2015,KILAGANA SPRING,4739426601,FAIL,TEA WITH MILK
SOY,KAPNGETUNY,KILAGAN,MAUREEN,09/05/2015,BARKUTWO ISAAC,4739426602,FAIL,LESS HOUSEHOLD
SOY,KAPNGETUNY,KILAGAN,MAUREEN,09/05/2015,ISAAC SEWER,4739426603,FAIL,LESS HOUSEHOLD
SOY,KAPNGETUNY,KILAGAN,MAUREEN,09/05/2015,JOSEPH KIEUA SPRING,4739426604,FAIL,LESS HOUSEHOLD
SOY,KAPNGETUNY,SIKAWET,MAUREEN,09/05/2015,KAP THOMAS,4739426201,FAIL,LESS HOUSEHOLD
SOY,KAPNGETUNY,SIKAWET,MAUREEN,09/05/2015,KAP BARNGETUNY,4739426202,FAIL,LESS HOUSEHOLD
SOY,KAPNGETUNY,SIKAWET,MAUREEN,09/05/2015,KAP KATAI,4739426203,FAIL,LESS HOUSEHOLD
SOY,KAPNGETUNY,REBERWET,MAUREEN,09/05/2015,MOKOYWE DISPENSARY,4739426701,FAIL,LESS HOUSEHOLD
SOY,KAPNGETUNY,REBERWET,MAUREEN,09/05/2015,KAP EDWARD,4739426702,FAIL,LESS HOUSEHOLD
SOY,KAPNGETUNY,REBERWET,MAUREEN,09/05/2015,TOLLONY PRISCAH,4739426703,FAIL,LESS HOUSEHOLD
SOY,ZIWA,AINAPMOI,EVANS,09/05/2015,YEGO,4744436401,FAIL,LESS HOUSEHOLD
SOY,ZIWA,AINAPMOI,EVANS,09/05/2015,KOSGEI DAVID,4744436402,FAIL,LESS HOUSEHOLD
SOY,ZIWA,AINAPMOI,EVANS,09/05/2015,CHARLES TUWEI,4744436403,FAIL,LESS HOUSEHOLD
SOY,ZIWA,AINAPMOI,EVANS,09/05/2015,JOHN KOGO,4744436404,FAIL,LESS HOUSEHOLD
SOY,ZIWA,AINAPMOI,EVANS,09/05/2015,MICHAEL RONO,4744436405,FAIL,LESS HOUSEHOLD
SOY,ZIWA,AINAPMOI,EVANS,09/05/2015,THOMAS BETT,4744436406,FAIL,LESS HOUSEHOLD
SOY,SEGERO,TULON,MAUREEN,YES,KAP MELI,4741415201,FAIL,LESS HOUSEHOLD
SOY,SEGERO,TULON,MAUREEN,YES,KAP JONAH,4741415202,PASS,
SOY,SEGERO,TULON,MAUREEN,YES,KAP MURGOR,4741415203,FAIL,TEA WITH MILK
SOY,SEGERO,TULON,MAUREEN,YES,KAP MATAYO,4741415204,FAIL,NOT USED FOR DRINKING
SOY,SEGERO,EMDIN,MAUREEN,YES,KAP SAMMY,4741416801,FAIL,LESS HOUSEHOLD
SOY,SEGERO,EMDIN,MAUREEN,YES,HURUMA,4741416802,FAIL,TEA WITH MILK
SOY,SEGERO,EMDIN,MAUREEN,YES,KAP HENRY,4741416803,FAIL,LESS HOUSEHOLD
SOY,SEGERO,EMDIN,MAUREEN,YES,KAP PETER,4741416804,FAIL,LESS HOUSEHOLD
SOY,SEGERO,EMDIN,MAUREEN,YES,MEA KAP,4741416805,FAIL,LESS HOUSEHOLD
SOY,SEGERO,EMDIN,MAUREEN,YES,KAP AMOS,4741416806,FAIL,LESS HOUSEHOLD
SOY,SEGERO,EMDIN,MAUREEN,YES,KAP ARUSEI,4741416807,FAIL,LESS HOUSEHOLD
SOY,SEGERO,EMDIN,MAUREEN,YES,KAP BENJA,4741416808,FAIL,LESS HOUSEHOLD
SOY,SEGERO,LAMAIYWET,MAUREEN,YES,TITO,4741416301,FAIL,LESS HOUSEHOLD
SOY,SEGERO,KAPKURES,MAUREEN,YES,KAPSOT,4741416501,FAIL,LESS HOUSEHOLD
SOY,SEGERO,KAPKURES,MAUREEN,YES,KAPLIMO,4741416502,FAIL,LESS HOUSEHOLD
SOY,SEGERO,KAPKURES,MAUREEN,YES,KAPTIMOR,4741416503,FAIL,LESS HOUSEHOLD
SOY,SEGERO,KAPKURES,MAUREEN,YES,KAPMASIT,4741416504,FAIL,NOT USED FOR DRINKING
SOY,SEGERO,KAPKURES,MAUREEN,YES,KAPMARK,4741416505,FAIL,NOT USED FOR DRINKING
SOY,SEGERO,KAPKURES,MAUREEN,YES,KAPORIA,4741416506,FAIL,NOT USED FOR DRINKING
SOY,SEGERO,KAPKURES,MAUREEN,YES,KAPKITUR,4741416507,FAIL,LESS HOUSEHOLD
SOY,SEGERO,TOROR,MAUREEN,YES,CHEBISHIENY,4741415401,FAIL,LESS HOUSEHOLD
SOY,SEGERO,TOROR,MAUREEN,YES,MISOI SPRING,4741415402,FAIL,LESS HOUSEHOLD
SOY,SEGERO,TOROR,MAUREEN,YES,REUBEN LAGAT,4741415403,FAIL,LESS HOUSEHOLD
SOY,SEGERO,TUIYOBEI SEGERO,MAUREEN,YES,KAP SOME,4741415701,FAIL,LESS HOUSEHOLD
SOY,SEGERO,TUIYOBEI SEGERO,MAUREEN,YES,KAP FRANCIS,4741415702,FAIL,LESS HOUSEHOLD
SOY,SEGERO,TUIYOBEI SEGERO,MAUREEN,YES,STANLEY NGETICH,4741415703,FAIL,LESS HOUSEHOLD
SOY,SEGERO,TUIYOBEI SEGERO,MAUREEN,YES,RAEL SIMATEI,4741415704,FAIL,LESS HOUSEHOLD
SOY,SEGERO,TUIYOBEI SEGERO,MAUREEN,YES,SIMON MUTAI,4741415705,FAIL,NOT USED FOR DRINKING
SOY,SEGERO,TULWET,MAUREEN,YES,KAP SHOSHO,4741415101,FAIL,LESS HOUSEHOLD
SOY,SEGERO,TULWET,MAUREEN,YES,HELLEN,4741415102,FAIL,NOT USED FOR DRINKING
SOY,SEGERO,TULWET,MAUREEN,YES,KAPCHEBISYENG,4741415103,FAIL,NOT USED FOR DRINKING
SOY,SEGERO,TUIYOBEI ,MAUREEN,YES,KAP PAULO,4741415301,FAIL,LESS HOUSEHOLD
SOY,SEGERO,TUIYOBEI,MAUREEN,YES,KAP CHEPKOSIEL,4741415302,FAIL,LESS HOUSEHOLD
SOY,SEGERO,TUIYOBEI,MAUREEN,YES,JOHNA LELEI,4741415303,PASS,
SOY,SEGERO,TUIYOBEI,MAUREEN,YES,KAP TINDENY,4741415304,FAIL,LESS HOUSEHOLD
SOY,SEGERO,TUIYOBEI,MAUREEN,YES,ELIJAH TUWEI,4741415305,FAIL,LESS HOUSEHOLD
SOY,BARSOMBE,CHEPLASKEY,VICTOR,YES,MOIBEN RIVER,4730417401,FAIL,LESS HOUSEHOLD
SOY,BARSOMBE,CHEPLASKEY,VICTOR,YES,MOIBEN RIVER 2,4730417402,FAIL,LESS HOUSEHOLD
SOY,BARSOMBE,CHEPLASKEY,VICTOR,YES,MOIBEN RIVER 3,4730417403,FAIL,TEA WITH MILK
SOY,BARSOMBE,CHEPLASKEY,VICTOR,YES,KURGAT,4730417404,FAIL,NOT USED FOR DRINKING
SOY,BARSOMBE,CHEPLASKEY,VICTOR,YES,JULIUS,4730417405,FAIL,NOT USED FOR DRINKING
SOY,BARSOMBE,CHEPLASKEY,VICTOR,YES,PHILIP MOIBEN,4730417406,FAIL,TEA WITH MILK
SOY,BARSOMBE,MOTWOT,VICTOR,YES,CLEMENT ,4730415801,FAIL,LESS HOUSEHOLD
SOY,BARSOMBE,MOTWOT,VICTOR,YES,RICHARD LIMU ,4730415802,FAIL,LESS HOUSEHOLD
SOY,BARSOMBE,MOTWOT,VICTOR,YES,ELKANA SOME,4730415803,FAIL,LESS HOUSEHOLD
SOY,BARSOMBE,MOTWOT,VICTOR,YES,MATHEW EDUNG,4730415804,FAIL,NOT USED FOR DRINKING
SOY,BARSOMBE,MOTWOT,VICTOR,YES,DANIEL SANG,4730415805,PASS,
SOY,BARSOMBE,MOTWOT,VICTOR,YES,JOEL SANG,4730415806,FAIL,NOT USED FOR DRINKING
SOY,BARSOMBE,MOTWOT,VICTOR,YES,JOSEPH RUTO,4730415807,FAIL,LESS HOUSEHOLD
SOY,BARSOMBE,MOTWOT,VICTOR,YES,PHILIP RUTO,4730415808,FAIL,LESS HOUSEHOLD
SOY,BARSOMBE,MOTWOT,VICTOR,YES,ELPHAS LAGAT,4730415809,FAIL,LESS HOUSEHOLD
SOY,BARSOMBE,MOTWOT,VICTOR,YES,SAMMY TIROP,4730415810,FAIL,LESS HOUSEHOLD
SOY,BARSOMBE,MOTWOT,VICTOR,YES,MICHAEL SISITION,4730415811,FAIL,LESS HOUSEHOLD
SOY,BARSOMBE,MOTWOT,VICTOR,YES,BARNABARS KIPTOO,4730415812,FAIL,NOT USED FOR DRINKING
SOY,BARSOMBE,CHEUKTA,VICTOR,YES,CHEUKTA,4730417001,FAIL,LESS HOUSEHOLD
SOY,BARSOMBE,CHEUKTA,VICTOR,YES,PETER KORIR,4730417002,PASS,
SOY,BARSOMBE,CHEUKTA,VICTOR,YES,MOSOMBER,4730417003,FAIL,LESS HOUSEHOLD
SOY,BARSOMBE,CHEUKTA,VICTOR,YES,AMOS,4730417004,FAIL,NOT USED FOR DRINKING
SOY,BARSOMBE,CHEUKTA,VICTOR,YES,CHEUKTA PRI.,4730417005,FAIL,LESS HOUSEHOLD
SOY,BARSOMBE,CHEUKTA,VICTOR,YES,CHEUKTA LITTLE ANGLES,4730417006,FAIL,LESS HOUSEHOLD
SOY,BARSOMBE,CHEUKTA,VICTOR,YES,ESTHER SITIENEI,4730417007,PASS,
SOY,BARSOMBE,CHEPTUNGENY,VICTOR,YES,BARSOMBE RIVER 1,4730417201,FAIL,TEA WITH MILK
SOY,BARSOMBE,CHEPTUNGENY,VICTOR,YES,BARSOMBE RIVER 2,4730417202,FAIL,TEA WITH MILK
SOY,BARSOMBE,CHEPTUNGENY,VICTOR,YES,BARSOMBE RIVER 3,4730417203,FAIL,TEA WITH MILK
SOY,BARSOMBE,CHEPTUNGENY,VICTOR,YES,BARSOMBER RIVER 4,4730417204,FAIL,TEA WITH MILK
SOY,BARSOMBE,CHEPTUNGENY,VICTOR,YES,BARSOMBER RIVER 5,4730417205,FAIL,TEA WITH MILK
SOY,BARSOMBE,CHEPTUNGENY,VICTOR,YES,BARSOMBER RIVER 6,4730417206,FAIL,TEA WITH MILK
SOY,BARSOMBE,BOMA,VICTOR,YES,RHODA LULISO,4730417701,FAIL,LESS HOUSEHOLD
SOY,BARSOMBE,BOMA,VICTOR,YES,CHRISTOPHER,4730417702,FAIL,NOT USED FOR DRINKING
SOY,BARSOMBE,BOMA,VICTOR,YES,LAURENCE MASWA,4730417703,FAIL,NOT USED FOR DRINKING
SOY,BARSOMBE,BOMA,VICTOR,YES,STEPHEN KETER,4730417704,FAIL,LESS HOUSEHOLD
SOY,BARSOMBE,BOMA,VICTOR,YES,FRANCIS RONO,4730417705,FAIL,NOT USED FOR DRINKING
SOY,BARSOMBE,BOMA,VICTOR,YES,TAUS SHIKALI,4730417706,FAIL,NOT USED FOR DRINKING
SOY,BARSOMBE,BOMA,VICTOR,YES,KIRUI,4730417707,FAIL,NOT USED FOR DRINKING
SOY,BARSOMBE,BOMA,VICTOR,YES,TECLA KORIR,4730417708,FAIL,NOT USED FOR DRINKING
SOY,BARSOMBE,BARSOMBE,VICTOR,YES,BARSOMBE RIVER,4730417901,FAIL,TEA WITH MILK
SOY,BARSOMBE,BARSOMBE,VICTOR,YES,AMOS AMAI,4730417903,FAIL,LESS HOUSEHOLD
SOY,BARSOMBE,BARSOMBE,VICTOR,YES,JOSEPH MENGICH,4730417904,PASS,
SOY,BARSOMBE,EMGWEN,VICTOR,YES,KAPTUITABA,4730416901,PASS,
SOY,BARSOMBE,EMGWEN,VICTOR,YES,BARSOMBE RIVER,4730416902,FAIL,TEA WITH MILK
SOY,BARSOMBE,EMGWEN,VICTOR,YES,TACHASIS,4730416903,FAIL,TEA WITH MILK
SOY,BARSOMBE,EMGWEN,VICTOR,YES,SHADRACK ROTICH,4730416904,FAIL,TEA WITH MILK
SOY,BARSOMBE,EMGWEN,VICTOR,YES,SUSAN SITIENEI,4730416905,FAIL,TEA WITH MILK
SOY,LOLKINYEI,CHEPKOIYO,ALICE,11-May,EZEKIEL MITEI,4736417301,PASS,
SOY,LOLKINYEI,CHEPKOIYO,ALICE,11-May,RICHARD KIPLAGAT,4736417302,FAIL,LESS HOUSEHOLD
SOY,LOLKINYEI,CHEPKOIYO,ALICE,11-May,HENRY KOGO,4736417303,FAIL,LESS HOUSEHOLD
SOY,LOLKINYEI,CHEPKOIYO,ALICE,11-May,KOSGEI SAMMY,4736417304,FAIL,LESS HOUSEHOLD
SOY,LOLKINYEI,CHEPKOIYO,ALICE,11-May,HENRY,4736417305,FAIL,LESS HOUSEHOLD
SOY,LOLKINYEI,CHEPKOIYO,ALICE,11-May,PATRICK MIBEI,4736417306,FAIL,LESS HOUSEHOLD
SOY,LOLKINYEI,CHEPKOIYO,ALICE,11-May,TERESIA NGENO,4736417307,FAIL,LESS HOUSEHOLD
SOY,LOLKINYEI,CHEPKOIYO,ALICE,11-May,REGINA KETER,4736417308,FAIL,LESS HOUSEHOLD
SOY,LOLKINYEI,CHEPKOIYO,ALICE,11-May,JOSEPH TANUI,4736417309,FAIL,LESS HOUSEHOLD
SOY,LOLKINYEI,CHEPKOIYO,ALICE,11-May,HELLEN MELI,4736417310,FAIL,LESS HOUSEHOLD
SOY,LOLKINYEI,NYALILLEY B,ALICE,11-May,ABRAHAM,4736417301,PASS,
SOY,LOLKINYEI,NYALILLEY B,ALICE,11-May,PAUL CHEPSIROR,4736415502,PASS,
SOY,LOLKINYEI,NYALILLEY B,ALICE,11-May,JOSHUA KIPCHIRCHIR,4736415503,FAIL,LESS HOUSEHOLD
SOY,LOLKINYEI,NYALILLEY B,ALICE,11-May,KAPCHEBUROT,4736415504,FAIL,LESS HOUSEHOLD
SOY,ZIWA,KERUBO,EVANS,11-May,ANTONY LAGAT,4744436001,FAIL,LESS HOUSEHOLD
SOY,ZIWA,KERUBO,EVANS,11-May,JOEL CHERUYOT,4744436002,FAIL,LESS HOUSEHOLD
SOY,ZIWA,KERUBO,EVANS,11-May,DOMINIC SAGE,4744436003,FAIL,LESS HOUSEHOLD
SOY,ZIWA,KERUBO,EVANS,11-May,DAUDI KEMBOI,4744436004,FAIL,LESS HOUSEHOLD
SOY,ZIWA,MOGOIWET,EVANS,11-May,ABEL,4744435601,FAIL,LESS HOUSEHOLD
SOY,ZIWA,MOGOIWET,EVANS,11-May,JONA MELI,4744435602,FAIL,LESS HOUSEHOLD
SOY,ZIWA,MOGOIYWET,EVANS,11-May,RICHARD BOREHOLE,4744435603,FAIL,LESS HOUSEHOLD
SOY,ZIWA,MOGOIWET,EVANS,11-May,KOGO BOREHOLE,4744435604,FAIL,NOT USED FOR DRINKING
SOY,ZIWA,MOGOIWET,EVANS,11-May,KIPKINYENY,4744435605,FAIL,LESS HOUSEHOLD
SOY,ZIWA,MOGOIWET,EVANS,11-May,SAWE BOREHOLE,4744435606,FAIL,LESS HOUSEHOLD
SOY,ZIWA,MOGOIWET,EVANS,11-May,MATUTU BOREHOLE,4744435607,FAIL,LESS HOUSEHOLD
SOY,ZIWA,MOGOIWET,EVANS,11-May,BUNEI BOREHOLE,4744435608,FAIL,LESS HOUSEHOLD
SOY,KONGASIS,TOLILET,JEMIMAH,11-May,KAPKOROTET BOREHOLE,4737415101,FAIL,TEA WITH MILK
SOY,KONGASIS,TOLILET,JEMIMAH,11-May,KAPLAITA,4737415102,FAIL,LESS HOUSEHOLD
SOY,KONGASIS,TOLILET,JEMIMAH,11-May,KAPCHEBII,4737415103,FAIL,TEA WITH MILK
SOY,KONGASIS,TOLILET,JEMIMAH,11-May,KAPTUMBO ELA,4737415104,FAIL,TEA WITH MILK
SOY,KONGASIS,TOLILET,JEMIMAH,11-May,TOLILET,4737415105,FAIL,TEA WITH MILK
SOY,KONGASIS,TOLILET,JEMIMAH,11-May,KAPMACHICHIM,4737415106,FAIL,TEA WITH MILK
SOY,KONGASIS,TOLILET,JEMIMAH,11-May,CHEWIRWIR 1,4737415107,FAIL,TEA WITH MILK
SOY,KONGASIS,TOLILET,JEMIMAH,11-May,CHEWIRWIR 2,4737415108,FAIL,TEA WITH MILK
SOY,KONGASIS,TOLILET,JEMIMAH,11-May,CHUMBA,4737415109,FAIL,LESS HOUSEHOLD
SOY,KONGASIS,TOLILET,JEMIMAH,11-May,KAPCHUMBA,4737415110,FAIL,LESS HOUSEHOLD
SOY,KONGASIS,TOLILET,JEMIMAH,11-May,KAPMOSI,4737415111,FAIL,TEA WITH MILK
SOY,KONGASIS,TOLILET,JEMIMAH,11-May,KAPKURGAT,4737415112,FAIL,TEA WITH MILK
SOY,KONGASIS,TOLILET,JEMIMAH,11-May,KAPTABSHARGAA,4737415113,FAIL,TEA WITH MILK
SOY,KAPNGETUNY,BAHARINI,MAUREEN,11-May,KAP SAMUEL KOGO,4739426301,FAIL,LESS HOUSEHOLD
SOY,KAPNGETUNY,BAHARINI,MAUREEN,11-May,KAP BENJAMIN,4739426302,PASS,
SOY,KAPNGETUNY,BAHARINI,MAUREEN,11-May,KAPKISIRKONG,4739426303,FAIL,NOT USED FOR DRINKING
SOY,KAPNGETUNY,BAHARINI,MAUREEN,11-May,KENNEDY TANUI,4739426304,FAIL,TEA WITH MILK
SOY,KAPNGETUNY,BAHARINI,MAUREEN,11-May,WILLIAM KIRUI,4739426305,FAIL,TEA WITH MILK
SOY,KAPNGETUNY,MOGOIWET,MAUREEN,11-May,ELISHA MUTAI,4739426401,FAIL,LESS HOUSEHOLD
SOY,KAPNGETUNY,MOGOIWET,MAUREEN,11-May,EVANS KOSGEI,4739426402,FAIL,LESS HOUSEHOLD
SOY,KAPNGETUNY,MOGOIWET,MAUREEN,11-May,PISILISA LAGAT,4739426403,FAIL,LESS HOUSEHOLD
SOY,KAPNGETUNY,MOGOIWET,MAUREEN,11-May,TIMON BARNO,4739426404,FAIL,LESS HOUSEHOLD
SOY,KAPNGETUNY,MOGOIWET,MAUREEN,11-May,JOSEPH KOSGEI,4739426405,FAIL,NOT USED FOR DRINKING
SOY,KAPNGETUNY,MOGOIWET,MAUREEN,11-May,HENRY KOSGEI,4739426406,FAIL,LESS HOUSEHOLD
SOY,KAPNGETUNY,MOGOIWET,MAUREEN,11-May,WILSON SEWE,4739426407,FAIL,NOT USED FOR DRINKING
SOY,KAPNGETUNY,MOGOIWET,MAUREEN,11-May,KIPLAGAT,4739426408,FAIL,LESS HOUSEHOLD
SOY,BARSOMBE,MOIBEN,VICTOR,11-May,MOIBEN,4730415902,FAIL,LESS HOUSEHOLD
SOY,BARSOMBE,KERUBO,VICTOR,11-May,MOIBEN KAPKATA,4730416601,FAIL,TEA WITH MILK
SOY,BARSOMBE,CHEPSIRIA,VICTOR,11-May,JOSEPH MAIYO,4730417301,FAIL,TEA WITH MILK
SOY,BARSOMBE,CHEPTUON,VICTOR,11-May,CHEBORORWA,4730417101,FAIL,TEA WITH MILK
SOY,BARSOMBE,TACHASIS,VICTOR,11-May,KAPSAGAL RIVER,4730415101,FAIL,TEA WITH MILK
SOY,BARSOMBE,TACHASIS,VICTOR,11-May,CHEBORORWA RIVER,4730415102,FAIL,TEA WITH MILK
SOY,BARSOMBE,KOKWET TRADING CENTRE,VICTOR,11-May,CHIBORORWA KAPALLOYS,4730416101,FAIL,TEA WITH MILK
SOY,,,,,,,,
SOY,,,,,,,,
SOY,,,,,,,,
SOY,,,,,,,,
SOY,,,,,,,,
SOY,,,,,,,,
SOY,,,,,,,,
SOY,,,,,,,,
SOY,,,,,,,,
SOY,,,,,,,,
SOY,,,,,,,,
SOY,,,,,,,,
SOY,,,,,,,,
SOY,,,,,,,,
SOY,,,,,,,,
SOY,,,,,,,,
SOY,,,,,,,,
SOY,,,,,,,,
SOY,,,,,,,,
SOY,,,,,,,,
SOY,,,,,,,,
SOY,,,,,,,,
SOY,,,,,,,,
SOY,,,,,,,,
SOY,,,,,,,,
SOY,,,,,,,,
SOY,,,,,,,,
SOY,,,,,,,,
SOY,,,,,,,,
SOY,,,,,,,,
SOY,,,,,,,,
SOY,,,,,,,,
SOY,,,,,,,,
SOY,,,,,,,,
SOY,,,,,,,,
SOY,,,,,,,,
SOY,,,,,,,,
SOY,,,,,,,,
SOY,,,,,,,,
SOY,,,,,,,,
SOY,,,,,,,,
SOY,,,,,,,,
SOY,,,,,,,,
SOY,,,,,,,,
SOY,,,,,,,,
SOY,,,,,,,,
SOY,,,,,,,,
SOY,,,,,,,,
SOY,,,,,,,,
SOY,,,,,,,,
SOY,,,,,,,,
SOY,,,,,,,,
SOY,,,,,,,,
SOY,,,,,,,,
SOY,,,,,,,,
SOY,,,,,,,,
SOY,,,,,,,,
SOY,,,,,,,,
SOY,,,,,,,,
SOY,,,,,,,,
SOY,,,,,,,,
SOY,,,,,,,,
SOY,,,,,,,,
SOY,,,,,,,,
SOY,,,,,,,,
SOY,,,,,,,,
SOY,,,,,,,,
SOY,,,,,,,,
SOY,,,,,,,,
SOY,,,,,,,,
SOY,,,,,,,,
SOY,,,,,,,,
SOY,,,,,,,,
SOY,,,,,,,,
SOY,,,,,,,,
,,,,,,,,
,,,,,,,,
,,,,,,,,
,,,,,,,,
,,,,,,,,
,,,,,,,,
,,,,,,,,
,,,,,,,,
,,,,,,,,
,,,,,,,,
,,,,,,,,
,,,,,,,,
,,,,,,,,
,,,,,,,,
,,,,,,,,
,,,,,,,,
,,,,,,,,
,,,,,,,,
,,,,,,,,
,,,,,,,,
,,,,,,,,
,,,,,,,,
,,,,,,,,
,,,,,,,,
,,,,,,,,
,,,,,,,,
,,,,,,,,
,,,,,,,,
,,,,,,,,
,,,,,,,,
,,,,,,,,
,,,,,,,,
,,,,,,,,
,,,,,,,,
,,,,,,,,
,,,,,,,,
,,,,,,,,
,,,,,,,,
,,,,,,,,
,,,,,,,,
,,,,,,,,
,,,,,,,,
,,,,,,,,
,,,,,,,,
,,,,,,,,
,,,,,,,,
,,,,,,,,
,,,,,,,,
,,,,,,,,
,,,,,,,,
,,,,,,,,
,,,,,,,,
,,,,,,,,
,,,,,,,,
,,,,,,,,
,,,,,,,,
,,,,,,,,
,,,,,,,,
,,,,,,,,
,,,,,,,,
,,,,,,,,
,,,,,,,,
,,,,,,,,
,,,,,,,,
,,,,,,,,
,,,,,,,,
,,,,,,,,
,,,,,,,,
,,,,,,,,
,,,,,,,,
,,,,,,,,
,,,,,,,,
,,,,,,,,
,,,,,,,,
,,,,,,,,
,,,,,,,,
,,,,,,,,
,,,,,,,,
,,,,,,,,
,,,,,,,,
,,,,,,,,
,,,,,,,,
,,,,,,,,
,,,,,,,,
,,,,,,,,
,,,,,,,,
,,,,,,,,
,,,,,,,,
,,,,,,,,
,,,,,,,,
,,,,,,,,
,,,,,,,,
,,,,,,,,
,,,,,,,,
,,,,,,,,
,,,,,,,,
,,,,,,,,
,,,,,,,,
,,,,,,,,
,,,,,,,,
,,,,,,,,
,,,,,,,,
,,,,,,,,
,,,,,,,,
,,,,,,,,
,,,,,,,,
,,,,,,,,
,,,,,,,,
,,,,,,,,
,,,,,,,,
,,,,,,,,
,,,,,,,,
,,,,,,,,
,,,,,,,,
,,,,,,,,
,,,,,,,,
,,,,,,,,
,,,,,,,,
,,,,,,,,
,,,,,,,,
,,,,,,,,
,,,,,,,,
,,,,,,,,
,,,,,,,,
,,,,,,,,
,,,,,,,,
,,,,,,,,
,,,,,,,,
,,,,,,,,
,,,,,,,,
,,,,,,,,
,,,,,,,,
,,,,,,,,
,,,,,,,,
,,,,,,,,
,,,,,,,,
,,,,,,,,
,,,,,,,,
,,,,,,,,
,,,,,,,,
,,,,,,,,
,,,,,,,,
,,,,,,,,
,,,,,,,,
,,,,,,,,
,,,,,,,,
,,,,,,,,
,,,,,,,,
,,,,,,,,
,,,,,,,,
,,,,,,,,
,,,,,,,,
,,,,,,,,
,,,,,,,,
,,,,,,,,
,,,,,,,,
,,,,,,,,
,,,,,,,,
,,,,,,,,
,,,,,,,,
,,,,,,,,
,,,,,,,,
,,,,,,,,
,,,,,,,,
,,,,,,,,
,,,,,,,,
,,,,,,,,
,,,,,,,,
,,,,,,,,
,,,,,,,,
,,,,,,,,
,,,,,,,,
,,,,,,,,
,,,,,,,,
,,,,,,,,
,,,,,,,,
,,,,,,,,
,,,,,,,,
,,,,,,,,
,,,,,,,,
,,,,,,,,
,,,,,,,,
,,,,,,,,
,,,,,,,,
,,,,,,,,
,,,,,,,,
,,,,,,,,
,,,,,,,,
,,,,,,,,
,,,,,,,,
,,,,,,,,
,,,,,,,,
,,,,,,,,
,,,,,,,,
,,,,,,,,
,,,,,,,,
,,,,,,,,
,,,,,,,,
,,,,,,,,
,,,,,,,,
,,,,,,,,
,,,,,,,,
,,,,,,,,
,,,,,,,,
,,,,,,,,
,,,,,,,,
,,,,,,,,
,,,,,,,,
,,,,,,,,
,,,,,,,,
,,,,,,,,
,,,,,,,,
,,,,,,,,
,,,,,,,,
,,,,,,,,
,,,,,,,,
,,,,,,,,
,,,,,,,,
,,,,,,,,
,,,,,,,,
,,,,,,,,
,,,,,,,,
,,,,,,,,
,,,,,,,,
,,,,,,,,
,,,,,,,,
,,,,,,,,
,,,,,,,,
,,,,,,,,
,,,,,,,,
,,,,,,,,
,,,,,,,,
,,,,,,,,
,,,,,,,,
,,,,,,,,
,,,,,,,,
,,,,,,,,
,,,,,,,,
,,,,,,,,
,,,,,,,,
,,,,,,,,
,,,,,,,,
,,,,,,,,
,,,,,,,,
,,,,,,,,
,,,,,,,,
,,,,,,,,
,,,,,,,,
,,,,,,,,
,,,,,,,,
,,,,,,,,
,,,,,,,,
,,,,,,,,
,,,,,,,,
,,,,,,,,
,,,,,,,,
,,,,,,,,
,,,,,,,,
,,,,,,,,
,,,,,,,,
,,,,,,,,
,,,,,,,,
,,,,,,,,
,,,,,,,,
,,,,,,,,
,,,,,,,,
,,,,,,,,
,,,,,,,,
,,,,,,,,
,,,,,,,,
,,,,,,,,
,,,,,,,,
,,,,,,,,
,,,,,,,,
,,,,,,,,
,,,,,,,,
,,,,,,,,
,,,,,,,,
,,,,,,,,
,,,,,,,,
,,,,,,,,
,,,,,,,,
,,,,,,,,
,,,,,,,,
,,,,,,,,
,,,,,,,,
,,,,,,,,
,,,,,,,,
,,,,,,,,
,,,,,,,,
,,,,,,,,
,,,,,,,,
,,,,,,,,
,,,,,,,,
,,,,,,,,
,,,,,,,,
,,,,,,,,
,,,,,,,,
,,,,,,,,
,,,,,,,,
,,,,,,,,
,,,,,,,,
,,,,,,,,
,,,,,,,,
,,,,,,,,
,,,,,,,,
,,,,,,,,
,,,,,,,,
,,,,,,,,
,,,,,,,,
,,,,,,,,
,,,,,,,,
,,,,,,,,
,,,,,,,,
,,,,,,,,
,,,,,,,,
,,,,,,,,
,,,,,,,,
,,,,,,,,
,,,,,,,,
,,,,,,,,
,,,,,,,,
,,,,,,,,
,,,,,,,,
,,,,,,,,
,,,,,,,,
,,,,,,,,
,,,,,,,,
,,,,,,,,
,,,,,,,,
,,,,,,,,
,,,,,,,,
,,,,,,,,
,,,,,,,,
,,,,,,,,
,,,,,,,,
,,,,,,,,
,,,,,,,,
,,,,,,,,
,,,,,,,,
,,,,,,,,
,,,,,,,,
,,,,,,,,
,,,,,,,,
,,,,,,,,
,,,,,,,,
,,,,,,,,
,,,,,,,,
,,,,,,,,
,,,,,,,,
,,,,,,,,
,,,,,,,,
,,,,,,,,
,,,,,,,,
,,,,,,,,
,,,,,,,,
,,,,,,,,
,,,,,,,,
,,,,,,,,
,,,,,,,,
,,,,,,,,
,,,,,,,,
,,,,,,,,
,,,,,,,,
,,,,,,,,
,,,,,,,,
,,,,,,,,
,,,,,,,,
,,,,,,,,
,,,,,,,,
,,,,,,,,
,,,,,,,,
,,,,,,,,
,,,,,,,,
,,,,,,,,
,,,,,,,,
,,,,,,,,
,,,,,,,,
,,,,,,,,
,,,,,,,,
,,,,,,,,
,,,,,,,,
,,,,,,,,
,,,,,,,,
,,,,,,,,
,,,,,,,,
,,,,,,,,
,,,,,,,,
,,,,,,,,
,,,,,,,,
,,,,,,,,
,,,,,,,,
,,,,,,,,
,,,,,,,,
,,,,,,,,
,,,,,,,,
,,,,,,,,
,,,,,,,,
,,,,,,,,
,,,,,,,,
,,,,,,,,
,,,,,,,,
,,,,,,,,
,,,,,,,,
,,,,,,,,
,,,,,,,,
,,,,,,,,
,,,,,,,,
,,,,,,,,
,,,,,,,,
,,,,,,,,
,,,,,,,,
,,,,,,,,
,,,,,,,,
,,,,,,,,
,,,,,,,,
,,,,,,,,
,,,,,,,,
,,,,,,,,
,,,,,,,,
,,,,,,,,
,,,,,,,,
,,,,,,,,
,,,,,,,,
,,,,,,,,
,,,,,,,,
,,,,,,,,
,,,,,,,,
,,,,,,,,
,,,,,,,,
,,,,,,,,
,,,,,,,,
,,,,,,,,
,,,,,,,,
,,,,,,,,
,,,,,,,,
,,,,,,,,
,,,,,,,,
,,,,,,,,
,,,,,,,,
,,,,,,,,
,,,,,,,,
,,,,,,,,
,,,,,,,,
,,,,,,,,
,,,,,,,,
,,,,,,,,
,,,,,,,,
,,,,,,,,
,,,,,,,,
,,,,,,,,
,,,,,,,,
,,,,,,,,
,,,,,,,,
,,,,,,,,
,,,,,,,,
,,,,,,,,
,,,,,,,,
,,,,,,,,
,,,,,,,,
,,,,,,,,
,,,,,,,,
,,,,,,,,
,,,,,,,,
,,,,,,,,
,,,,,,,,
,,,,,,,,
,,,,,,,,
,,,,,,,,
,,,,,,,,
,,,,,,,,
,,,,,,,,
,,,,,,,,
,,,,,,,,
,,,,,,,,
,,,,,,,,
,,,,,,,,
,,,,,,,,
,,,,,,,,
,,,,,,,,
,,,,,,,,
,,,,,,,,
,,,,,,,,
,,,,,,,,
,,,,,,,,
,,,,,,,,
,,,,,,,,
,,,,,,,,
,,,,,,,,
,,,,,,,,
,,,,,,,,
,,,,,,,,
,,,,,,,,
,,,,,,,,
,,,,,,,,
,,,,,,,,
,,,,,,,,
,,,,,,,,
,,,,,,,,
,,,,,,,,
,,,,,,,,
,,,,,,,,
,,,,,,,,
,,,,,,,,
,,,,,,,,
,,,,,,,,
,,,,,,,,
,,,,,,,,
,,,,,,,,
,,,,,,,,
,,,,,,,,
,,,,,,,,
,,,,,,,,
,,,,,,,,
,,,,,,,,
,,,,,,,,
,,,,,,,,
,,,,,,,,
,,,,,,,,
,,,,,,,,
,,,,,,,,
,,,,,,,,
,,,,,,,,
,,,,,,,,
,,,,,,,,
,,,,,,,,
,,,,,,,,
,,,,,,,,
,,,,,,,,
,,,,,,,,
,,,,,,,,
,,,,,,,,
,,,,,,,,
,,,,,,,,
,,,,,,,,
,,,,,,,,
,,,,,,,,
,,,,,,,,
,,,,,,,,
,,,,,,,,
,,,,,,,,
,,,,,,,,
,,,,,,,,
,,,,,,,,
,,,,,,,,
,,,,,,,,
,,,,,,,,
,,,,,,,,
,,,,,,,,
,,,,,,,,
,,,,,,,,
,,,,,,,,
,,,,,,,,
,,,,,,,,
,,,,,,,,
,,,,,,,,
,,,,,,,,
,,,,,,,,
,,,,,,,,
,,,,,,,,
,,,,,,,,
,,,,,,,,
,,,,,,,,
,,,,,,,,
,,,,,,,,
,,,,,,,,
,,,,,,,,
,,,,,,,,
,,,,,,,,
,,,,,,,,
,,,,,,,,
,,,,,,,,
,,,,,,,,
,,,,,,,,
,,,,,,,,
,,,,,,,,
,,,,,,,,
,,,,,,,,
,,,,,,,,
,,,,,,,,
,,,,,,,,
,,,,,,,,
,,,,,,,,
,,,,,,,,
,,,,,,,,
,,,,,,,,
,,,,,,,,
,,,,,,,,
,,,,,,,,
,,,,,,,,
,,,,,,,,
,,,,,,,,
,,,,,,,,
,,,,,,,,
,,,,,,,,
,,,,,,,,
,,,,,,,,
,,,,,,,,
,,,,,,,,
,,,,,,,,
,,,,,,,,
,,,,,,,,
,,,,,,,,
,,,,,,,,
,,,,,,,,
,,,,,,,,
,,,,,,,,
,,,,,,,,
,,,,,,,,
,,,,,,,,
,,,,,,,,
,,,,,,,,
,,,,,,,,
,,,,,,,,
,,,,,,,,
,,,,,,,,
,,,,,,,,
,,,,,,,,
,,,,,,,,
,,,,,,,,
,,,,,,,,
,,,,,,,,
,,,,,,,,
,,,,,,,,
,,,,,,,,
,,,,,,,,
,,,,,,,,
,,,,,,,,
,,,,,,,,
,,,,,,,,
,,,,,,,,
,,,,,,,,
,,,,,,,,
,,,,,,,,
,,,,,,,,
,,,,,,,,
,,,,,,,,
,,,,,,,,
,,,,,,,,
,,,,,,,,
,,,,,,,,
,,,,,,,,
,,,,,,,,
,,,,,,,,
,,,,,,,,
,,,,,,,,
,,,,,,,,
,,,,,,,,
,,,,,,,,
,,,,,,,,
,,,,,,,,
,,,,,,,,
,,,,,,,,
,,,,,,,,
,,,,,,,,
,,,,,,,,
,,,,,,,,
,,,,,,,,
,,,,,,,,
,,,,,,,,
,,,,,,,,
,,,,,,,,
,,,,,,,,
,,,,,,,,
,,,,,,,,
,,,,,,,,
,,,,,,,,
,,,,,,,,
,,,,,,,,
,,,,,,,,
,,,,,,,,
,,,,,,,,
,,,,,,,,
,,,,,,,,
,,,,,,,,
,,,,,,,,
,,,,,,,,
,,,,,,,,
,,,,,,,,
,,,,,,,,
,,,,,,,,
,,,,,,,,
,,,,,,,,
,,,,,,,,
,,,,,,,,
,,,,,,,,
,,,,,,,,
,,,,,,,,
,,,,,,,,
,,,,,,,,
,,,,,,,,
,,,,,,,,
,,,,,,,,
,,,,,,,,
,,,,,,,,
,,,,,,,,
,,,,,,,,
,,,,,,,,
,,,,,,,,
,,,,,,,,
,,,,,,,,
,,,,,,,,
,,,,,,,,
,,,,,,,,
,,,,,,,,
,,,,,,,,
,,,,,,,,
,,,,,,,,
,,,,,,,,
,,,,,,,,
,,,,,,,,
,,,,,,,,
,,,,,,,,
,,,,,,,,
,,,,,,,,
,,,,,,,,
,,,,,,,,
,,,,,,,,
,,,,,,,,
,,,,,,,,
,,,,,,,,
,,,,,,,,
,,,,,,,,
,,,,,,,,
,,,,,,,,
,,,,,,,,
,,,,,,,,
,,,,,,,,
,,,,,,,,
,,,,,,,,
,,,,,,,,
,,,,,,,,
,,,,,,,,
,,,,,,,,
,,,,,,,,
,,,,,,,,
,,,,,,,,
,,,,,,,,
,,,,,,,,
,,,,,,,,
,,,,,,,,
,,,,,,,,
,,,,,,,,
,,,,,,,,
,,,,,,,,
,,,,,,,,
,,,,,,,,
,,,,,,,,
,,,,,,,,
,,,,,,,,
,,,,,,,,
,,,,,,,,
,,,,,,,,
,,,,,,,,
,,,,,,,,
,,,,,,,,
,,,,,,,,
,,,,,,,,
,,,,,,,,
,,,,,,,,
,,,,,,,,
,,,,,,,,
,,,,,,,,
,,,,,,,,
,,,,,,,,
,,,,,,,,
,,,,,,,,
,,,,,,,,
,,,,,,,,
,,,,,,,,
,,,,,,,,
,,,,,,,,
,,,,,,,,
,,,,,,,,
,,,,,,,,
,,,,,,,,
,,,,,,,,
,,,,,,,,
,,,,,,,,
,,,,,,,,
,,,,,,,,
,,,,,,,,
,,,,,,,,
,,,,,,,,
,,,,,,,,
,,,,,,,,
,,,,,,,,
,,,,,,,,
,,,,,,,,
,,,,,,,,
,,,,,,,,
,,,,,,,,
,,,,,,,,
,,,,,,,,
,,,,,,,,
,,,,,,,,
,,,,,,,,
,,,,,,,,
,,,,,,,,
,,,,,,,,
,,,,,,,,
,,,,,,,,
,,,,,,,,
,,,,,,,,
,,,,,,,,
,,,,,,,,
,,,,,,,,
,,,,,,,,
,,,,,,,,
,,,,,,,,
,,,,,,,,
,,,,,,,,
,,,,,,,,
,,,,,,,,
,,,,,,,,
,,,,,,,,
,,,,,,,,
,,,,,,,,
,,,,,,,,
,,,,,,,,
,,,,,,,,
,,,,,,,,
,,,,,,,,
,,,,,,,,
,,,,,,,,
,,,,,,,,
,,,,,,,,
,,,,,,,,
,,,,,,,,
,,,,,,,,
,,,,,,,,
,,,,,,,,
,,,,,,,,
,,,,,,,,
,,,,,,,,
,,,,,,,,
,,,,,,,,
,,,,,,,,
,,,,,,,,
,,,,,,,,
,,,,,,,,
,,,,,,,,
,,,,,,,,
,,,,,,,,
,,,,,,,,
,,,,,,,,
,,,,,,,,
,,,,,,,,
,,,,,,,,
,,,,,,,,
,,,,,,,,
,,,,,,,,
,,,,,,,,
,,,,,,,,
,,,,,,,,
,,,,,,,,
,,,,,,,,
,,,,,,,,
,,,,,,,,
,,,,,,,,
,,,,,,,,
,,,,,,,,
,,,,,,,,
,,,,,,,,
,,,,,,,,
,,,,,,,,
,,,,,,,,
,,,,,,,,
,,,,,,,,
,,,,,,,,
,,,,,,,,
,,,,,,,,
,,,,,,,,
,,,,,,,,
,,,,,,,,
,,,,,,,,
,,,,,,,,
,,,,,,,,
,,,,,,,,
,,,,,,,,
,,,,,,,,
,,,,,,,,
,,,,,,,,
,,,,,,,,
,,,,,,,,
,,,,,,,,
,,,,,,,,
,,,,,,,,
,,,,,,,,
,,,,,,,,
,,,,,,,,
,,,,,,,,
,,,,,,,,
,,,,,,,,
,,,,,,,,
,,,,,,,,
,,,,,,,,
,,,,,,,,
,,,,,,,,
,,,,,,,,
,,,,,,,,
,,,,,,,,
,,,,,,,,
,,,,,,,,
,,,,,,,,
,,,,,,,,
,,,,,,,,
,,,,,,,,
,,,,,,,,
,,,,,,,,
,,,,,,,,
,,,,,,,,
,,,,,,,,
,,,,,,,,
,,,,,,,,
,,,,,,,,
,,,,,,,,
,,,,,,,,
,,,,,,,,
,,,,,,,,
,,,,,,,,
,,,,,,,,
,,,,,,,,
,,,,,,,,
,,,,,,,,
,,,,,,,,
,,,,,,,,
,,,,,,,,
,,,,,,,,
,,,,,,,,
,,,,,,,,
,,,,,,,,
,,,,,,,,
,,,,,,,,
,,,,,,,,
,,,,,,,,
,,,,,,,,
,,,,,,,,
,,,,,,,,
,,,,,,,,
,,,,,,,,
,,,,,,,,
,,,,,,,,
,,,,,,,,
,,,,,,,,
,,,,,,,,
,,,,,,,,
,,,,,,,,
,,,,,,,,
,,,,,,,,
,,,,,,,,
,,,,,,,,
,,,,,,,,
,,,,,,,,
,,,,,,,,
,,,,,,,,
,,,,,,,,
,,,,,,,,
,,,,,,,,
,,,,,,,,
,,,,,,,,
,,,,,,,,
,,,,,,,,
,,,,,,,,
,,,,,,,,
,,,,,,,,
,,,,,,,,
,,,,,,,,
,,,,,,,,
,,,,,,,,
,,,,,,,,
,,,,,,,,
,,,,,,,,
,,,,,,,,
,,,,,,,,
,,,,,,,,
,,,,,,,,
,,,,,,,,
,,,,,,,,
,,,,,,,,
,,,,,,,,
,,,,,,,,
,,,,,,,,
,,,,,,,,
,,,,,,,,
,,,,,,,,
,,,,,,,,
,,,,,,,,
,,,,,,,,
,,,,,,,,
,,,,,,,,
,,,,,,,,
,,,,,,,,
,,,,,,,,
,,,,,,,,
,,,,,,,,
,,,,,,,,
,,,,,,,,
,,,,,,,,
,,,,,,,,
,,,,,,,,
,,,,,,,,
,,,,,,,,
,,,,,,,,
,,,,,,,,
,,,,,,,,
,,,,,,,,
,,,,,,,,
,,,,,,,,
,,,,,,,,
,,,,,,,,
,,,,,,,,
,,,,,,,,
,,,,,,,,
,,,,,,,,
,,,,,,,,
,,,,,,,,
,,,,,,,,
,,,,,,,,
,,,,,,,,
,,,,,,,,
,,,,,,,,
,,,,,,,,
,,,,,,,,
,,,,,,,,
,,,,,,,,
,,,,,,,,
,,,,,,,,
,,,,,,,,
,,,,,,,,
,,,,,,,,
,,,,,,,,
,,,,,,,,
,,,,,,,,
,,,,,,,,
,,,,,,,,
,,,,,,,,
,,,,,,,,
,,,,,,,,
,,,,,,,,
,,,,,,,,
,,,,,,,,
,,,,,,,,
,,,,,,,,
,,,,,,,,
,,,,,,,,
,,,,,,,,
,,,,,,,,
,,,,,,,,
,,,,,,,,
,,,,,,,,
,,,,,,,,
,,,,,,,,
,,,,,,,,
,,,,,,,,
,,,,,,,,
,,,,,,,,
,,,,,,,,
,,,,,,,,
,,,,,,,,
,,,,,,,,
,,,,,,,,
,,,,,,,,
,,,,,,,,
,,,,,,,,
,,,,,,,,
,,,,,,,,
,,,,,,,,
,,,,,,,,
,,,,,,,,
,,,,,,,,
,,,,,,,,
,,,,,,,,
,,,,,,,,
,,,,,,,,
,,,,,,,,
,,,,,,,,
,,,,,,,,
,,,,,,,,
,,,,,,,,
,,,,,,,,
,,,,,,,,
,,,,,,,,
,,,,,,,,
,,,,,,,,
,,,,,,,,
,,,,,,,,
,,,,,,,,
,,,,,,,,
,,,,,,,,
,,,,,,,,
,,,,,,,,
,,,,,,,,
,,,,,,,,
,,,,,,,,
,,,,,,,,
,,,,,,,,
,,,,,,,,
,,,,,,,,
,,,,,,,,
,,,,,,,,
,,,,,,,,
,,,,,,,,
,,,,,,,,
,,,,,,,,
,,,,,,,,
,,,,,,,,
,,,,,,,,
,,,,,,,,
,,,,,,,,
,,,,,,,,
,,,,,,,,
,,,,,,,,
,,,,,,,,
,,,,,,,,
,,,,,,,,
,,,,,,,,
,,,,,,,,
,,,,,,,,
,,,,,,,,
,,,,,,,,
,,,,,,,,
,,,,,,,,
,,,,,,,,
,,,,,,,,
,,,,,,,,
,,,,,,,,
,,,,,,,,
,,,,,,,,
,,,,,,,,
,,,,,,,,
,,,,,,,,
,,,,,,,,
,,,,,,,,
,,,,,,,,
,,,,,,,,
,,,,,,,,
,,,,,,,,
,,,,,,,,
,,,,,,,,
,,,,,,,,
,,,,,,,,
,,,,,,,,
,,,,,,,,
,,,,,,,,
,,,,,,,,
,,,,,,,,
,,,,,,,,
,,,,,,,,
,,,,,,,,
,,,,,,,,
,,,,,,,,
,,,,,,,,
,,,,,,,,
,,,,,,,,
,,,,,,,,
