COUNTY,SUB-COUNTY,DIVISION,LOCATION,SUB-LOCATION,VILLAGE
BUNGOMA,TONGAREN,CENTRAL,MBAKALO,MBAKALO,TOWNSHIP
BUNGOMA,TONGAREN,CENTRAL,MBAKALO,MBAKALO,SOTENI
BUNGOMA,TONGAREN,CENTRAL,MBAKALO,MBAKALO,LWANDA
BUNGOMA,TONGAREN,CENTRAL,MBAKALO,MBAKALO,SIKULU
BUNGOMA,TONGAREN,CENTRAL,MBAKALO,MBAKALO,MAKHONGE
BUNGOMA,TONGAREN,CENTRAL,MBAKALO,MBAKALO,SAMAKI
BUNGOMA,TONGAREN,CENTRAL,MBAKALO,MBAKALO,RURAL
BUNGOMA,TONGAREN,CENTRAL,MBAKALO,MBAKALO,SIPANDA
BUNGOMA,TONGAREN,CENTRAL,MBAKALO,MBAKALO,MAKUTANO
BUNGOMA,TONGAREN,CENTRAL,MBAKALO,MBAKALO,SANGO
BUNGOMA,TONGAREN,CENTRAL,MBAKALO,MBAKALO,MUTEREMKO
BUNGOMA,TONGAREN,CENTRAL,MBAKALO,MBAKALO,BWAYI
BUNGOMA,TONGAREN,CENTRAL,MBAKALO,MBAKALO,SILONYO
BUNGOMA,TONGAREN,CENTRAL,MBAKALO,MBAKALO,NYANYA
BUNGOMA,TONGAREN,CENTRAL,MBAKALO,MBAKALO,NANDOROBO
BUNGOMA,TONGAREN,CENTRAL,MBAKALO,MBAKALO,KANANANCHI
BUNGOMA,TONGAREN,CENTRAL,MBAKALO,MBAKALO,MULEMBE
BUNGOMA,TONGAREN,CENTRAL,MBAKALO,MBAKALO,KAHAWA
BUNGOMA,TONGAREN,CENTRAL,MBAKALO,MBAKALO,LUMUKILA
BUNGOMA,TONGAREN,CENTRAL,MBAKALO,MBAKALO,MPAKANI
BUNGOMA,TONGAREN,CENTRAL,MBAKALO,MBAKALO,SIRENDE
BUNGOMA,TONGAREN,CENTRAL,MBAKALO,MBAKALO,DARAJA MOJA
BUNGOMA,TONGAREN,CENTRAL,MBAKALO,KARIMA,TOWNSHIP
BUNGOMA,TONGAREN,CENTRAL,MBAKALO,KARIMA,MUKHUYU
BUNGOMA,TONGAREN,CENTRAL,MBAKALO,KARIMA,CATTLE DIP
BUNGOMA,TONGAREN,CENTRAL,MBAKALO,KARIMA,MATISI
BUNGOMA,TONGAREN,CENTRAL,MBAKALO,KARIMA,NABISWA
BUNGOMA,TONGAREN,CENTRAL,MBAKALO,KARIMA,MUNG'ANG'A
BUNGOMA,TONGAREN,CENTRAL,MBAKALO,KARIMA,MAKO
BUNGOMA,TONGAREN,CENTRAL,MBAKALO,KARIMA,MUMBOKA
BUNGOMA,TONGAREN,CENTRAL,MBAKALO,KARIMA,MUNYALI
BUNGOMA,TONGAREN,CENTRAL,MBAKALO,KARIMA,LUSOKHO
BUNGOMA,TONGAREN,CENTRAL,MBAKALO,KARIMA,MAKHENDU
BUNGOMA,TONGAREN,CENTRAL,MBAKALO,KARIMA,SIBAKALA
BUNGOMA,TONGAREN,CENTRAL,MBAKALO,KARIMA,KINYI KEU
BUNGOMA,TONGAREN,CENTRAL,MBAKALO,KARIMA,KARIMA
BUNGOMA,TONGAREN,CENTRAL,MBAKALO,KARIMA,AMANI
BUNGOMA,TONGAREN,CENTRAL,MBAKALO,KARIMA,NANG'ENI
BUNGOMA,TONGAREN,CENTRAL,MBAKALO,KARIMA,MWEMBE
BUNGOMA,TONGAREN,CENTRAL,MBAKALO,KARIMA,KIKWAMETI
BUNGOMA,TONGAREN,CENTRAL,MBAKALO,KARIMA,MUUNGANO
BUNGOMA,TONGAREN,CENTRAL,MBAKALO,KARIMA,MAKUNYA
BUNGOMA,TONGAREN,CENTRAL,MBAKALO,KARIMA,MARRUM
BUNGOMA,TONGAREN,CENTRAL,MBAKALO,KARIMA,SIBEMBE
BUNGOMA,TONGAREN,CENTRAL,NAITIRI,NAITIRI,MATISI
BUNGOMA,TONGAREN,CENTRAL,NAITIRI,NAITIRI,RONGORO A
BUNGOMA,TONGAREN,CENTRAL,NAITIRI,NAITIRI,RONGORO B
BUNGOMA,TONGAREN,CENTRAL,NAITIRI,NAITIRI,NABWELA
BUNGOMA,TONGAREN,CENTRAL,NAITIRI,NAITIRI,NAMANJALALA A
BUNGOMA,TONGAREN,CENTRAL,NAITIRI,NAITIRI,NAMANJALALA B
BUNGOMA,TONGAREN,CENTRAL,NAITIRI,NAITIRI,LUNGAI-MWAKA A
BUNGOMA,TONGAREN,CENTRAL,NAITIRI,NAITIRI,LUNGAI-MWAKA B
BUNGOMA,TONGAREN,CENTRAL,NAITIRI,NAITIRI,LUNGAI-MWAKA C
BUNGOMA,TONGAREN,CENTRAL,NAITIRI,NAITIRI,LUNGAI A
BUNGOMA,TONGAREN,CENTRAL,NAITIRI,NAITIRI,LUNGAI B
BUNGOMA,TONGAREN,CENTRAL,NAITIRI,NAITIRI,LUNGAI C
BUNGOMA,TONGAREN,CENTRAL,NAITIRI,NAITIRI,LUNGAI MARKET
BUNGOMA,TONGAREN,CENTRAL,NAITIRI,NAITIRI,MACHAKA A
BUNGOMA,TONGAREN,CENTRAL,NAITIRI,NAITIRI,MACHAKA B
BUNGOMA,TONGAREN,CENTRAL,NAITIRI,NAITIRI,MACHAKA C
BUNGOMA,TONGAREN,CENTRAL,NAITIRI,NAITIRI,LUMBOKA
BUNGOMA,TONGAREN,CENTRAL,NAITIRI,NAITIRI,KEWA A
BUNGOMA,TONGAREN,CENTRAL,NAITIRI,NAITIRI,KEWA B
BUNGOMA,TONGAREN,CENTRAL,NAITIRI,NAITIRI,BILAHA A
BUNGOMA,TONGAREN,CENTRAL,NAITIRI,NAITIRI,BILAHA B
BUNGOMA,TONGAREN,CENTRAL,NAITIRI,NAITIRI,SIANGALAMWE
BUNGOMA,TONGAREN,CENTRAL,NAITIRI,NAITIRI,WABUKHALA
BUNGOMA,TONGAREN,CENTRAL,NAITIRI,MAKHANGA,SIRENDE
BUNGOMA,TONGAREN,CENTRAL,NAITIRI,MAKHANGA,KOMBI
BUNGOMA,TONGAREN,CENTRAL,NAITIRI,MAKHANGA,MTONGWE
BUNGOMA,TONGAREN,CENTRAL,NAITIRI,MAKHANGA,SIBALE
BUNGOMA,TONGAREN,CENTRAL,NAITIRI,MAKHANGA,SANGO A
BUNGOMA,TONGAREN,CENTRAL,NAITIRI,MAKHANGA,SANGO B
BUNGOMA,TONGAREN,CENTRAL,NAITIRI,MAKHANGA,SANGO C
BUNGOMA,TONGAREN,CENTRAL,NAITIRI,MAKHANGA,MAKANGA MARKET
BUNGOMA,TONGAREN,CENTRAL,NAITIRI,MAKHANGA,MAKANGA A
BUNGOMA,TONGAREN,CENTRAL,NAITIRI,MAKHANGA,MAKANGA B
BUNGOMA,TONGAREN,CENTRAL,NAITIRI,MAKHANGA,MACADEMIA
BUNGOMA,TONGAREN,CENTRAL,NAITIRI,MAKHANGA,WABUKONYI AREA
BUNGOMA,TONGAREN,CENTRAL,NAITIRI,MAKHANGA,WABUKONYI MARKET
BUNGOMA,TONGAREN,CENTRAL,NAITIRI,MAKHANGA,SHIHILILA A
BUNGOMA,TONGAREN,CENTRAL,NAITIRI,MAKHANGA,SHIHILILA B
BUNGOMA,TONGAREN,CENTRAL,NAITIRI,MAKHANGA,NAKOBA A
BUNGOMA,TONGAREN,CENTRAL,NAITIRI,MAKHANGA,NAKOBA B
BUNGOMA,TONGAREN,CENTRAL,NAITIRI,MAKHANGA,MASA
BUNGOMA,TONGAREN,CENTRAL,NAITIRI,MAKHANGA,NASINYAMA
BUNGOMA,TONGAREN,CENTRAL,NAITIRI,MAKHANGA,SINOKO A
BUNGOMA,TONGAREN,CENTRAL,NAITIRI,MAKHANGA,SINOKO B
BUNGOMA,TONGAREN,CENTRAL,NAITIRI,MAKHANGA,LUMBOKA A
BUNGOMA,TONGAREN,CENTRAL,NAITIRI,MAKHANGA,LUMBOKA B
BUNGOMA,TONGAREN,CENTRAL,MUKUYUNI,MUKUYUNI,MUKHUYU RURAL
BUNGOMA,TONGAREN,CENTRAL,MUKUYUNI,MUKUYUNI,NJETE
BUNGOMA,TONGAREN,CENTRAL,MUKUYUNI,MUKUYUNI,MAKUTANO
BUNGOMA,TONGAREN,CENTRAL,MUKUYUNI,MUKUYUNI,LONDO
BUNGOMA,TONGAREN,CENTRAL,MUKUYUNI,MUKUYUNI,MUKHUYU  
BUNGOMA,TONGAREN,CENTRAL,MUKUYUNI,MUKUYUNI,LAINI MOJA A
BUNGOMA,TONGAREN,CENTRAL,MUKUYUNI,MUKUYUNI,LAINI MOJA B
BUNGOMA,TONGAREN,CENTRAL,MUKUYUNI,MUKUYUNI,SANGO
BUNGOMA,TONGAREN,CENTRAL,MUKUYUNI,MUKUYUNI,BILIBILI A 
BUNGOMA,TONGAREN,CENTRAL,MUKUYUNI,MUKUYUNI,BILIBILI B
BUNGOMA,TONGAREN,CENTRAL,MUKUYUNI,MUKUYUNI,BILIBILI C
BUNGOMA,TONGAREN,CENTRAL,MUKUYUNI,MUKUYUNI,BILIBILI D
BUNGOMA,TONGAREN,CENTRAL,MUKUYUNI,MUKUYUNI,MIYUKE
BUNGOMA,TONGAREN,CENTRAL,MUKUYUNI,MUKUYUNI,SINOKO
BUNGOMA,TONGAREN,CENTRAL,MUKUYUNI,MUKUYUNI,MULEMBE
BUNGOMA,TONGAREN,CENTRAL,MUKUYUNI,MUKUYUNI,MFUPI
BUNGOMA,TONGAREN,CENTRAL,MUKUYUNI,MUKUYUNI,NANDEMU
BUNGOMA,TONGAREN,CENTRAL,MUKUYUNI,MUKUYUNI,REHEMA
BUNGOMA,TONGAREN,CENTRAL,MUKUYUNI,MUKUYUNI,LUKHOKWE LOWER
BUNGOMA,TONGAREN,CENTRAL,MUKUYUNI,MUKUYUNI,KHUPO
BUNGOMA,TONGAREN,CENTRAL,MUKUYUNI,MUKUYUNI,NAMIREMBE
BUNGOMA,TONGAREN,CENTRAL,MUKUYUNI,MUKUYUNI,TUMAINI
BUNGOMA,TONGAREN,CENTRAL,MUKUYUNI,MUKUYUNI,MUKUYUNI MARKET
BUNGOMA,TONGAREN,CENTRAL,MUKUYUNI,MALIKI,MALIKI MARKET UPPER
BUNGOMA,TONGAREN,CENTRAL,MUKUYUNI,MALIKI,MALIKI MARKET LOWER
BUNGOMA,TONGAREN,CENTRAL,MUKUYUNI,MALIKI,MALIKI A
BUNGOMA,TONGAREN,CENTRAL,MUKUYUNI,MALIKI,MALIKI B
BUNGOMA,TONGAREN,CENTRAL,MUKUYUNI,MALIKI,MALIKI C
BUNGOMA,TONGAREN,CENTRAL,MUKUYUNI,MALIKI,MAKENDU A
BUNGOMA,TONGAREN,CENTRAL,MUKUYUNI,MALIKI,MAKENDU B
BUNGOMA,TONGAREN,CENTRAL,MUKUYUNI,MALIKI,MITUA
BUNGOMA,TONGAREN,CENTRAL,MUKUYUNI,MALIKI,BINYENYA A
BUNGOMA,TONGAREN,CENTRAL,MUKUYUNI,MALIKI,BINYENYA B
BUNGOMA,TONGAREN,CENTRAL,MUKUYUNI,MALIKI,ERIA A
BUNGOMA,TONGAREN,CENTRAL,MUKUYUNI,MALIKI,ERIA B
BUNGOMA,TONGAREN,CENTRAL,MUKUYUNI,MALIKI,SALAMA
BUNGOMA,TONGAREN,CENTRAL,MUKUYUNI,MALIKI,LUKHOKWE 
BUNGOMA,TONGAREN,CENTRAL,MUKUYUNI,MALIKI,EMUSEMBE
BUNGOMA,TONGAREN,CENTRAL,MUKUYUNI,MALIKI,BONDENI
BUNGOMA,TONGAREN,CENTRAL,MUKUYUNI,MALIKI,BAHARI
BUNGOMA,TONGAREN,CENTRAL,KIBISI,KIBISI,KIBISI A
BUNGOMA,TONGAREN,CENTRAL,KIBISI,KIBISI,KIBISI B
BUNGOMA,TONGAREN,CENTRAL,KIBISI,KIBISI,KINYIKEU
BUNGOMA,TONGAREN,CENTRAL,KIBISI,KIBISI,MWANGA A
BUNGOMA,TONGAREN,CENTRAL,KIBISI,KIBISI,MWANGA B
BUNGOMA,TONGAREN,CENTRAL,KIBISI,KIBISI,MWANGA C
BUNGOMA,TONGAREN,CENTRAL,KIBISI,KIBISI,MUYEKHE
BUNGOMA,TONGAREN,CENTRAL,KIBISI,KIBISI,NZOIA
BUNGOMA,TONGAREN,CENTRAL,KIBISI,KIBISI,BUKO A
BUNGOMA,TONGAREN,CENTRAL,KIBISI,KIBISI,BUKO B
BUNGOMA,TONGAREN,CENTRAL,KIBISI,KIBISI,SINOKO A
BUNGOMA,TONGAREN,CENTRAL,KIBISI,KIBISI,SINOKO B
BUNGOMA,TONGAREN,CENTRAL,KIBISI,KIBISI,SHANGALAMWE
BUNGOMA,TONGAREN,CENTRAL,KIBISI,KIBISI,SANGO A
BUNGOMA,TONGAREN,CENTRAL,KIBISI,KIBISI,SANGO B
BUNGOMA,TONGAREN,CENTRAL,KIBISI,KIBISI,MARINDA A
BUNGOMA,TONGAREN,CENTRAL,KIBISI,KIBISI,MARINDA B
BUNGOMA,TONGAREN,CENTRAL,KIBISI,KIBISI,MARINDA C
BUNGOMA,TONGAREN,CENTRAL,KIBISI,KIBISI,MARINDA D
BUNGOMA,TONGAREN,CENTRAL,KIBISI,KIBISI,SENGELI
BUNGOMA,TONGAREN,CENTRAL,KIBISI,KIBISI,LUTONYI A
BUNGOMA,TONGAREN,CENTRAL,KIBISI,KIBISI,LUTONYI B
BUNGOMA,TONGAREN,CENTRAL,KIBISI,MUSEMBE,MUKOMARI A
BUNGOMA,TONGAREN,CENTRAL,KIBISI,MUSEMBE,MUKOMARI B
BUNGOMA,TONGAREN,CENTRAL,KIBISI,MUSEMBE,MUMILO
BUNGOMA,TONGAREN,CENTRAL,KIBISI,MUSEMBE,MATOPE
BUNGOMA,TONGAREN,CENTRAL,KIBISI,MUSEMBE,LUNYU A
BUNGOMA,TONGAREN,CENTRAL,KIBISI,MUSEMBE,LUNYUB
BUNGOMA,TONGAREN,CENTRAL,KIBISI,MUSEMBE,BONDENI
BUNGOMA,TONGAREN,CENTRAL,KIBISI,MUSEMBE,MUFUNJE
BUNGOMA,TONGAREN,CENTRAL,KIBISI,MUSEMBE,MUSIYA
BUNGOMA,TONGAREN,CENTRAL,KIBISI,MUSEMBE,MWIKHUPO
BUNGOMA,TONGAREN,CENTRAL,KIBISI,MUSEMBE,SIKHENDU
BUNGOMA,TONGAREN,CENTRAL,KIBISI,MUSEMBE,MIYUKE
BUNGOMA,TONGAREN,CENTRAL,KIBISI,MUSEMBE,KANANANCHI
BUNGOMA,TONGAREN,CENTRAL,KIBISI,MUSEMBE,NAMBALAYI
BUNGOMA,TONGAREN,CENTRAL,KIBISI,MUSEMBE,LUNYU MARKET
BUNGOMA,TONGAREN,CENTRAL,KIBISI,MUSEMBE,MUSEMBE
BUNGOMA,TONGAREN,CENTRAL,KIBISI,MUSEMBE,MITOTO A
BUNGOMA,TONGAREN,CENTRAL,KIBISI,MUSEMBE,MITOTO B
BUNGOMA,TONGAREN,CENTRAL,KIBISI,MUSEMBE,MAKUTANO
BUNGOMA,TONGAREN,CENTRAL,KIBISI,MUSEMBE,MUKHUYU
BUNGOMA,TONGAREN,CENTRAL,KIBISI,MUSEMBE,MILIMANI
BUNGOMA,TONGAREN,CENTRAL,KIBISI,MUSEMBE,MUNGAKHA
BUNGOMA,TONGAREN,CENTRAL,KIBISI,MUSEMBE,TUMAINI
BUNGOMA,TONGAREN,CENTRAL,KIBISI,MUSEMBE,BUKO A
BUNGOMA,TONGAREN,CENTRAL,KIBISI,MUSEMBE,BUKO B
BUNGOMA,TONGAREN,CENTRAL,MILIMA,MILIMA,SAWA
BUNGOMA,TONGAREN,CENTRAL,MILIMA,MILIMA,LIAMBILA
BUNGOMA,TONGAREN,CENTRAL,MILIMA,MILIMA,MAKHONGE
BUNGOMA,TONGAREN,CENTRAL,MILIMA,MILIMA,MAINA
BUNGOMA,TONGAREN,CENTRAL,MILIMA,MILIMA,SIKULU
BUNGOMA,TONGAREN,CENTRAL,MILIMA,MILIMA,MILIMA
BUNGOMA,TONGAREN,CENTRAL,MILIMA,MILIMA,MWANGAZA
BUNGOMA,TONGAREN,CENTRAL,MILIMA,MILIMA,WABUKHONYI MARKET
BUNGOMA,TONGAREN,CENTRAL,MILIMA,MILIMA,WABUKHONYI VILLAGE
BUNGOMA,TONGAREN,CENTRAL,MILIMA,MILIMA,SINOKO
BUNGOMA,TONGAREN,CENTRAL,MILIMA,MILIMA,MWAMBIMBI
BUNGOMA,TONGAREN,CENTRAL,MILIMA,MILIMA,LUNANI
BUNGOMA,TONGAREN,CENTRAL,MILIMA,MILIMA,MBIRIRA
BUNGOMA,TONGAREN,CENTRAL,MILIMA,MILIMA,BONDENI
BUNGOMA,TONGAREN,CENTRAL,MILIMA,MILIMA,MILELE
BUNGOMA,TONGAREN,CENTRAL,MILIMA,MILIMA,YUKA
BUNGOMA,TONGAREN,CENTRAL,MILIMA,MILIMA,MILIMANI
BUNGOMA,TONGAREN,CENTRAL,MILIMA,NABING'ENG'E,MARAKARU
BUNGOMA,TONGAREN,CENTRAL,MILIMA,NABING'ENG'E,MINYALI
BUNGOMA,TONGAREN,CENTRAL,MILIMA,NABING'ENG'E,KIKWAMETI
BUNGOMA,TONGAREN,CENTRAL,MILIMA,NABING'ENG'E,NDOMBELA
BUNGOMA,TONGAREN,CENTRAL,MILIMA,NABING'ENG'E,NAKHWANA
BUNGOMA,TONGAREN,CENTRAL,MILIMA,NABING'ENG'E,LUUYA
BUNGOMA,TONGAREN,CENTRAL,MILIMA,NABING'ENG'E,LWANDA
BUNGOMA,TONGAREN,CENTRAL,MILIMA,NABING'ENG'E,MUSITATI
BUNGOMA,TONGAREN,CENTRAL,MILIMA,NABING'ENG'E,NAMIKASA
BUNGOMA,TONGAREN,CENTRAL,MILIMA,NABING'ENG'E,NAMAWANGA A
BUNGOMA,TONGAREN,CENTRAL,MILIMA,NABING'ENG'E,NAMAWANGA B
BUNGOMA,TONGAREN,CENTRAL,MILIMA,NABING'ENG'E,NAMAWANGA C
BUNGOMA,TONGAREN,CENTRAL,MILIMA,NABING'ENG'E,MATISI
BUNGOMA,TONGAREN,CENTRAL,MILIMA,NABING'ENG'E,TEMBELELA A
BUNGOMA,TONGAREN,CENTRAL,MILIMA,NABING'ENG'E,TEMBELELA B
BUNGOMA,TONGAREN,CENTRAL,MILIMA,NABING'ENG'E,TABANI
BUNGOMA,TONGAREN,CENTRAL,MILIMA,NABING'ENG'E,NAITIRI
BUNGOMA,TONGAREN,CENTRAL,MILIMA,NABING'ENG'E,NAMBOKO A
BUNGOMA,TONGAREN,CENTRAL,MILIMA,NABING'ENG'E,NAMBOKO B
BUNGOMA,TONGAREN,CENTRAL,MILIMA,NABING'ENG'E,BILONGO
BUNGOMA,TONGAREN,CENTRAL,MILIMA,NABING'ENG'E,MILEMBE
BUNGOMA,TONGAREN,CENTRAL,MILIMA,NABING'ENG'E,NABING'ENG'E
BUNGOMA,TONGAREN,CENTRAL,MILIMA,NABING'ENG'E,AMKA
BUNGOMA,TONGAREN,CENTRAL,MILIMA,NABING'ENG'E,MWANGAZA
BUNGOMA,TONGAREN,CENTRAL,MILIMA,NABING'ENG'E,NAITIRI MARKET
BUNGOMA,TONGAREN,CENTRAL,KABUYEFWE,SIRAKARU,LUYEKHE
BUNGOMA,TONGAREN,CENTRAL,KABUYEFWE,SIRAKARU,NZOIA
BUNGOMA,TONGAREN,CENTRAL,KABUYEFWE,SIRAKARU,KIKWAMETI
BUNGOMA,TONGAREN,CENTRAL,KABUYEFWE,SIRAKARU,MALAHA
BUNGOMA,TONGAREN,CENTRAL,KABUYEFWE,SIRAKARU,MBAYI
BUNGOMA,TONGAREN,CENTRAL,KABUYEFWE,SIRAKARU,SITOLOLWA
BUNGOMA,TONGAREN,CENTRAL,KABUYEFWE,SIRAKARU,PWANI
BUNGOMA,TONGAREN,CENTRAL,KABUYEFWE,SIRAKARU,BONDENI
BUNGOMA,TONGAREN,CENTRAL,KABUYEFWE,SIRAKARU,BUKO
BUNGOMA,TONGAREN,CENTRAL,KABUYEFWE,SIRAKARU,MACHANI
BUNGOMA,TONGAREN,CENTRAL,KABUYEFWE,SIRAKARU,MAKHENDU
BUNGOMA,TONGAREN,CENTRAL,KABUYEFWE,SIRAKARU,KABAWA
BUNGOMA,TONGAREN,CENTRAL,KABUYEFWE,SIRAKARU,NDENGELWA
BUNGOMA,TONGAREN,CENTRAL,KABUYEFWE,SIRAKARU,HURUMA CENTRAL
BUNGOMA,TONGAREN,CENTRAL,KABUYEFWE,SIRAKARU,SOKOMOKO
BUNGOMA,TONGAREN,CENTRAL,KABUYEFWE,SIRAKARU,MILIMANI
BUNGOMA,TONGAREN,CENTRAL,KABUYEFWE,SIRAKARU,MULEMBE
BUNGOMA,TONGAREN,CENTRAL,KABUYEFWE,SIRAKARU,SAWA
BUNGOMA,TONGAREN,CENTRAL,KABUYEFWE,SIRAKARU,SIRAKARU
BUNGOMA,TONGAREN,CENTRAL,KABUYEFWE,SIRAKARU,STOCK FARM
BUNGOMA,TONGAREN,CENTRAL,KABUYEFWE,SIRAKARU,NYANGE A
BUNGOMA,TONGAREN,CENTRAL,KABUYEFWE,SIRAKARU,NYANGE B
BUNGOMA,TONGAREN,CENTRAL,KABUYEFWE,SIRAKARU,BAHARI
BUNGOMA,TONGAREN,CENTRAL,KABUYEFWE,SIRAKARU,KAHAWA
BUNGOMA,TONGAREN,CENTRAL,KABUYEFWE,SIRAKARU,SINOKO
BUNGOMA,TONGAREN,CENTRAL,KABUYEFWE,SIRAKARU,MAKUMU
BUNGOMA,TONGAREN,CENTRAL,KABUYEFWE,SIRAKARU,MAINA
BUNGOMA,TONGAREN,CENTRAL,KABUYEFWE,SIRAKARU,CHUMA
BUNGOMA,TONGAREN,CENTRAL,KABUYEFWE,SIRAKARU,MUKHUYU
BUNGOMA,TONGAREN,CENTRAL,KABUYEFWE,SIRAKARU,MITUWA
BUNGOMA,TONGAREN,CENTRAL,KABUYEFWE,SIRAKARU,MISEMWA
BUNGOMA,TONGAREN,CENTRAL,KABUYEFWE,SIRAKARU,ZIWA
BUNGOMA,TONGAREN,CENTRAL,KABUYEFWE,KABUYEFWE,KIMININI B
BUNGOMA,TONGAREN,CENTRAL,KABUYEFWE,KABUYEFWE,KIMININI C
BUNGOMA,TONGAREN,CENTRAL,KABUYEFWE,KABUYEFWE,BULILO
BUNGOMA,TONGAREN,CENTRAL,KABUYEFWE,KABUYEFWE,RURAL
BUNGOMA,TONGAREN,CENTRAL,KABUYEFWE,KABUYEFWE,WEOYA
BUNGOMA,TONGAREN,CENTRAL,KABUYEFWE,KABUYEFWE,CANAAN
BUNGOMA,TONGAREN,CENTRAL,KABUYEFWE,KABUYEFWE,POMBO
BUNGOMA,TONGAREN,CENTRAL,KABUYEFWE,KABUYEFWE,NASIANDA
BUNGOMA,TONGAREN,CENTRAL,KABUYEFWE,KABUYEFWE,MATIKHULI
BUNGOMA,TONGAREN,CENTRAL,KABUYEFWE,KABUYEFWE,KAHAWA
BUNGOMA,TONGAREN,CENTRAL,KABUYEFWE,KABUYEFWE,MAUWA
BUNGOMA,TONGAREN,CENTRAL,KABUYEFWE,KABUYEFWE,SAMAKI
BUNGOMA,TONGAREN,CENTRAL,KABUYEFWE,KABUYEFWE,SANGO
BUNGOMA,TONGAREN,CENTRAL,KABUYEFWE,KABUYEFWE,LUYEKHE
BUNGOMA,TONGAREN,CENTRAL,KABUYEFWE,KABUYEFWE,BUYANJI
BUNGOMA,TONGAREN,CENTRAL,KABUYEFWE,KABUYEFWE,NAMANJALALA
BUNGOMA,TONGAREN,CENTRAL,KABUYEFWE,KABUYEFWE,ZAYON
BUNGOMA,TONGAREN,CENTRAL,KABUYEFWE,KABUYEFWE,MATISI
BUNGOMA,TONGAREN,CENTRAL,KABUYEFWE,KABUYEFWE,LUTEKA
BUNGOMA,TONGAREN,CENTRAL,KABUYEFWE,KABUYEFWE,MBONGI
BUNGOMA,TONGAREN,CENTRAL,KABUYEFWE,KABUYEFWE,KIUNGANI
BUNGOMA,TONGAREN,CENTRAL,KABUYEFWE,KABUYEFWE,TARAJA MBILI
BUNGOMA,TONGAREN,CENTRAL,KABUYEFWE,KABUYEFWE,SIKULU
BUNGOMA,TONGAREN,CENTRAL,KABUYEFWE,KABUYEFWE,WEYEYA
BUNGOMA,TONGAREN,CENTRAL,KABUYEFWE,KABUYEFWE,MAKUTANO
BUNGOMA,TONGAREN,CENTRAL,KABUYEFWE,KABUYEFWE,NABIKOTO
BUNGOMA,TONGAREN,CENTRAL,KABUYEFWE,KABUYEFWE,NAMBAMI
BUNGOMA,TONGAREN,CENTRAL,KABUYEFWE,KABUYEFWE,BAHARINI
BUNGOMA,TONGAREN,CENTRAL,KABUYEFWE,KABUYEFWE,BUSTA
BUNGOMA,TONGAREN,CENTRAL,KABUYEFWE,KABUYEFWE,MAKOLOLWE
BUNGOMA,TONGAREN,CENTRAL,KABUYEFWE,KABUYEFWE,MAKHONGE
BUNGOMA,TONGAREN,CENTRAL,KABUYEFWE,KABUYEFWE,BONDENI
BUNGOMA,TONGAREN,CENTRAL,KABUYEFWE,KABUYEFWE,NAMUTOKHOLO
BUNGOMA,TONGAREN,CENTRAL,KABUYEFWE,KABUYEFWE,BAHATI
BUNGOMA,TONGAREN,CENTRAL,KABUYEFWE,KABUYEFWE,SIANGALAMWE
BUNGOMA,TONGAREN,CENTRAL,KABUYEFWE,KABUYEFWE,LUANDA
BUNGOMA,TONGAREN,CENTRAL,KABUYEFWE,KABUYEFWE,MITOTO
BUNGOMA,TONGAREN,CENTRAL,KABUYEFWE,KABUYEFWE,AMANI
BUNGOMA,TONGAREN,CENTRAL,KABUYEFWE,KABUYEFWE,KEWA
BUNGOMA,TONGAREN,CENTRAL,KABUYEFWE,KABUYEFWE,SIUMBWA
BUNGOMA,TONGAREN,TONGERAN,KIMININI,KIMININI,LUKHUNA A
BUNGOMA,TONGAREN,TONGERAN,KIMININI,KIMININI,LUKHUNA B
BUNGOMA,TONGAREN,TONGAREN,KIMININI,KIMININI,BONDENI A
BUNGOMA,TONGAREN,TONGAREN,KIMININI,KIMININI,BONDENI B
BUNGOMA,TONGAREN,TONGAREN,KIMININI,KIMININI,MANYASA A
BUNGOMA,TONGAREN,TONGAREN,KIMININI,KIMININI,MANYASA B
BUNGOMA,TONGAREN,TONGAREN,KIMININI,KIMININI,KIMININI
BUNGOMA,TONGAREN,TONGAREN,KIMININI,KIMININI,NAKEWA
BUNGOMA,TONGAREN,TONGAREN,KIMININI,KIMININI,MBIRIRA A
BUNGOMA,TONGAREN,TONGAREN,KIMININI,KIMININI,MBIRIRA B
BUNGOMA,TONGAREN,TONGAREN,KIMININI,KIMININI,SIKULU
BUNGOMA,TONGAREN,TONGAREN,KIMININI,KIMININI,BITUYU A
BUNGOMA,TONGAREN,TONGAREN,KIMININI,KIMININI,BITUYU B
BUNGOMA,TONGAREN,TONGAREN,KIMININI,KIMININI,MATISI A
BUNGOMA,TONGAREN,TONGAREN,KIMININI,KIMININI,MATISI B
BUNGOMA,TONGAREN,TONGAREN,KIMININI,KIMININI,BUNAMBO
BUNGOMA,TONGAREN,TONGAREN,KIMININI,KIMININI,NAMUTOKHOLO A
BUNGOMA,TONGAREN,TONGAREN,KIMININI,KIMININI,NAMUTOKHOLO B
BUNGOMA,TONGAREN,TONGAREN,KIMININI,TABANI,TABANI A
BUNGOMA,TONGAREN,TONGAREN,KIMININI,TABANI,TABANI B
BUNGOMA,TONGAREN,TONGAREN,KIMININI,TABANI,MISEMWA
BUNGOMA,TONGAREN,TONGAREN,KIMININI,TABANI,BUNAMBO
BUNGOMA,TONGAREN,TONGAREN,KIMININI,TABANI,LWANDA A
BUNGOMA,TONGAREN,TONGAREN,KIMININI,TABANI,LWANDA B
BUNGOMA,TONGAREN,TONGAREN,KIMININI,TABANI,MAPERA
BUNGOMA,TONGAREN,TONGAREN,KIMININI,TABANI,BUYUFU
BUNGOMA,TONGAREN,TONGAREN,KIMININI,TABANI,HURUMA A
BUNGOMA,TONGAREN,TONGAREN,KIMININI,TABANI,SIKHENDU
BUNGOMA,TONGAREN,TONGAREN,SOYSAMBU,SOYSAMBU,NAMATORE A
BUNGOMA,TONGAREN,TONGAREN,SOYSAMBU,SOYSAMBU,NAMATORE B
BUNGOMA,TONGAREN,TONGAREN,SOYSAMBU,SOYSAMBU,NZOIA
BUNGOMA,TONGAREN,TONGAREN,SOYSAMBU,SOYSAMBU,MISEMWA
BUNGOMA,TONGAREN,TONGAREN,SOYSAMBU,SOYSAMBU,MUKHONGE
BUNGOMA,TONGAREN,TONGAREN,SOYSAMBU,SOYSAMBU,NAMUNYIRI A
BUNGOMA,TONGAREN,TONGAREN,SOYSAMBU,SOYSAMBU,MITIMBILI
BUNGOMA,TONGAREN,TONGAREN,SOYSAMBU,SOYSAMBU,SANGO A
BUNGOMA,TONGAREN,TONGAREN,SOYSAMBU,SOYSAMBU,SANGO B
BUNGOMA,TONGAREN,TONGAREN,SOYSAMBU,SOYSAMBU,MLIMANI
BUNGOMA,TONGAREN,TONGAREN,SOYSAMBU,SOYSAMBU,BINOKO A
BUNGOMA,TONGAREN,TONGAREN,SOYSAMBU,SOYSAMBU,BINOKO B
BUNGOMA,TONGAREN,TONGAREN,SOYSAMBU,SOYSAMBU,KASANA
BUNGOMA,TONGAREN,TONGAREN,SOYSAMBU,SOYSAMBU,SHAMGALAMWE
BUNGOMA,TONGAREN,TONGAREN,SOYSAMBU,SOYSAMBU,NYANGE
BUNGOMA,TONGAREN,TONGAREN,SOYSAMBU,SOYSAMBU,NABISWA A
BUNGOMA,TONGAREN,TONGAREN,SOYSAMBU,SOYSAMBU,NABISWA B
BUNGOMA,TONGAREN,TONGAREN,SOYSAMBU,SOYSAMBU,NAMUNJIRI B
BUNGOMA,TONGAREN,TONGAREN,SOYSAMBU,SOYSAMBU,NASIANDA
BUNGOMA,TONGAREN,TONGAREN,SOYSAMBU,SOYSAMBU,SOYSAMBU MARKET
BUNGOMA,TONGAREN,TONGAREN,SOYSAMBU,NARATI,LINE MOJA
BUNGOMA,TONGAREN,TONGAREN,SOYSAMBU,NARATI,NALONDO A
BUNGOMA,TONGAREN,TONGAREN,SOYSAMBU,NARATI,NALONDO B
BUNGOMA,TONGAREN,TONGAREN,SOYSAMBU,NARATI,NAMUTOKHOLO A
BUNGOMA,TONGAREN,TONGAREN,SOYSAMBU,NARATI,NAMUTOKHOLO B
BUNGOMA,TONGAREN,TONGAREN,SOYSAMBU,NARATI,MKHUYU A
BUNGOMA,TONGAREN,TONGAREN,SOYSAMBU,NARATI,MKHUYU B
BUNGOMA,TONGAREN,TONGAREN,SOYSAMBU,NARATI,NARATI SECONDARY A
BUNGOMA,TONGAREN,TONGAREN,SOYSAMBU,NARATI,NARATI SECONDARY B
BUNGOMA,TONGAREN,TONGAREN,SOYSAMBU,NARATI,MARESI A
BUNGOMA,TONGAREN,TONGAREN,SOYSAMBU,NARATI,MARESI B
BUNGOMA,TONGAREN,TONGAREN,SOYSAMBU,NARATI,MARESI C
BUNGOMA,TONGAREN,TONGAREN,SOYSAMBU,NARATI,SIKULU
BUNGOMA,TONGAREN,TONGAREN,SOYSAMBU,NARATI,NARATI A
BUNGOMA,TONGAREN,TONGAREN,SOYSAMBU,NARATI,NARATI B
BUNGOMA,TONGAREN,TONGAREN,SOYSAMBU,NARATI,BUYANZI A
BUNGOMA,TONGAREN,TONGAREN,SOYSAMBU,NARATI,BUYANZI B
BUNGOMA,TONGAREN,TONGAREN,SOYSAMBU,NARATI,MWIKHUPO A
BUNGOMA,TONGAREN,TONGAREN,SOYSAMBU,NARATI,MWIKHUPO B
BUNGOMA,TONGAREN,TONGAREN,SOYSAMBU,NARATI,MWIKHUPO C
BUNGOMA,TONGAREN,TONGAREN,SOYSAMBU,NARATI,MAYUBEN A
BUNGOMA,TONGAREN,TONGAREN,SOYSAMBU,NARATI,MAYUBEN B
BUNGOMA,TONGAREN,TONGAREN,NDALU,NDALU,NZOIA A
BUNGOMA,TONGAREN,TONGAREN,NDALU,NDALU,NZOIA B
BUNGOMA,TONGAREN,TONGAREN,NDALU,NDALU,NZOIA C
BUNGOMA,TONGAREN,TONGAREN,NDALU,NDALU,NZOIA D
BUNGOMA,TONGAREN,TONGAREN,NDALU,NDALU,SAWA
BUNGOMA,TONGAREN,TONGAREN,NDALU,NDALU,SINOKO A
BUNGOMA,TONGAREN,TONGAREN,NDALU,NDALU,SINOKO B
BUNGOMA,TONGAREN,TONGAREN,NDALU,NDALU,NDALU RURAL
BUNGOMA,TONGAREN,TONGAREN,NDALU,NDALU,TUMAINI
BUNGOMA,TONGAREN,TONGAREN,NDALU,NDALU,SANGO
BUNGOMA,TONGAREN,TONGAREN,NDALU,MULIRO,MUSEMBE
BUNGOMA,TONGAREN,TONGAREN,NDALU,MULIRO,MULIRO
BUNGOMA,TONGAREN,TONGAREN,NDALU,MULIRO,MINYALI A
BUNGOMA,TONGAREN,TONGAREN,NDALU,MULIRO,MINYALI B
BUNGOMA,TONGAREN,TONGAREN,NDALU,MULIRO,NAMWICHULA
BUNGOMA,TONGAREN,TONGAREN,NDALU,MULIRO,SAFINA
BUNGOMA,TONGAREN,TONGAREN,NDALU,MULIRO,MUSANGURA
BUNGOMA,TONGAREN,TONGAREN,NDALU,MULIRO,MULEMBE
BUNGOMA,TONGAREN,TONGAREN,NDALU,MULIRO,SIMANA
BUNGOMA,TONGAREN,TONGAREN,NDALU,MULIRO,MUSANGO
BUNGOMA,TONGAREN,TONGAREN,NDALU,MULIRO,BUYANZI
,TONGAREN,,MITUA,MITUA,NASIANDA
BUNGOMA,TONGAREN,TONGAREN,MITUA,MITUA,MARAMU
BUNGOMA,TONGAREN,TONGAREN,MITUA,MITUA,MACHAKHA
BUNGOMA,TONGAREN,TONGAREN,MITUA,MITUA,MATISI
BUNGOMA,TONGAREN,TONGAREN,MITUA,MITUA,MITUA A
BUNGOMA,TONGAREN,TONGAREN,MITUA,MITUA,MITUA B
BUNGOMA,TONGAREN,TONGAREN,MITUA,MITUA,CHERETI
BUNGOMA,TONGAREN,TONGAREN,MITUA,MITUA,MAKHONGE
BUNGOMA,TONGAREN,TONGAREN,MITUA,MITUA,MAKUTANO
BUNGOMA,TONGAREN,TONGAREN,MITUA,MITUA,BAHATI
BUNGOMA,TONGAREN,TONGAREN,MITUA,MITUA,SINOKO
BUNGOMA,TONGAREN,TONGAREN,MITUA,MISANGA,NZOIA
BUNGOMA,TONGAREN,TONGAREN,MITUA,MISANGA,MISANGA
BUNGOMA,TONGAREN,TONGAREN,MITUA,MISANGA,MVUNJE
BUNGOMA,TONGAREN,TONGAREN,MITUA,MISANGA,MKHUYU
BUNGOMA,TONGAREN,TONGAREN,MITUA,MISANGA,LUTAZO
BUNGOMA,TONGAREN,TONGAREN,MITUA,MISANGA,MUUNGANO
BUNGOMA,TONGAREN,TONGAREN,MITUA,MISANGA,MUSEMBE
BUNGOMA,TONGAREN,TONGAREN,MITUA,MISANGA,KAPCHONGE
BUNGOMA,TONGAREN,TONGAREN,MITUA,MISANGA,KEWA
BUNGOMA,TONGAREN,TONGAREN,MITUA,MISANGA,MUSEMWA
BUNGOMA,TONGAREN,TONGAREN,KAKAMWE,KAKAMWE,KAKAMWE
BUNGOMA,TONGAREN,TONGAREN,KAKAMWE,KAKAMWE,KAHAWA
BUNGOMA,TONGAREN,TONGAREN,KAKAMWE,KAKAMWE,NABIKOTO
BUNGOMA,TONGAREN,TONGAREN,KAKAMWE,KAKAMWE,SINOKO
BUNGOMA,TONGAREN,TONGAREN,KAKAMWE,KAKAMWE,MITOTO
BUNGOMA,TONGAREN,TONGAREN,KAKAMWE,KAKAMWE,AMUKA
BUNGOMA,TONGAREN,TONGAREN,KAKAMWE,KAKAMWE,NAMUNYIRI 
BUNGOMA,TONGAREN,TONGAREN,KAKAMWE,KAKAMWE,MUSALABA
BUNGOMA,TONGAREN,TONGAREN,KAKAMWE,KAKAMWE,NASIANDA
BUNGOMA,TONGAREN,TONGAREN,KAKAMWE,KAKAMWE,MUKHUYU
BUNGOMA,TONGAREN,TONGAREN,KAKAMWE,KAKAMWE,KEWA
BUNGOMA,TONGAREN,TONGAREN,KAKAMWE,KAKAMWE,MILELE
BUNGOMA,TONGAREN,TONGAREN,KAKAMWE,KAKAMWE,MILELE MARKET
BUNGOMA,TONGAREN,TONGAREN,KAKAMWE,KAKAMWE,MATISI
BUNGOMA,TONGAREN,TONGAREN,KAKAMWE,KAKAMWE,SIANGALAMWE
BUNGOMA,TONGAREN,TONGAREN,KAKAMWE,KAKAMWE,MAKOLOLWE
BUNGOMA,TONGAREN,TONGAREN,KAKAMWE,KAKAMWE,MUKUYU 
BUNGOMA,TONGAREN,TONGAREN,KAKAMWE,KAKAMWE,MAPERA
BUNGOMA,TONGAREN,TONGAREN,KAKAMWE,BINYENYA,Chanuka
BUNGOMA,TONGAREN,TONGAREN,KAKAMWE,BINYENYA,Namutokholo
BUNGOMA,TONGAREN,TONGAREN,KAKAMWE,BINYENYA,Sango
BUNGOMA,TONGAREN,TONGAREN,KAKAMWE,BINYENYA,Bondeni
BUNGOMA,TONGAREN,TONGAREN,KAKAMWE,BINYENYA,Machakha
BUNGOMA,TONGAREN,TONGAREN,KAKAMWE,BINYENYA,Bidii
BUNGOMA,TONGAREN,TONGAREN,KAKAMWE,BINYENYA,Luanda
BUNGOMA,TONGAREN,TONGAREN,KAKAMWE,BINYENYA,Mulembe
BUNGOMA,TONGAREN,TONGAREN,KAKAMWE,BINYENYA,Maembe
BUNGOMA,TONGAREN,TONGAREN,KAKAMWE,BINYENYA,Sinoko Binyenya
BUNGOMA,TONGAREN,TONGAREN,KAKAMWE,BINYENYA,Misemwa
BUNGOMA,TONGAREN,TONGAREN,KAKAMWE,BINYENYA,Banana
BUNGOMA,TONGAREN,TONGAREN,KAKAMWE,BINYENYA,Sikulu
BUNGOMA,TONGAREN,TONGAREN,KAKAMWE,BINYENYA,Taraja
BUNGOMA,TONGAREN,TONGAREN,KAKAMWE,BINYENYA,Maramu
