ID,cem301_attendees_total,cem011_prgrm,month,year,cem009_country,cem005_today
,235,Zomba 3,11,2014,3,25-Nov-14
,56,Zomba 3,11,2014,3,25-Nov-14
,127,Zomba 3,11,2014,3,25-Nov-14
,105,Zomba 3,11,2014,3,25-Nov-14
,54,Zomba 3,11,2014,3,25-Nov-14
,48,Zomba 3,11,2014,3,27-Nov-14
,51,Zomba 3,11,2014,3,27-Nov-14
,42,Zomba 3,11,2014,3,25-Nov-14
,70,Zomba 3,12,2014,3,14-Dec-14
,50,Zomba 3,12,2014,3,14-Dec-14
,80,Zomba 3,12,2014,3,14-Dec-14
,50,Zomba 3,12,2014,3,02-Dec-14
,60,Zomba 3,12,2014,3,02-Dec-14
,20,Zomba 3,12,2014,3,02-Dec-14
,45,Zomba 3,11,2014,3,25-Nov-14
,21,Zomba 3,11,2014,3,27-Nov-14
,31,Zomba 3,11,2014,3,27-Nov-14
,23,Zomba 3,11,2014,3,30-Nov-14
,25,Zomba 3,12,2014,3,04-Dec-14
,30,Zomba 3,12,2014,3,12-Dec-14
,30,Zomba 3,12,2014,3,13-Dec-14
,28,Zomba 3,12,2014,3,13-Dec-14
,30,Zomba 3,12,2014,3,12-Dec-14
,68,Zomba 3,11,2014,3,27-Nov-14
,28,Zomba 3,11,2014,3,29-Nov-14
,58,Zomba 4,11,2014,3,28-Nov-14
,51,Zomba 3,11,2014,3,28-Nov-14
,19,Zomba 3,12,2014,3,01-Dec-14
,25,Zomba 3,12,2014,3,01-Dec-14
,63,Zomba 3,11,2014,3,28-Nov-14
,36,Zomba 3,11,2014,3,28-Nov-14
,33,Zomba 3,12,2014,3,16-Dec-14
,30,Zomba 3,11,2014,3,30-Nov-14
,30,Zomba 3,12,2014,3,04-Dec-14
,44,Zomba 3,12,2014,3,06-Dec-14
,42,Zomba 3,12,2014,3,12-Dec-14
,36,Zomba 3,12,2014,3,12-Dec-14
,42,Zomba 3,12,2014,3,12-Dec-14
,40,Zomba 3,12,2014,3,12-Dec-14
,38,Zomba 3,12,2014,3,12-Dec-14
,46,Zomba 3,12,2014,3,12-Dec-14
,32,Zomba 3,12,2014,3,09-Dec-14
,52,Zomba 3,12,2014,3,12-Dec-14
,56,Zomba 3,12,2014,3,12-Dec-14
,150,Zomba 3,12,2014,3,14-Dec-14
,34,Zomba 3,4,2015,3,03-Apr-15
,38,Zomba 3,12,2014,3,02-Dec-14
,45,Zomba 3,12,2014,3,13-Dec-14
,20,Zomba 3,12,2014,3,13-Dec-14
,11,Zomba 3,12,2014,3,29-Dec-14
,35,Zomba 3,12,2014,3,04-Dec-14
,14,Zomba 3,12,2014,3,11-Dec-14
,16,Zomba 3,12,2014,3,11-Dec-14
,18,Zomba 3,12,2014,3,11-Dec-14
,32,Zomba 3,12,2014,3,11-Dec-14
,30,Zomba 3,12,2014,3,17-Dec-14
,78,Zomba 3,12,2014,3,18-Dec-14
,76,Zomba 3,12,2014,3,17-Dec-14
,45,Zomba 3,12,2014,3,19-Dec-14
,25,Zomba 3,12,2014,3,17-Dec-14
,20,Zomba 3,12,2014,3,13-Dec-14
,40,Zomba 3,12,2014,3,17-Dec-14
,35,Zomba 4,4,2015,3,02-Apr-15
,60,Zomba 3,12,2014,3,17-Dec-14
,21,Zomba 3,12,2014,3,21-Dec-14
,23,Zomba 3,12,2014,3,21-Dec-14
,50,Zomba 3,12,2014,3,12-Dec-14
,28,Zomba 3,12,2014,3,09-Dec-14
,89,Zomba 3,12,2014,3,11-Dec-14
,90,Zomba 3,11,2014,3,15-Nov-14
,60,Zomba 3,12,2014,3,21-Dec-14
,50,Zomba 3,12,2014,3,21-Dec-14
,89,Zomba 3,12,2014,3,21-Dec-14
,38,Zomba 3,12,2014,3,21-Dec-14
,40,Zomba 3,12,2014,3,21-Dec-14
,30,Zomba 3,12,2014,3,21-Dec-14
,15,Zomba 3,12,2014,3,19-Dec-14
,28,Zomba 3,12,2014,3,19-Dec-14
,27,Zomba 3,12,2014,3,19-Dec-14
,60,Zomba 3,12,2014,3,12-Dec-14
,25,Zomba 3,4,2015,3,10-Apr-15
,26,Zomba 3,12,2014,3,19-Dec-14
,22,Zomba 3,12,2014,3,12-Dec-14
,32,Zomba 3,12,2014,3,12-Dec-14
,40,Zomba 3,12,2014,3,13-Dec-14
,37,Zomba 3,12,2014,3,19-Dec-14
,29,Zomba 3,12,2014,3,19-Dec-14
,28,Zomba 3,12,2014,3,21-Dec-14
,26,Zomba 3,12,2014,3,21-Dec-14
,22,Zomba 3,12,2014,3,21-Dec-14
,25,Zomba 3,12,2014,3,12-Dec-14
,46,Zomba 3,12,2014,3,19-Dec-14
,40,Zomba 3,12,2014,3,12-Dec-14
,31,Zomba 3,12,2014,3,19-Dec-14
,42,Zomba 3,12,2014,3,11-Dec-14
,35,Zomba 3,12,2014,3,08-Dec-14
,48,Zomba 3,12,2014,3,11-Dec-14
,28,Zomba 3,12,2014,3,16-Dec-14
,14,Zomba 3,12,2014,3,20-Dec-14
,38,Zomba 3,12,2014,3,12-Dec-14
,15,Zomba 3,12,2014,3,10-Dec-14
,14,Zomba 3,12,2014,3,09-Dec-14
,36,Zomba 3,12,2014,3,10-Dec-14
,18,Zomba 3,12,2014,3,16-Dec-14
,30,Zomba 3,12,2014,3,04-Dec-14
,20,Zomba 3,12,2014,3,04-Dec-14
,140,Zomba 3,12,2014,3,09-Dec-14
,35,Zomba 3,12,2014,3,15-Dec-14
,40,Zomba 3,12,2014,3,15-Dec-14
,28,Zomba 3,12,2014,3,13-Dec-14
,38,Zomba 3,12,2014,3,13-Dec-14
,41,Zomba 3,12,2014,3,13-Dec-14
,52,Zomba 3,12,2014,3,21-Dec-14
,25,Zomba 3,4,2015,3,10-Apr-15
,18,Zomba 4,3,2015,3,26-Mar-15
,14,Zomba 3,12,2014,3,17-Dec-14
,26,Zomba 3,12,2014,3,17-Dec-14
,12,Zomba 3,12,2014,3,29-Dec-14
,15,Zomba 3,12,2014,3,17-Dec-14
,12,Zomba 3,12,2014,3,17-Dec-14
,31,Zomba 3,12,2014,3,13-Dec-14
,20,Zomba 3,12,2014,3,18-Dec-14
,15,Zomba 3,12,2014,3,18-Dec-14
,16,Zomba 3,12,2014,3,18-Dec-14
,22,Zomba 3,12,2014,3,12-Dec-14
,58,Zomba 3,12,2014,3,17-Dec-14
,60,Zomba 3,12,2014,3,17-Dec-14
,49,Zomba 3,12,2014,3,18-Dec-14
,96,Zomba 3,12,2014,3,17-Dec-14
,80,Zomba 3,12,2014,3,18-Dec-14
,55,Zomba 3,11,2014,3,25-Nov-14
,16,Zomba 3,12,2014,3,16-Dec-14
,22,Zomba 3,12,2014,3,16-Dec-14
,52,Zomba 3,12,2014,3,12-Dec-14
,9,Zomba 3,12,2014,3,16-Dec-14
,11,Zomba 3,12,2014,3,16-Dec-14
,13,Zomba 3,12,2014,3,13-Dec-14
,11,Zomba 3,12,2014,3,13-Dec-14
,30,Zomba 3,12,2014,3,09-Dec-14
,60,Zomba 3,12,2014,3,09-Dec-14
,40,Zomba 3,12,2014,3,04-Dec-14
,20,Zomba 3,12,2014,3,13-Dec-14
,68,Zomba 3,12,2014,3,12-Dec-14
,70,Zomba 3,12,2014,3,18-Dec-14
,65,Zomba 3,12,2014,3,18-Dec-14
,50,Zomba 3,12,2014,3,09-Dec-14
,52,Zomba 3,12,2014,3,11-Dec-14
,24,Zomba 3,12,2014,3,11-Dec-14
,26,Zomba 3,12,2014,3,11-Dec-14
,29,Zomba 3,12,2014,3,16-Dec-14
,24,Zomba 3,12,2014,3,16-Dec-14
,18,Zomba 3,12,2014,3,16-Dec-14
,12,Zomba 3,12,2014,3,16-Dec-14
,75,Zomba 4,3,2015,3,21-Mar-15
,48,Zomba 3,12,2014,3,09-Dec-14
,80,Zomba 3,12,2014,3,01-Dec-14
,18,Zomba 3,4,2015,3,22-Apr-15
,22,Zomba 3,12,2014,3,16-Dec-14
,14,Zomba 3,12,2014,3,16-Dec-14
,44,Zomba 3,11,2014,3,28-Nov-14
,25,Zomba 3,12,2014,3,16-Dec-14
,90,Zomba 3,12,2014,3,10-Dec-14
,27,Zomba 3,12,2014,3,13-Dec-14
,85,Zomba 3,11,2014,3,20-Nov-14
,47,Zomba 3,11,2014,3,28-Nov-14
,58,Zomba 3,11,2014,3,28-Nov-14
,63,Zomba 3,11,2014,3,25-Nov-14
,48,Zomba 3,11,2014,3,25-Nov-14
,40,Zomba 3,11,2014,3,28-Nov-14
,55,Zomba 3,11,2014,3,19-Nov-14
,42,Zomba 3,11,2014,3,24-Nov-14
,85,Zomba 3,11,2014,3,23-Nov-14
,45,Zomba 3,11,2014,3,22-Nov-14
,10,Zomba 4,3,2015,3,09-Mar-15
,36,Zomba 3,11,2014,3,21-Nov-14
,22,Zomba 3,11,2014,3,25-Nov-14
,69,Zomba 3,11,2014,3,23-Nov-14
,29,Zomba 3,11,2014,3,23-Nov-14
,39,Zomba 3,11,2014,3,23-Nov-14
,60,Zomba 3,11,2014,3,23-Nov-14
,55,Zomba 3,11,2014,3,23-Nov-14
,55,Zomba 3,11,2014,3,28-Nov-14
,47,Zomba 3,11,2014,3,20-Nov-14
,158,Zomba 3,11,2014,3,20-Nov-14
,987,Zomba 3,11,2014,3,20-Nov-14
,94,Zomba 3,11,2014,3,20-Nov-14
,82,Zomba 3,11,2014,3,20-Nov-14
,140,Zomba 3,11,2014,3,22-Nov-14
,85,Zomba 3,11,2014,3,22-Nov-14
,77,Zomba 3,11,2014,3,26-Nov-14
,77,Zomba 3,11,2014,3,26-Nov-14
,136,Zomba 3,11,2014,3,21-Nov-14
,90,Zomba 3,11,2014,3,26-Nov-14
,55,Zomba 3,12,2014,3,18-Dec-14
,54,Zomba 3,11,2014,3,24-Nov-14
,60,Zomba 3,11,2014,3,25-Nov-14
,103,Zomba 3,11,2014,3,22-Nov-14
,61,Zomba 3,11,2014,3,19-Nov-14
,29,Zomba 3,11,2014,3,24-Nov-14
,30,Zomba 3,11,2014,3,24-Nov-14
,44,Zomba 3,11,2014,3,22-Nov-14
,49,Zomba 3,11,2014,3,13-Nov-14
,35,Zomba 3,11,2014,3,21-Nov-14
,88,Zomba 3,11,2014,3,20-Nov-14
,47,Zomba 3,11,2014,3,21-Nov-14
,95,Zomba 3,11,2014,3,21-Nov-14
,29,Zomba 3,11,2014,3,21-Nov-14
,60,Zomba 3,11,2014,3,21-Nov-14
,60,Zomba 3,11,2014,3,22-Nov-14
,28,Zomba 3,11,2014,3,22-Nov-14
,150,Zomba 3,11,2014,3,25-Nov-14
,38,Zomba 3,11,2014,3,30-Nov-14
,45,Zomba 3,11,2014,3,25-Nov-14
,55,Zomba 3,11,2014,3,29-Nov-14
,31,Zomba 3,11,2014,3,29-Nov-14
,60,Zomba 3,11,2014,3,24-Nov-14
,60,Zomba 3,11,2014,3,26-Nov-14
,68,Zomba 4,3,2015,3,31-Mar-15
,82,Zomba 3,11,2014,3,22-Nov-14
,25,Zomba 3,11,2014,3,28-Nov-14
,45,Zomba 3,11,2014,3,22-Nov-14
,27,Zomba 3,11,2014,3,25-Nov-14
,112,Zomba 3,11,2014,3,21-Nov-14
,38,Zomba 3,11,2014,3,24-Nov-14
,48,Zomba 3,11,2014,3,24-Nov-14
,40,Zomba 3,11,2014,3,22-Nov-14
,292,Zomba 3,11,2014,3,25-Nov-14
,223,Zomba 3,11,2014,3,19-Nov-14
,385,Zomba 3,11,2014,3,20-Nov-14
,93,Zomba 3,11,2014,3,22-Nov-14
,77,Zomba 3,11,2014,3,27-Nov-14
,52,Zomba 3,11,2014,3,27-Nov-14
,60,Zomba 3,11,2014,3,27-Nov-14
,68,Zomba 3,11,2014,3,27-Nov-14
,60,Zomba 3,11,2014,3,24-Nov-14
,38,Zomba 3,11,2014,3,25-Nov-14
,46,Zomba 3,11,2014,3,25-Nov-14
,47,Zomba 3,11,2014,3,25-Nov-14
,126,Zomba 3,11,2014,3,21-Nov-14
,50,Zomba 3,11,2014,3,27-Nov-14
,60,Zomba 3,11,2014,3,27-Nov-14
,70,Zomba 3,11,2014,3,28-Nov-14
,25,Zomba 3,11,2014,3,26-Nov-14
,39,Zomba 3,11,2014,3,22-Nov-14
,40,Zomba 3,11,2014,3,27-Nov-14
,20,Zomba 3,11,2014,3,27-Nov-14
,50,Zomba 3,11,2014,3,28-Nov-14
,56,Zomba 3,11,2014,3,28-Nov-14
,46,Zomba 3,11,2014,3,28-Nov-14
,78,Zomba 3,11,2014,3,21-Nov-14
,32,Zomba 3,11,2014,3,21-Nov-14
,42,Zomba 3,11,2014,3,20-Nov-14
,56,Zomba 3,11,2014,3,22-Nov-14
,93,Zomba 3,11,2014,3,23-Nov-14
,120,Zomba 3,11,2014,3,21-Nov-14
,60,Zomba 4,3,2015,3,17-Mar-15
,32,Zomba 4,1,2013,3,01-Jan-13
,58,Zomba 3,11,2014,3,26-Nov-14
,136,Zomba 3,11,2014,3,26-Nov-14
,50,Zomba 3,11,2014,3,22-Nov-14
,80,Zomba 3,11,2014,3,20-Nov-14
,50,Zomba 3,11,2014,3,20-Nov-14
,42,Zomba 3,11,2014,3,20-Nov-14
,100,Zomba 3,11,2014,3,25-Nov-14
,80,Zomba 3,11,2014,3,26-Nov-14
,35,Zomba 3,11,2014,3,22-Nov-14
,51,Zomba 3,11,2014,3,20-Nov-14
,50,Zomba 3,4,2015,3,12-Apr-15
,61,Zomba 3,11,2014,3,23-Nov-14
,100,Zomba 3,11,2014,3,23-Nov-14
,60,Zomba 3,11,2014,3,25-Nov-14
,70,Zomba 3,11,2014,3,25-Nov-14
,47,Zomba 3,11,2014,3,25-Nov-14
,67,Zomba 3,11,2014,3,25-Nov-14
,63,Zomba 3,11,2014,3,24-Nov-14
,70,Zomba 3,11,2014,3,24-Nov-14
,70,Zomba 3,11,2014,3,24-Nov-14
,48,Zomba 3,11,2014,3,24-Nov-14
,169,Zomba 3,11,2014,3,24-Nov-14
,80,Zomba 3,11,2014,3,21-Nov-14
,40,Zomba 3,4,2015,3,04-Apr-15
,60,Zomba 3,11,2014,3,21-Nov-14
,80,Zomba 3,11,2014,3,29-Nov-14
,96,Zomba 3,11,2014,3,22-Nov-14
,55,Zomba 3,11,2014,3,22-Nov-14
,23,Zomba 3,12,2014,3,05-Dec-14
,27,Zomba 3,12,2014,3,05-Dec-14
,40,Zomba 3,12,2014,3,02-Dec-14
,65,Zomba 3,12,2014,3,03-Dec-14
,60,Zomba 3,11,2014,3,21-Nov-14
,82,Zomba 3,11,2014,3,30-Nov-14
,40,Zomba 4,12,2014,3,01-Dec-14
,25,Zomba 3,12,2014,3,06-Dec-14
,40,Zomba 3,11,2014,3,15-Nov-14
,38,Zomba 3,11,2014,3,30-Nov-14
,43,Zomba 3,12,2014,3,12-Dec-14
,39,Zomba 3,12,2014,3,05-Dec-14
,58,Zomba 4,12,2014,3,02-Dec-14
,20,Zomba 4,12,2014,3,04-Dec-14
,21,Zomba 3,11,2014,3,30-Nov-14
,40,Zomba 3,12,2014,3,04-Dec-14
,48,Zomba 3,12,2014,3,04-Dec-14
,38,Zomba 4,3,2015,3,22-Mar-15
,47,Zomba 4,3,2015,3,25-Mar-15
,64,Zomba 3,12,2014,3,04-Dec-14
,65,Zomba 3,12,2014,3,01-Dec-14
,60,Zomba 3,1,2015,3,16-Jan-15
,25,Zomba 3,11,2014,3,15-Nov-14
,38,Zomba 3,12,2014,3,02-Dec-14
,53,Zomba 3,12,2014,3,18-Dec-14
,44,Zomba 3,12,2014,3,18-Dec-14
,82,Zomba 3,12,2014,3,18-Dec-14
,58,Zomba 3,12,2014,3,18-Dec-14
,42,Zomba 3,12,2014,3,18-Dec-14
,51,Zomba 3,1,2013,3,01-Jan-13
,39,Zomba 3,1,2013,3,01-Jan-13
,45,Zomba 4,12,2014,3,03-Dec-14
,45,Zomba 3,11,2014,3,30-Nov-14
,50,Zomba 3,12,2014,3,04-Dec-14
,68,Zomba 3,12,2014,3,04-Dec-14
,48,Zomba 3,12,2014,3,01-Dec-14
,67,Zomba 3,12,2014,3,06-Dec-14
,116,Zomba 3,11,2014,3,30-Nov-14
,75,Zomba 3,1,2015,3,16-Jan-15
,40,Zomba 3,12,2014,3,04-Dec-14
,62,Zomba 3,12,2014,3,04-Dec-14
,38,Zomba 3,12,2014,3,04-Dec-14
,108,Zomba 3,11,2014,3,29-Nov-14
,58,Zomba 3,12,2014,3,03-Dec-14
,58,Zomba 3,12,2014,3,04-Dec-14
,22,Zomba 3,11,2014,3,28-Nov-14
,10,Zomba 3,11,2014,3,29-Nov-14
,55,Zomba 3,11,2014,3,29-Nov-14
,10,Zomba 3,11,2014,3,29-Nov-14
,18,Zomba 3,11,2014,3,29-Nov-14
,49,Zomba 3,11,2014,3,29-Nov-14
,120,Zomba 3,11,2014,3,28-Nov-14
,49,Zomba 3,4,2015,3,08-Apr-15
,45,Zomba 3,12,2014,3,21-Dec-14
,48,Zomba 4,11,2014,3,30-Nov-14
,60,Zomba 3,12,2014,3,21-Dec-14
,103,Zomba 3,12,2014,3,22-Dec-14
,34,Zomba 3,12,2014,3,03-Dec-14
,28,Zomba 3,12,2014,3,03-Dec-14
,41,Zomba 3,11,2014,3,30-Nov-14
,45,Zomba 3,12,2014,3,02-Dec-14
,125,Zomba 3,12,2014,3,04-Dec-14
,55,Zomba 3,12,2014,3,06-Dec-14
,85,Zomba 3,1,2015,3,16-Jan-15
,34,Zomba 3,12,2014,3,05-Dec-14
,37,Zomba 3,1,2015,3,16-Jan-15
,104,Zomba 3,1,2015,3,16-Jan-15
,46,Zomba 3,12,2014,3,02-Dec-14
,30,Zomba 3,12,2014,3,06-Dec-14
,45,Zomba 3,12,2014,3,09-Dec-14
,30,Zomba 3,12,2014,3,01-Dec-14
,48,Zomba 3,12,2014,3,01-Dec-14
,49,Zomba 3,12,2014,3,06-Dec-14
,38,Zomba 3,12,2014,3,06-Dec-14
,36,Zomba 3,4,2015,3,03-Apr-15
,23,Zomba 3,12,2014,3,04-Dec-14
,30,Zomba 3,12,2014,3,21-Dec-14
,59,Zomba 3,12,2014,3,02-Dec-14
,50,Zomba 3,12,2014,3,04-Dec-14
,20,Zomba 4,3,2015,3,10-Mar-15
,41,Zomba 4,12,2014,3,17-Dec-14
,368,Zomba 4,1,2013,3,01-Jan-13
,25,Zomba 4,12,2014,3,16-Dec-14
,17,Zomba 4,12,2014,3,18-Dec-14
,25,Zomba 4,12,2014,3,17-Dec-14
,42,Zomba 4,12,2014,3,23-Dec-14
,34,Zomba 4,12,2014,3,23-Dec-14
,25,Zomba 4,12,2014,3,16-Dec-14
,64,Zomba 4,12,2014,3,17-Dec-14
,20,Zomba 4,12,2014,3,17-Dec-14
,47,Zomba 4,3,2015,3,25-Mar-15
,16,Zomba 4,12,2014,3,19-Dec-14
,29,Zomba 4,1,2013,3,04-Jan-13
,50,Zomba 4,1,2013,3,03-Jan-13
,49,Zomba 4,1,2013,3,04-Jan-13
,25,Zomba 4,1,2013,3,03-Jan-13
,23,Zomba 4,1,2013,3,04-Jan-13
,13,Zomba 4,3,2015,3,25-Mar-15
,20,Zomba 4,3,2015,3,09-Mar-15
,7,Zomba 4,3,2015,3,10-Mar-15
,11,Zomba 4,3,2015,3,10-Mar-15
,10,Zomba 4,3,2015,3,10-Mar-15
,10,Zomba 4,3,2015,3,10-Mar-15
,12,Zomba 4,3,2015,3,10-Mar-15
,45,Zomba 4,3,2015,3,10-Mar-15
,7,Zomba 4,3,2015,3,24-Mar-15
,13,Zomba 4,3,2015,3,10-Mar-15
,17,Zomba 4,3,2015,3,12-Mar-15
,7,Zomba 4,3,2015,3,08-Mar-15
,39,Zomba 4,3,2015,3,10-Mar-15
,32,Zomba 4,3,2015,3,10-Mar-15
,50,Zomba 4,3,2015,3,13-Mar-15
,31,Zomba 4,3,2015,3,13-Mar-15
,41,Zomba 4,3,2015,3,13-Mar-15
,48,Zomba 4,3,2015,3,12-Mar-15
,35,Zomba 4,3,2015,3,13-Mar-15
,16,Zomba 4,1,2012,3,06-Jan-12
,23,Zomba 4,3,2015,3,17-Mar-15
,18,Zomba 4,3,2015,3,17-Mar-15
,29,Zomba 4,3,2015,3,14-Mar-15
,26,Zomba 4,3,2015,3,21-Mar-15
,34,Zomba 4,3,2015,3,22-Mar-15
,20,Zomba 4,3,2015,3,25-Mar-15
,69,Zomba 4,3,2015,3,13-Mar-15
,45,Zomba 4,1,2013,3,27-Jan-13
,20,Zomba 4,3,2015,3,10-Mar-15
,30,Zomba 4,3,2015,3,15-Mar-15
,16,Zomba 4,3,2015,3,14-Mar-15
,30,Zomba 4,3,2015,3,14-Mar-15
,19,Zomba 4,3,2015,3,14-Mar-15
,25,Zomba 4,3,2015,3,14-Mar-15
,45,Zomba 4,3,2015,3,11-Mar-15
,30,Zomba 4,3,2015,3,10-Mar-15
,32,Zomba 4,3,2015,3,19-Mar-15
,21,Zomba 4,3,2015,3,19-Mar-15
,38,Zomba 4,3,2015,3,19-Mar-15
,54,Zomba 4,3,2015,3,19-Mar-15
,26,Zomba 4,3,2015,3,31-Mar-15
,16,Zomba 4,3,2015,3,31-Mar-15
,24,Zomba 4,1,2012,3,11-Jan-12
,19,Zomba 4,1,2012,3,11-Jan-12
,36,Zomba 4,3,2015,3,10-Mar-15
,20,Zomba 4,1,2012,3,11-Jan-12
,38,Zomba 4,1,2012,3,04-Jan-12
,21,Zomba 4,1,2012,3,11-Jan-12
,21,Zomba 4,3,2015,3,18-Mar-15
,42,Zomba 4,3,2015,3,15-Mar-15
,46,Zomba 4,3,2015,3,15-Mar-15
,20,Zomba 4,3,2015,3,11-Mar-15
,15,Zomba 4,3,2015,3,26-Mar-15
,15,Zomba 4,3,2015,3,26-Mar-15
,40,Zomba 4,3,2015,3,26-Mar-15
,20,Zomba 4,3,2015,3,26-Mar-15
,50,Zomba 4,4,2015,3,13-Apr-15
,45,Zomba 4,3,2015,3,16-Mar-15
,30,Zomba 4,4,2015,3,13-Apr-15
,15,Zomba 4,1,2012,3,11-Jan-12
,20,Zomba 4,3,2015,3,26-Mar-15
,50,Zomba 4,3,2015,3,16-Mar-15
,20,Zomba 4,1,2012,3,11-Jan-12
,21,Zomba 4,3,2015,3,06-Mar-15
,11,Zomba 4,3,2015,3,06-Mar-15
,8,Zomba 4,3,2015,3,06-Mar-15
,8,Zomba 4,3,2015,3,10-Mar-15
,14,Zomba 4,3,2015,3,08-Mar-15
,16,Zomba 4,3,2015,3,08-Mar-15
,40,Zomba 4,3,2015,3,16-Mar-15
,45,Zomba 4,3,2015,3,18-Mar-15
,15,Zomba 4,3,2015,3,18-Mar-15
,60,Zomba 4,3,2015,3,16-Mar-15
,11,Zomba 4,4,2015,3,19-Apr-15
,10,Zomba 4,4,2015,3,19-Apr-15
,50,Zomba 4,12,2014,3,16-Dec-14
,32,Zomba 4,12,2014,3,18-Dec-14
,46,Zomba 4,12,2014,3,18-Dec-14
,34,Zomba 4,4,2015,3,01-Apr-15
,32,Zomba 4,1,2012,3,01-Jan-12
,62,Zomba 4,1,2012,3,04-Jan-12
,90,Zomba 4,5,2015,3,12-May-15
,90,Zomba 4,5,2015,3,12-May-15
,347,Zomba 4,1,2013,3,03-Jan-13
,33,Zomba 4,12,2014,3,17-Dec-14
,79,Zomba 4,12,2014,3,16-Dec-14
,47,Zomba 4,12,2014,3,18-Dec-14
,36,Zomba 4,4,2015,3,01-Apr-15
,11,Zomba 4,12,2014,3,19-Dec-14
,20,Zomba 4,12,2014,3,20-Dec-14
,27,Zomba 4,12,2014,3,18-Dec-14
,22,Zomba 4,11,2014,3,24-Nov-14
,20,Zomba 4,12,2014,3,15-Dec-14
,25,Zomba 4,12,2014,3,15-Dec-14
,21,Zomba 4,12,2014,3,17-Dec-14
,47,Zomba 4,12,2014,3,18-Dec-14
,46,Zomba 4,12,2014,3,17-Dec-14
,45,Zomba 4,11,2014,3,14-Nov-14
,90,Zomba 4,5,2015,3,12-May-15
,34,Zomba 4,12,2014,3,17-Dec-14
,32,Zomba 4,12,2014,3,29-Dec-14
,44,Zomba 4,12,2014,3,23-Dec-14
,36,Zomba 4,12,2014,3,23-Dec-14
,22,Zomba 4,12,2014,3,29-Dec-14
,20,Zomba 4,3,2015,3,29-Mar-15
,35,Zomba 4,3,2015,3,03-Mar-15
,114,Zomba 4,3,2015,3,02-Mar-15
,18,Zomba 4,3,2015,3,02-Mar-15
,90,Zomba 4,3,2015,3,03-Mar-15
,54,Zomba 4,3,2015,3,31-Mar-15
,32,Zomba 4,12,2014,3,15-Dec-14
,18,Zomba 4,12,2014,3,16-Dec-14
,28,Zomba 4,1,2012,3,05-Jan-12
,28,Zomba 4,12,2014,3,16-Dec-14
,27,Zomba 4,12,2014,3,16-Dec-14
,15,Zomba 4,12,2014,3,17-Dec-14
,35,Zomba 4,12,2014,3,16-Dec-14
,54,Zomba 4,3,2015,3,13-Mar-15
,20,Zomba 4,3,2015,3,10-Mar-15
,15,Zomba 4,3,2015,3,10-Mar-15
,40,Zomba 4,3,2015,3,17-Mar-15
,20,Zomba 4,1,2013,3,10-Jan-13
,23,Zomba 4,12,2014,3,17-Dec-14
,15,Zomba 4,12,2014,3,19-Dec-14
,16,Zomba 4,2,2015,3,25-Feb-15
,20,Zomba 4,1,2013,3,10-Jan-13
,28,Zomba 4,1,2013,3,11-Jan-13
,85,Zomba 4,12,2014,3,17-Dec-14
,80,Zomba 4,12,2014,3,17-Dec-14
,50,Zomba 4,3,2015,3,27-Mar-15
,80,Zomba 4,3,2015,3,05-Mar-15
,126,Zomba 4,12,2014,3,16-Dec-14
,50,Zomba 4,3,2015,3,04-Mar-15
,90,Zomba 4,12,2014,3,18-Dec-14
,52,Zomba 4,12,2014,3,17-Dec-14
,100,Zomba 4,12,2014,3,17-Dec-14
,80,Zomba 4,3,2015,3,05-Mar-15
,15,Zomba 4,12,2014,3,20-Dec-14
,18,Zomba 4,4,2015,3,07-Apr-15
,12,Zomba 4,12,2014,3,19-Dec-14
,25,Zomba 4,12,2014,3,20-Dec-14
,25,Zomba 4,12,2014,3,20-Dec-14
,10,Zomba 4,4,2015,3,08-Apr-15
,30,Zomba 4,12,2014,3,19-Dec-14
,50,Zomba 4,12,2014,3,19-Dec-14
,40,Zomba 4,4,2015,3,01-Apr-15
,70,Zomba 4,12,2014,3,16-Dec-14
,70,Zomba 4,1,2013,3,05-Jan-13
,40,Zomba 4,12,2014,3,16-Dec-14
,140,Zomba 4,12,2014,3,16-Dec-14
,250,Zomba 4,12,2014,3,16-Dec-14
,200,Zomba 4,12,2014,3,16-Dec-14
,150,Zomba 4,12,2014,3,18-Dec-14
,200,Zomba 4,12,2014,3,19-Dec-14
,150,Zomba 4,12,2014,3,18-Dec-14
,11,Zomba 4,12,2014,3,18-Dec-14
,10,Zomba 4,12,2014,3,18-Dec-14
,10,Zomba 4,12,2014,3,18-Dec-14
,40,Zomba 4,3,2015,3,05-Mar-15
,15,Zomba 4,12,2014,3,18-Dec-14
,35,Zomba 4,3,2015,3,06-Mar-15
,38,Zomba 4,3,2015,3,15-Mar-15
,46,Zomba 4,3,2015,3,10-Mar-15
,38,Zomba 4,3,2015,3,15-Mar-15
,46,Zomba 4,3,2015,3,10-Mar-15
,28,Zomba 4,3,2015,3,26-Mar-15
,20,Zomba 4,3,2015,3,26-Mar-15
,22,Zomba 4,3,2015,3,22-Mar-15
,31,Zomba 4,3,2015,3,22-Mar-15
,52,Zomba 4,3,2015,3,17-Mar-15
,29,Zomba 4,3,2015,3,21-Mar-15
,44,Zomba 4,3,2015,3,24-Mar-15
,19,Zomba 4,3,2015,3,26-Mar-15
,21,Zomba 4,3,2015,3,24-Mar-15
,18,Zomba 4,3,2015,3,25-Mar-15
,16,Zomba 4,3,2015,3,25-Mar-15
,19,Zomba 4,3,2015,3,25-Mar-15
,17,Zomba 4,3,2015,3,25-Mar-15
,16,Zomba 4,3,2015,3,25-Mar-15
,16,Zomba 4,3,2015,3,25-Mar-15
,18,Zomba 4,3,2015,3,25-Mar-15
,20,Zomba 4,3,2015,3,25-Mar-15
,28,Zomba 4,3,2015,3,25-Mar-15
,30,Zomba 4,3,2015,3,25-Mar-15
,20,Zomba 4,3,2015,3,25-Mar-15
,13,Zomba 4,1,2013,3,09-Jan-13
,18,Zomba 4,1,2013,3,08-Jan-13
,43,Zomba 4,3,2015,3,23-Mar-15
,43,Zomba 4,3,2015,3,21-Mar-15
,42,Zomba 4,3,2015,3,20-Mar-15
,41,Zomba 4,3,2015,3,20-Mar-15
,42,Zomba 4,3,2015,3,20-Mar-15
,24,Zomba 4,12,2014,3,17-Dec-14
,90,Zomba 4,5,2015,3,12-May-15
,35,Zomba 4,12,2014,3,17-Dec-14
,24,Zomba 4,12,2014,3,17-Dec-14
,40,Zomba 4,12,2014,3,18-Dec-14
,20,Zomba 4,3,2015,3,24-Mar-15
,24,Zomba 4,3,2015,3,24-Mar-15
,24,Zomba 4,3,2015,3,24-Mar-15
,24,Zomba 4,3,2015,3,24-Mar-15
,20,Zomba 4,3,2015,3,24-Mar-15
,22,Zomba 4,3,2015,3,25-Mar-15
,19,Zomba 4,3,2015,3,25-Mar-15
,19,Zomba 4,3,2015,3,24-Mar-15
,19,Zomba 4,3,2015,3,25-Mar-15
,29,Zomba 4,3,2015,3,25-Mar-15
,27,Zomba 4,4,2015,3,15-Apr-15
,19,Zomba 4,3,2015,3,24-Mar-15
,12,Zomba 4,3,2015,3,24-Mar-15
,22,Zomba 4,3,2015,3,24-Mar-15
,15,Zomba 4,3,2015,3,25-Mar-15
,35,Zomba 4,3,2015,3,24-Mar-15
,20,Zomba 4,3,2015,3,24-Mar-15
,26,Zomba 4,3,2015,3,24-Mar-15
,75,Zomba 4,3,2015,3,21-Mar-15
,50,Zomba 4,3,2015,3,21-Mar-15
,84,Zomba 4,3,2015,3,21-Mar-15
,28,Zomba 4,3,2015,3,21-Mar-15
,27,Zomba 4,3,2015,3,17-Mar-15
,24,Zomba 4,3,2015,3,18-Mar-15
,37,Zomba 4,3,2015,3,17-Mar-15
,33,Zomba 4,3,2015,3,18-Mar-15
,28,Zomba 4,3,2015,3,17-Mar-15
,19,Zomba 4,3,2015,3,17-Mar-15
,32,Zomba 4,3,2015,3,18-Mar-15
,33,Zomba 4,3,2015,3,18-Mar-15
,26,Zomba 4,3,2015,3,20-Mar-15
,27,Zomba 4,3,2015,3,24-Mar-15
,48,Zomba 4,3,2015,3,21-Mar-15
,43,Zomba 4,3,2015,3,21-Mar-15
,18,Zomba 4,3,2015,3,21-Mar-15
,39,Zomba 4,3,2015,3,20-Mar-15
,51,Zomba 4,3,2015,3,24-Mar-15
,19,Zomba 4,3,2015,3,24-Mar-15
,27,Zomba 4,3,2015,3,22-Mar-15
,15,Zomba 4,3,2015,3,25-Mar-15
,30,Zomba 4,3,2015,3,22-Mar-15
,26,Zomba 4,12,2014,3,16-Dec-14
,24,Zomba 4,12,2014,3,18-Dec-14
,28,Zomba 4,1,2013,3,10-Jan-13
,16,Zomba 4,3,2015,4,29-Mar-15
,20,Zomba 4,1,2013,3,10-Jan-13
,20,Zomba 4,1,2013,3,10-Jan-13
,15,Zomba 4,1,2013,3,11-Jan-13
,15,Zomba 4,1,2012,3,05-Jan-12
,11,Zomba 4,3,2015,3,13-Mar-15
,17,Zomba 4,1,2012,3,11-Jan-12
,32,Zomba 4,3,2015,3,24-Mar-15
,29,Zomba 4,3,2015,3,25-Mar-15
,32,Zomba 4,3,2015,3,25-Mar-15
,35,Zomba 4,3,2015,3,23-Mar-15
,41,Zomba 4,3,2015,3,26-Mar-15
,22,Zomba 4,3,2015,3,25-Mar-15
,20,Zomba 4,3,2015,3,21-Mar-15
,44,Zomba 4,3,2015,3,22-Mar-15
,107,Zomba 4,3,2015,3,22-Mar-15
,42,Zomba 4,4,2015,3,13-Apr-15
,40,Zomba 4,3,2015,3,31-Mar-15
,34,Zomba 4,3,2015,3,31-Mar-15
,45,Zomba 4,4,2015,3,01-Apr-15
,20,Zomba 4,3,2015,3,31-Mar-15
,27,Zomba 4,3,2015,3,31-Mar-15
,48,Zomba 4,4,2015,3,06-Apr-15
,23,Zomba 4,4,2015,3,06-Apr-15
,43,Zomba 4,3,2015,3,23-Mar-15
,25,Zomba 4,4,2015,3,01-Apr-15
,41,Zomba 4,1,2013,3,02-Jan-13
,39,Zomba 4,3,2015,3,21-Mar-15
,10,Zomba 4,3,2015,3,24-Mar-15
,46,Zomba 4,3,2015,3,27-Mar-15
,25,Zomba 4,4,2015,3,04-Apr-15
,56,Zomba 4,4,2015,3,01-Apr-15
,80,Zomba 4,4,2015,3,02-Apr-15
,80,Zomba 4,4,2015,3,02-Apr-15
,38,Zomba 4,3,2015,3,20-Mar-15
,33,Zomba 4,3,2015,3,20-Mar-15
,45,Zomba 4,3,2015,3,27-Mar-15
,45,Zomba 4,3,2015,3,27-Mar-15
,85,Zomba 4,4,2015,3,01-Apr-15
,85,Zomba 4,4,2015,3,01-Apr-15
,42,Zomba 4,4,2015,3,01-Apr-15
,46,Zomba 4,3,2015,3,31-Mar-15
,20,Zomba 4,3,2015,3,31-Mar-15
,50,Zomba 4,3,2015,3,27-Mar-15
,49,Zomba 4,3,2015,3,21-Mar-15
,67,Zomba 4,3,2015,3,22-Mar-15
,24,Zomba 4,1,2013,3,02-Jan-13
,56,Zomba 4,3,2015,3,30-Mar-15
,38,Zomba 4,3,2015,3,30-Mar-15
,13,Zomba 4,3,2015,3,28-Mar-15
,23,Zomba 4,3,2015,3,26-Mar-15
,36,Zomba 4,3,2015,3,30-Mar-15
,28,Zomba 4,4,2015,3,01-Apr-15
,96,Zomba 4,3,2015,3,27-Mar-15
,39,Zomba 4,3,2015,3,27-Mar-15
,43,Zomba 4,3,2015,3,27-Mar-15
,29,Zomba 4,3,2015,3,26-Mar-15
,23,Zomba 4,3,2015,3,25-Mar-15
,20,Zomba 4,3,2015,3,25-Mar-15
,35,Zomba 4,3,2015,3,31-Mar-15
,52,Zomba 4,3,2015,3,31-Mar-15
,28,Zomba 4,1,2013,3,02-Jan-13
,30,Zomba 4,3,2015,3,23-Mar-15
,50,Zomba 4,3,2015,3,17-Mar-15
,50,Zomba 4,3,2015,3,18-Mar-15
,65,Zomba 4,3,2015,3,17-Mar-15
,48,Zomba 4,3,2015,3,18-Mar-15
,38,Zomba 4,3,2015,3,18-Mar-15
,19,Zomba 4,3,2015,3,18-Mar-15
,35,Zomba 4,3,2015,3,10-Mar-15
,38,Zomba 4,3,2015,3,10-Mar-15
,25,Zomba 4,3,2015,3,10-Mar-15
,15,Zomba 4,3,2015,3,13-Mar-15
,30,Zomba 4,3,2015,3,10-Mar-15
,40,Zomba 4,3,2015,3,11-Mar-15
,85,Zomba 4,3,2015,3,17-Mar-15
,85,Zomba 4,3,2015,3,17-Mar-15
,55,Zomba 4,3,2015,3,18-Mar-15
,37,Zomba 4,3,2015,3,18-Mar-15
,26,Zomba 4,3,2015,3,18-Mar-15
,37,Zomba 4,3,2015,3,18-Mar-15
,36,Zomba 4,3,2015,3,18-Mar-15
,20,Zomba 4,3,2015,3,17-Mar-15
,35,Zomba 4,3,2015,3,17-Mar-15
,55,Zomba 4,3,2015,3,10-Mar-15
,60,Zomba 4,3,2015,3,10-Mar-15
,20,Zomba 4,3,2015,3,17-Mar-15
,40,Zomba 4,3,2015,3,17-Mar-15
,60,Zomba 4,3,2015,3,18-Mar-15
,60,Zomba 4,3,2015,3,18-Mar-15
,52,Zomba 4,3,2015,3,19-Mar-15
,55,Zomba 4,3,2015,3,24-Mar-15
,40,Zomba 4,3,2015,3,24-Mar-15
,40,Zomba 4,3,2015,3,24-Mar-15
,18,Zomba 4,3,2015,3,24-Mar-15
,18,Zomba 4,3,2015,3,24-Mar-15
,23,Zomba 4,3,2015,3,09-Mar-15
,17,Zomba 4,3,2015,3,09-Mar-15
,42,Zomba 4,3,2015,3,19-Mar-15
,25,Zomba 4,3,2015,3,10-Mar-15
,25,Zomba 4,3,2015,3,10-Mar-15
,28,Zomba 4,3,2015,3,11-Mar-15
,35,Zomba 4,3,2015,3,10-Mar-15
,30,Zomba 4,1,2013,3,21-Jan-13
,30,Zomba 4,1,2013,3,27-Jan-13
,22,Zomba 4,1,2013,3,27-Jan-13
,28,Zomba 4,1,2013,3,27-Jan-13
,25,Zomba 4,1,2013,3,27-Jan-13
,25,Zomba 4,1,2013,3,27-Jan-13
,35,Zomba 4,1,2013,3,27-Jan-13
,20,Zomba 4,1,2013,3,27-Jan-13
,30,Zomba 4,1,2013,3,27-Jan-13
,20,Zomba 4,3,2015,3,17-Mar-15
,28,Zomba 4,3,2015,3,17-Mar-15
,50,Zomba 4,3,2015,3,19-Mar-15
,25,Zomba 4,3,2015,3,19-Mar-15
,55,Zomba 4,3,2015,3,19-Mar-15
,60,Zomba 4,3,2015,3,18-Mar-15
,80,Zomba 4,3,2015,3,18-Mar-15
,70,Zomba 4,3,2015,3,18-Mar-15
,60,Zomba 4,3,2015,3,17-Mar-15
,50,Zomba 4,3,2015,3,18-Mar-15
,80,Zomba 4,3,2015,3,18-Mar-15
,80,Zomba 4,3,2015,3,18-Mar-15
,32,Zomba 4,3,2015,3,18-Mar-15
,26,Zomba 4,3,2015,3,18-Mar-15
,18,Zomba 4,3,2015,3,13-Mar-15
,45,Zomba 4,3,2015,3,14-Mar-15
,20,Zomba 4,3,2015,3,14-Mar-15
,15,Zomba 4,3,2015,3,14-Mar-15
,20,Zomba 4,3,2015,3,14-Mar-15
,20,Zomba 4,3,2015,3,14-Mar-15
,15,Zomba 4,3,2015,3,15-Mar-15
,30,Zomba 4,3,2015,3,15-Mar-15
,35,Zomba 4,3,2015,3,17-Mar-15
,40,Zomba 4,3,2015,3,17-Mar-15
,16,Zomba 4,3,2015,3,12-Mar-15
,26,Zomba 4,3,2015,3,13-Mar-15
,19,Zomba 4,3,2015,3,12-Mar-15
,32,Zomba 4,3,2015,3,13-Mar-15
,50,Zomba 4,3,2015,3,11-Mar-15
,14,Zomba 4,3,2015,3,12-Mar-15
,29,Zomba 4,3,2015,3,17-Mar-15
,38,Zomba 4,3,2015,3,17-Mar-15
,16,Zomba 4,3,2015,3,17-Mar-15
,24,Zomba 4,3,2015,3,18-Mar-15
,51,Zomba 4,3,2015,3,18-Mar-15
,24,Zomba 4,3,2015,3,18-Mar-15
,43,Zomba 4,3,2015,3,18-Mar-15
,15,Zomba 4,3,2015,3,12-Mar-15
,20,Zomba 4,3,2015,3,12-Mar-15
,25,Zomba 4,3,2015,3,13-Mar-15
,35,Zomba 4,3,2015,3,12-Mar-15
,25,Zomba 4,3,2015,3,13-Mar-15
,18,Zomba 4,3,2015,3,18-Mar-15
,20,Zomba 4,1,2013,3,10-Jan-13
,22,Zomba 4,3,2015,3,18-Mar-15
,30,Zomba 4,3,2015,3,17-Mar-15
,24,Zomba 4,3,2015,3,09-Mar-15
,20,Zomba 4,3,2015,3,09-Mar-15
,17,Zomba 4,3,2015,3,18-Mar-15
,19,Zomba 4,3,2015,3,18-Mar-15
,32,Zomba 4,3,2015,3,22-Mar-15
,42,Zomba 4,3,2015,3,22-Mar-15
,45,Zomba 4,3,2015,3,18-Mar-15
,52,Zomba 4,3,2015,3,27-Mar-15
,25,Zomba 4,3,2015,3,13-Mar-15
,18,Zomba 4,3,2015,3,13-Mar-15
,22,Zomba 4,3,2015,3,13-Mar-15
,39,Zomba 4,3,2015,3,18-Mar-15
,27,Zomba 4,3,2015,3,17-Mar-15
,42,Zomba 4,3,2015,3,19-Mar-15
,31,Zomba 4,3,2015,3,18-Mar-15
,14,Zomba 4,3,2015,3,12-Mar-15
,15,Zomba 4,3,2015,3,10-Mar-15
,20,Zomba 4,3,2015,3,10-Mar-15
,50,Zomba 4,3,2015,3,13-Mar-15
,20,Zomba 4,3,2015,3,13-Mar-15
,50,Zomba 4,3,2015,3,13-Mar-15
,15,Zomba 4,3,2015,3,13-Mar-15
,40,Zomba 4,3,2015,3,13-Mar-15
,20,Zomba 4,3,2015,3,24-Mar-15
,38,Zomba 4,3,2015,3,24-Mar-15
,30,Zomba 4,3,2015,3,24-Mar-15
,40,Zomba 4,3,2015,3,20-Mar-15
,60,Zomba 4,3,2015,3,24-Mar-15
,60,Zomba 4,3,2015,3,24-Mar-15
,38,Zomba 4,3,2015,3,24-Mar-15
,15,Zomba 4,3,2015,3,24-Mar-15
,21,Zomba 4,3,2015,3,13-Mar-15
,30,Zomba 4,3,2015,3,13-Mar-15
,18,Zomba 4,3,2015,3,13-Mar-15
,52,Zomba 4,3,2015,3,13-Mar-15
,28,Zomba 4,3,2015,3,13-Mar-15
,18,Zomba 4,3,2015,3,13-Mar-15
,19,Zomba 4,3,2015,3,13-Mar-15
,25,Zomba 4,3,2015,3,18-Mar-15
,41,Zomba 4,3,2015,3,18-Mar-15
,65,Zomba 4,3,2015,3,18-Mar-15
,18,Zomba 4,3,2015,3,11-Mar-15
,28,Zomba 4,3,2015,3,10-Mar-15
,28,Zomba 4,3,2015,3,10-Mar-15
,29,Zomba 4,3,2015,3,18-Mar-15
,28,Zomba 4,3,2015,3,18-Mar-15
,37,Zomba 4,3,2015,3,18-Mar-15
,33,Zomba 4,3,2015,3,18-Mar-15
,63,Zomba 4,3,2015,3,18-Mar-15
,35,Zomba 4,3,2015,3,18-Mar-15
,32,Zomba 4,3,2015,3,23-Mar-15
,80,Zomba 4,3,2015,3,18-Mar-15
,33,Zomba 4,3,2015,3,18-Mar-15
,45,Zomba 4,3,2015,3,17-Mar-15
,61,Zomba 4,3,2015,3,18-Mar-15
,35,Zomba 4,1,2013,3,25-Jan-13
,30,Zomba 4,1,2013,3,25-Jan-13
,40,Zomba 4,1,2013,3,25-Jan-13
,28,Zomba 4,1,2013,3,25-Jan-13
,75,Zomba 1,12,2013,3,20-Dec-13
,150,Zomba 1,12,2013,3,12-Dec-13
,75,Zomba 1,12,2013,3,18-Dec-13
,53,Zomba 1,12,2013,3,17-Dec-13
,78,Zomba 1,12,2013,3,20-Dec-13
,70,Zomba 1,12,2013,3,18-Dec-13
,50,Zomba 1,12,2013,3,18-Dec-13
,101,Zomba 1,12,2013,3,19-Dec-13
,58,Zomba 1,12,2013,3,16-Dec-13
,27,Zomba 1,12,2013,3,19-Dec-13
,37,Zomba 1,12,2013,3,16-Dec-13
,82,Zomba 1,12,2013,3,20-Dec-13
,45,Zomba 1,12,2013,3,18-Dec-13
,25,Zomba 1,12,2013,3,19-Dec-13
,30,Zomba 1,12,2013,3,19-Dec-13
,35,Zomba 1,12,2013,3,19-Dec-13
,72,Zomba 1,12,2013,3,17-Dec-13
,24,Zomba 2,4,2014,3,05-Apr-14
,54,Zomba 1,4,2014,3,07-Apr-14
,60,Zomba 1,4,2014,3,08-Apr-14
,49,Zomba 1,1,2012,3,02-Jan-12
,32,Zomba 1,4,2014,3,05-Apr-14
,73,Zomba 1,4,2014,3,08-Apr-14
,40,Zomba 2,4,2014,3,05-Apr-14
,35,Zomba 2,4,2014,3,04-Apr-14
,40,Zomba 2,4,2014,3,06-Apr-14
,43,Zomba 1,4,2014,3,05-Apr-14
,63,Zomba 2,4,2014,3,09-Apr-14
,40,Zomba 1,4,2014,3,08-Apr-14
,60,Zomba 1,4,2014,3,04-Apr-14
,80,Zomba 1,4,2014,3,05-Apr-14
,98,Zomba 1,4,2014,3,02-Apr-14
,1040,Zomba 1,4,2014,3,05-Apr-14
,38,Zomba 1,4,2014,3,03-Apr-14
,16,Zomba 1,4,2014,3,03-Apr-14
,26,Zomba 1,4,2014,3,03-Apr-14
,40,Zomba 1,4,2014,3,04-Apr-14
,42,Zomba 1,4,2014,3,03-Apr-14
,33,Zomba 1,4,2014,3,02-Apr-14
,88,Zomba 1,4,2014,3,02-Apr-14
,52,Zomba 2,4,2014,3,05-Apr-14
,86,Zomba 1,4,2014,3,08-Apr-14
,85,Zomba 1,4,2014,3,04-Apr-14
,46,Zomba 2,4,2014,3,09-Apr-14
,33,Zomba 1,4,2014,3,08-Apr-14
,52,Zomba 2,4,2014,3,08-Apr-14
,56,Zomba 1,4,2014,3,05-Apr-14
,47,Zomba 1,4,2014,3,06-Apr-14
,21,Zomba 2,4,2014,3,09-Apr-14
,24,Zomba 2,4,2014,3,09-Apr-14
,64,Zomba 1,4,2014,3,04-Apr-14
,63,Zomba 1,4,2014,3,04-Apr-14
,24,Zomba 1,1,2013,3,01-Jan-13
,41,Zomba 2,4,2014,3,08-Apr-14
,49,Zomba 1,4,2014,3,08-Apr-14
,59,Zomba 2,4,2014,3,11-Apr-14
,63,Zomba 2,4,2014,3,07-Apr-14
,23,Zomba 2,4,2014,3,07-Apr-14
,30,Zomba 2,4,2014,3,08-Apr-14
,72,Zomba 1,4,2014,3,08-Apr-14
,41,Zomba 2,4,2014,3,02-Apr-14
,32,Zomba 2,4,2014,3,02-Apr-14
,63,Zomba 1,4,2014,3,10-Apr-14
,25,Zomba 1,4,2014,3,09-Apr-14
,22,Zomba 1,4,2014,3,05-Apr-14
,47,Zomba 2,4,2014,3,07-Apr-14
,24,Zomba 2,4,2014,3,09-Apr-14
,45,Zomba 2,4,2014,3,09-Apr-14
,30,Zomba 2,4,2014,3,07-Apr-14
,20,Zomba 2,4,2014,3,07-Apr-14
,47,Zomba 1,12,2013,3,17-Dec-13
,40,Zomba 1,12,2013,3,16-Dec-13
,26,Zomba 1,12,2013,3,19-Dec-13
