id,t011_program,t313_wpt_fail,t301b_wpt_flow_rate_slow,t302_landowner_personality,t302a_rep_wsb_talkedto,t302b_rep_wsb_accepted_disp,t310_wpt_drinking_water,t303b_turbitube_100ntu,t303_turbidity_wet,t304_turbidity_dry,t305b_flow_how_many_months,avg_users,t311_wpt_pass,t009_country,month,year,t005_today
,ZMB1_2,,,,1,1,1,,3,3,,,1,3,11,2013,22-Nov-13
,ZMB1_2,1,,,,,,,,,,,,3,11,2013,22-Nov-13
,ZMB1_2,0,,,1,1,1,,3,3,,,,3,11,2013,21-Nov-13
,ZMB1_2,,,,1,-999,1,,3,3,,,1,3,11,2013,22-Nov-13
,ZMB1_2,,,,1,1,1,,3,3,,,1,3,11,2013,21-Nov-13
,ZMB1_2,,,,1,1,1,,3,3,,,1,3,11,2013,22-Nov-13
,ZMB1_2,1,,,,,,,,,,,,3,11,2013,21-Nov-13
,ZMB1_2,,,,1,1,1,,3,3,,,1,3,11,2013,23-Nov-13
,ZMB1_2,,,,1,1,1,,3,3,,,1,3,11,2013,21-Nov-13
,ZMB1_2,1,,,1,1,1,,1,1,,,,3,11,2013,21-Nov-13
,ZMB1_2,,,,1,1,1,,3,3,,,1,3,11,2013,21-Nov-13
,ZMB1_2,1,,1,,,1,,1,1,,,,3,11,2013,22-Nov-13
,ZMB1_2,,,,1,1,1,,3,3,,,1,3,11,2013,21-Nov-13
,ZMB1_2,1,,1,,,1,,1,3,,,,3,11,2013,21-Nov-13
,ZMB1_2,,,,1,1,1,,2,3,,,1,3,11,2013,22-Nov-13
,ZMB1_2,,,,,,1,,3,3,,,1,3,11,2013,22-Nov-13
,ZMB1_2,,,,1,1,1,,3,3,,,0,3,11,2013,22-Nov-13
,ZMB1_2,,,,1,1,1,,3,3,,,1,3,11,2013,21-Nov-13
,ZMB1_2,,,,1,1,1,,3,3,,,0,3,11,2013,22-Nov-13
,ZMB1_2,1,,,1,1,1,,3,1,,,,3,11,2013,21-Nov-13
,ZMB1_2,1,,,,,,,,,,,,3,11,2013,21-Nov-13
,ZMB1_2,,,,1,1,1,,3,3,,,1,3,2,2014,01-Feb-14
,ZMB1_2,1,,,1,1,1,,1,1,,,,3,11,2013,22-Nov-13
,ZMB1_2,,,,1,1,1,,3,3,,,1,3,11,2013,21-Nov-13
,ZMB1_2,0,,0,,,,,,,,,,3,11,2013,21-Nov-13
,ZMB1_2,0,,1,,,0,,,,,,,3,11,2013,21-Nov-13
,ZMB1_2,,,,0,,1,,3,3,,,1,3,11,2013,22-Nov-13
,ZMB3,,1,,1,1,1,,3,3,,163.3333,1,3,8,2014,07-Aug-14
,ZMB1_2,,,,1,1,1,,3,3,,,1,3,11,2013,21-Nov-13
,ZMB1_2,1,,,,,,,,,,,,3,11,2013,21-Nov-13
,ZMB1_2,,,,1,1,1,,3,3,,,1,3,11,2013,21-Nov-13
,ZMB1_2,,,,1,1,1,,3,3,,,1,3,11,2013,21-Nov-13
,ZMB1_2,,,,1,1,1,,3,3,,,1,3,2,2014,01-Feb-14
,ZMB1_2,,,,1,1,1,,3,3,,,1,3,11,2013,22-Nov-13
,ZMB1_2,,,,0,,1,,3,3,,,1,3,1,2014,21-Jan-14
,ZMB1_2,,,,1,1,1,,3,3,,,1,3,2,2014,01-Feb-14
,ZMB1_2,1,,,1,1,1,,3,3,,,,3,11,2013,22-Nov-13
,ZMB1_2,,,,1,1,1,,3,3,,,1,3,11,2013,22-Nov-13
,ZMB1_2,,,1,,,1,,3,3,,,1,3,11,2013,22-Nov-13
,ZMB1_2,,,,1,1,1,,3,3,,,1,3,11,2013,22-Nov-13
,ZMB1_2,,,,1,1,1,,3,3,,,1,3,2,2014,01-Feb-14
,ZMB1_2,,,,1,1,1,,3,3,,,1,3,2,2014,01-Feb-14
,ZMB1_2,,,,1,1,1,,3,3,,,1,3,2,2014,01-Feb-14
,ZMB1_2,1,,,1,1,1,,1,3,,,,3,11,2013,21-Nov-13
,ZMB1_2,,,,1,1,1,,3,3,,,1,3,11,2013,21-Nov-13
,ZMB1_2,1,,,1,1,1,,1,3,,,,3,1,2014,22-Jan-14
,ZMB1_2,,,,1,1,1,,3,3,,,1,3,1,2014,26-Jan-14
,ZMB1_2,,,1,,,1,,3,3,,,1,3,1,2014,27-Jan-14
,ZMB1_2,1,,1,,,1,,1,3,,,,3,1,2014,27-Jan-14
,ZMB1_2,1,,,,,,,,,,,,3,1,2014,27-Jan-14
,ZMB1_2,1,,,,,,,,,,,,3,1,2014,27-Jan-14
,ZMB1_2,,,,1,1,1,,3,3,,,1,3,1,2014,27-Jan-14
,ZMB1_2,,,1,,,1,,3,3,,,1,3,1,2014,27-Jan-14
,ZMB1_2,,,,1,1,1,,3,3,,,1,3,1,2014,27-Jan-14
,ZMB1_2,,,1,,,1,,3,3,,,1,3,1,2014,29-Jan-14
,ZMB1_2,0,,,,,,,,,,,,3,1,2014,29-Jan-14
,ZMB1_2,,,,1,1,1,,2,3,,,1,3,1,2014,27-Jan-14
,ZMB1_2,,,,1,1,1,,3,3,,,1,3,1,2012,02-Jan-12
,ZMB1_2,,,,1,1,1,,3,3,,,1,3,1,2012,02-Jan-12
,ZMB1_2,,,,1,1,1,,3,3,,,1,3,1,2012,01-Jan-12
,ZMB1_2,,,,1,1,1,,3,3,,,1,3,1,2012,02-Jan-12
,ZMB1_2,1,,0,,,,,,,,,,3,1,2014,28-Jan-14
,ZMB1_2,1,,1,,,1,,1,1,,,,3,1,2014,28-Jan-14
,ZMB1_2,1,,1,,,1,,1,3,,,,3,1,2014,28-Jan-14
,ZMB1_2,0,,1,,,0,,,,,,,3,1,2014,28-Jan-14
,ZMB1_2,0,,1,,,1,,1,1,,,,3,1,2014,28-Jan-14
,ZMB1_2,1,,1,,,1,,1,3,,,,3,1,2014,28-Jan-14
,ZMB1_2,1,,1,,,1,,1,1,,,,3,1,2014,28-Jan-14
,ZMB1_2,1,,1,,,1,,1,3,,,,3,1,2014,28-Jan-14
,ZMB1_2,1,,1,,,1,,1,3,,,,3,1,2014,28-Jan-14
,ZMB1_2,,,,1,1,1,,3,3,,,1,3,1,2014,28-Jan-14
,ZMB1_2,,,,1,1,1,,3,3,,,1,3,1,2013,01-Jan-13
,ZMB1_2,1,,1,,,1,,1,2,,,,3,1,2014,22-Jan-14
,ZMB1_2,1,,,1,1,1,,1,3,,,,3,1,2014,22-Jan-14
,ZMB1_2,1,,,1,1,1,,1,3,,,,3,1,2014,23-Jan-14
,ZMB1_2,,,,1,1,1,,3,3,9,,1,3,1,2014,24-Jan-14
,ZMB1_2,,,1,,,1,,3,3,9,,1,3,1,2014,24-Jan-14
,ZMB1_2,,,,1,1,1,,3,3,9,,1,3,1,2014,24-Jan-14
,ZMB1_2,0,,,1,1,1,,1,3,,,,3,1,2014,25-Jan-14
,ZMB1_2,,,,1,1,1,,3,3,,,1,3,1,2014,25-Jan-14
,ZMB1_2,,,,1,1,1,,3,3,,,1,3,1,2014,27-Jan-14
,ZMB1_2,1,,,,,,,,,,,,3,1,2013,02-Jan-13
,ZMB1_2,1,,,,,1,,1,1,,,,3,1,2013,01-Jan-13
,ZMB1_2,1,,,1,1,1,,1,1,,,,3,1,2013,02-Jan-13
,ZMB1_2,1,,,1,1,1,,1,1,,,,3,1,2013,02-Jan-13
,ZMB1_2,,,,1,1,1,,3,3,,,1,3,1,2013,01-Jan-13
,ZMB1_2,1,,,,,0,,,,,,,3,1,2013,01-Jan-13
,ZMB1_2,1,,,,,1,,1,1,,,,3,1,2013,01-Jan-13
,ZMB1_2,1,,,,,,,,,,,,3,1,2013,02-Jan-13
,ZMB1_2,1,,,,,,,,,,,,3,1,2013,02-Jan-13
,ZMB1_2,1,,,,,,,,,,,,3,1,2013,02-Jan-13
,ZMB1_2,1,,,,,,,,,,,,3,1,2014,24-Jan-14
,ZMB1_2,1,,,,,,,,,,,,3,1,2014,24-Jan-14
,ZMB1_2,1,,1,,,1,,1,1,,,,3,1,2014,24-Jan-14
,ZMB1_2,1,,0,,,,,,,,,,3,1,2014,24-Jan-14
,ZMB1_2,1,,,,,,,,,,,,3,1,2014,28-Jan-14
,ZMB1_2,1,,,0,,1,,1,2,,,,3,1,2014,28-Jan-14
,ZMB1_2,1,,,,,,,,,,,,3,1,2014,28-Jan-14
,ZMB1_2,1,,,1,1,1,,1,1,,,,3,1,2014,28-Jan-14
,ZMB1_2,1,,,,,,,,,,,,3,1,2014,28-Jan-14
,ZMB1_2,1,,,,,,,,,,,,3,1,2014,28-Jan-14
,ZMB1_2,,,,1,1,1,,3,3,,,1,3,1,2014,28-Jan-14
,ZMB1_2,,,,1,1,1,,3,3,,,1,3,1,2014,28-Jan-14
,ZMB1_2,,,,1,1,1,,3,3,,,1,3,1,2014,28-Jan-14
,ZMB1_2,1,,,,,,,,,,,,3,1,2014,28-Jan-14
,ZMB1_2,1,,,1,1,0,,,,,,,3,1,2014,28-Jan-14
,ZMB1_2,,,,1,1,1,,3,3,,,1,3,1,2014,28-Jan-14
,ZMB1_2,,,,1,1,1,,3,3,,,1,3,1,2014,29-Jan-14
,ZMB1_2,,,,1,1,1,,3,3,,,1,3,1,2014,29-Jan-14
,ZMB1_2,,,,1,1,1,,3,3,,,1,3,1,2014,29-Jan-14
,ZMB1_2,,,,1,1,1,,3,3,,,1,3,1,2014,28-Jan-14
,ZMB1_2,,,,1,1,1,,3,3,,,1,3,1,2014,30-Jan-14
,ZMB1_2,1,,,1,1,1,,1,3,,,,3,1,2014,29-Jan-14
,ZMB1_2,,,,1,1,1,,3,3,,,1,3,1,2014,29-Jan-14
,ZMB1_2,,,,1,1,1,,3,3,,,1,3,1,2014,24-Jan-14
,ZMB1_2,,,,1,1,1,,3,3,,,1,3,1,2014,27-Jan-14
,ZMB1_2,1,,1,,,1,,1,1,,,,3,1,2014,28-Jan-14
,ZMB1_2,,,1,,,1,,2,3,,,1,3,1,2014,28-Jan-14
,ZMB1_2,,,,1,1,1,,3,3,,,1,3,1,2014,29-Jan-14
,ZMB1_2,1,,,1,1,1,,1,1,,,,3,1,2014,29-Jan-14
,ZMB1_2,1,,,1,1,1,,1,3,,,,3,1,2014,29-Jan-14
,ZMB1_2,1,,1,,,1,,1,3,,,,3,1,2014,27-Jan-14
,ZMB1_2,1,,1,,,1,,1,3,,,,3,1,2014,27-Jan-14
,ZMB1_2,,,1,,,1,,3,3,,,1,3,1,2014,27-Jan-14
,ZMB1_2,,,,1,1,1,,3,3,,,1,3,1,2014,25-Jan-14
,ZMB1_2,,,1,,,1,,3,3,,,1,3,1,2014,26-Jan-14
,ZMB1_2,,,1,,,1,,3,3,9,,1,3,1,2014,26-Jan-14
,ZMB1_2,,,1,,,1,,3,3,10,,1,3,1,2014,26-Jan-14
,ZMB1_2,,,,1,1,1,,3,3,,,1,3,1,2014,28-Jan-14
,ZMB1_2,,,,1,1,1,,3,3,,,1,3,1,2014,28-Jan-14
,ZMB1_2,,,,1,1,1,,3,3,,,1,3,1,2014,28-Jan-14
,ZMB1_2,,,1,,,1,,2,3,,,1,3,1,2014,28-Jan-14
,ZMB1_2,1,,1,,,1,,1,3,,,,3,1,2014,28-Jan-14
,ZMB1_2,,,,1,1,1,,3,3,,,1,3,1,2014,28-Jan-14
,ZMB1_2,1,,,1,1,1,,1,2,,,,3,1,2014,28-Jan-14
,ZMB1_2,,,,1,1,1,,3,3,12,,1,3,1,2014,24-Jan-14
,ZMB1_2,,,,1,1,1,,3,3,,,1,3,1,2014,28-Jan-14
,ZMB1_2,,,,1,1,1,,3,3,,,1,3,1,2013,01-Jan-13
,ZMB1_2,,,,1,1,1,,3,3,,,1,3,1,2014,27-Jan-14
,ZMB1_2,,,,1,1,1,,3,3,,,1,3,1,2014,28-Jan-14
,ZMB1_2,0,,,0,,0,,,,,,,3,1,2014,28-Jan-14
,ZMB1_2,Don't know,,,,,,,,,,,,3,1,2014,28-Jan-14
,ZMB1_2,,,1,,,1,,3,3,,,1,3,1,2014,28-Jan-14
,ZMB1_2,,,1,,,1,,3,3,,,1,3,1,2014,29-Jan-14
,ZMB1_2,,,,1,1,1,,3,3,,,1,3,1,2014,29-Jan-14
,ZMB1_2,,,,1,1,1,,3,3,,,1,3,1,2014,28-Jan-14
,ZMB1_2,1,,,,,,,,,,,,3,1,2014,28-Jan-14
,ZMB1_2,,,,1,1,1,,3,3,,,1,3,1,2014,28-Jan-14
,ZMB1_2,,,,1,1,1,,3,3,,,1,3,1,2014,29-Jan-14
,ZMB1_2,,,,1,1,1,,3,3,,,1,3,1,2014,27-Jan-14
,ZMB1_2,,,,1,1,1,,3,3,,,1,3,1,2014,28-Jan-14
,ZMB1_2,1,,,0,,1,,1,3,,,,3,11,2013,21-Nov-13
,ZMB1_2,,,,1,1,1,,3,3,,,1,3,1,2014,27-Jan-14
,ZMB1_2,,,,1,1,1,,3,3,,,1,3,1,2014,28-Jan-14
,ZMB1_2,,,,1,1,1,,3,3,,,1,3,1,2014,28-Jan-14
,ZMB3,,1,,1,1,1,,3,3,,46.66667,1,3,7,2014,31-Jul-14
,ZMB3,0,,,,,1,,1,1,,,,3,8,2014,08-Aug-14
,ZMB3,,,,1,1,1,,3,3,,36,1,3,8,2014,01-Aug-14
,ZMB3,,,,1,1,1,,3,3,10,112,1,3,8,2014,04-Aug-14
,ZMB3,,,,1,1,1,,3,3,,400,1,3,8,2014,04-Aug-14
,ZMB3,0,,,1,1,1,,1,3,,,,3,8,2014,06-Aug-14
,ZMB3,,,1,,,1,,3,3,,146.6667,1,3,8,2014,08-Aug-14
,ZMB3,,,,1,1,1,,3,3,,223.3333,1,3,8,2014,08-Aug-14
,ZMB3,,,,1,1,1,,3,3,,234,1,3,8,2014,08-Aug-14
,ZMB3,,,,1,1,1,,3,3,,79.66666,1,3,8,2014,08-Aug-14
,ZMB3,,,,1,1,1,,3,3,,116.6667,1,3,8,2014,08-Aug-14
,ZMB3,,1,,0,,1,,3,3,,66.66666,1,3,8,2014,07-Aug-14
,ZMB3,,1,,0,,1,,3,3,,96.66666,1,3,8,2014,07-Aug-14
,ZMB3,,1,,0,,1,,3,3,,76.66666,1,3,8,2014,07-Aug-14
,ZMB3,,1,,0,,1,,3,3,,146.6667,1,3,8,2014,07-Aug-14
,ZMB3,,,,1,1,1,,3,3,,67.33334,1,3,8,2014,01-Aug-14
,ZMB3,,,,0,,1,,3,3,,190,1,3,8,2014,06-Aug-14
,ZMB3,,1,,1,1,1,,3,3,,391.3333,1,3,8,2014,07-Aug-14
,ZMB3,,1,,1,1,1,,3,3,,183.3333,1,3,8,2014,07-Aug-14
,ZMB3,,1,,1,1,1,,3,3,,45.83333,1,3,8,2014,08-Aug-14
,ZMB3,1,0,,,,,,,,,,,3,8,2014,07-Aug-14
,ZMB3,1,0,,,,,,,,,,,3,8,2014,08-Aug-14
,ZMB3,1,0,,,,,,,,,,,3,8,2014,08-Aug-14
,ZMB3,,1,,0,,1,,3,3,,76.66666,1,3,1,2012,01-Jan-12
,ZMB3,,1,,0,,1,,3,3,,56.66667,1,3,1,2012,01-Jan-12
,ZMB3,,1,,0,,1,,3,3,,93.33334,1,3,1,2012,01-Jan-12
,ZMB3,,1,,0,,1,,3,3,,73.33334,1,3,1,2012,01-Jan-12
,ZMB3,,1,1,,,1,,3,3,,46.66667,1,3,1,2012,01-Jan-12
,ZMB3,,,,1,1,1,,3,3,,55.83333,1,3,8,2014,08-Aug-14
,ZMB3,,,,1,1,1,,3,3,,95,1,3,8,2014,04-Aug-14
,ZMB3,,,,1,1,1,,3,3,,45,1,3,8,2014,05-Aug-14
,ZMB3,,,,1,1,1,,3,3,,42.66667,1,3,8,2014,05-Aug-14
,ZMB3,,,,1,1,1,,3,3,,22.66667,1,3,8,2014,07-Aug-14
,ZMB3,,,,1,1,1,,3,3,,42,1,3,8,2014,07-Aug-14
,ZMB3,,,,1,1,1,,3,3,,70,1,3,8,2014,07-Aug-14
,ZMB3,,,,1,1,1,,3,3,,50.66667,1,3,8,2014,07-Aug-14
,ZMB3,,,,1,1,1,,3,3,,196.6667,1,3,8,2014,03-Aug-14
,ZMB3,,,,1,1,1,,3,3,,55,1,3,8,2014,06-Aug-14
,ZMB3,,,,1,1,1,,3,3,,33.33333,1,3,8,2014,06-Aug-14
,ZMB3,,,,0,,1,,3,3,,25.83333,1,3,8,2014,06-Aug-14
,ZMB3,,,,1,1,1,,3,3,,31.66667,1,3,8,2014,07-Aug-14
,ZMB3,,,,1,1,1,,3,3,,49.33333,1,3,8,2014,07-Aug-14
,ZMB3,0,,,1,1,1,,1,1,,,,3,8,2014,07-Aug-14
,ZMB3,,,,1,1,1,,3,3,,53.33333,1,3,8,2014,08-Aug-14
,ZMB3,,,,0,,1,,3,3,,170,1,3,8,2014,06-Aug-14
,ZMB3,,,,1,1,1,,3,3,,53.33333,1,3,8,2014,06-Aug-14
,ZMB3,,,,0,,1,,3,3,,286.6667,1,3,8,2014,06-Aug-14
,ZMB3,,,1,,,1,,3,3,,43.33333,1,3,8,2014,06-Aug-14
,ZMB3,,,,0,,1,,3,3,,163.3333,1,3,8,2014,06-Aug-14
,ZMB3,,,,1,1,1,,3,3,,57.91667,1,3,8,2014,07-Aug-14
,ZMB3,,,,0,,1,,3,3,,32.91667,1,3,8,2014,07-Aug-14
,ZMB3,,,,0,,1,,3,3,,22.91667,1,3,8,2014,07-Aug-14
,ZMB3,,,,1,1,1,,3,3,,53.33333,1,3,8,2014,01-Aug-14
,ZMB3,,,,1,1,1,,3,3,,70,1,3,8,2014,04-Aug-14
,ZMB3,,1,,1,1,1,,3,3,,48.33333,1,3,8,2014,06-Aug-14
,ZMB3,,,,1,1,1,,3,3,11,46.66667,1,3,8,2014,07-Aug-14
,ZMB3,,,,1,1,1,,3,3,,61,1,3,8,2014,07-Aug-14
,ZMB3,,1,,1,1,1,,3,3,,87.33334,1,3,8,2014,06-Aug-14
,ZMB3,,1,,1,1,1,,3,3,,83.66666,1,3,8,2014,01-Aug-14
,ZMB3,,,,1,1,1,,3,3,,47,1,3,8,2014,06-Aug-14
,ZMB3,,,,1,1,1,,3,3,,140,1,3,8,2014,06-Aug-14
,ZMB3,,,,1,1,1,,3,3,,40,1,3,8,2014,06-Aug-14
,ZMB3,,,,1,1,1,,3,3,,50.33333,1,3,8,2014,06-Aug-14
,ZMB3,,,,1,1,1,,3,3,,146.6667,1,3,8,2014,07-Aug-14
,ZMB3,,,,1,1,1,,3,3,,38.33333,1,3,8,2014,07-Aug-14
,ZMB1_2,,,,0,,1,,3,3,,,1,3,11,2013,21-Nov-13
,ZMB3,Don't know,0,,,,,,,,,,,3,9,2014,08-Sep-14
,ZMB4,,,,1,1,1,,3,3,,69.33334,1,3,10,2014,02-Oct-14
,ZMB3,,,,1,1,1,,3,3,,260,1,3,9,2014,11-Sep-14
,ZMB3,,,,1,1,1,,3,3,,233.3333,1,3,9,2014,11-Sep-14
,ZMB3,,,,0,,1,,3,3,,80,1,3,9,2014,11-Sep-14
,ZMB3,,,,1,1,1,,3,3,,53.33333,1,3,9,2014,11-Sep-14
,ZMB3,,,,1,1,1,,3,3,,350,1,3,9,2014,11-Sep-14
,ZMB4,,,,1,1,1,,3,3,,56.66667,1,3,10,2014,04-Oct-14
,ZMB3,,,,1,1,1,,3,3,,350,1,3,9,2014,10-Sep-14
,ZMB4,,,1,,,1,,3,3,,46.66667,1,3,10,2014,04-Oct-14
,ZMB3,0,,1,,,1,,2,1,,,,3,9,2014,12-Sep-14
,ZMB3,,,,1,1,1,,3,3,,50,1,3,9,2014,12-Sep-14
,ZMB3,,,,1,1,1,,3,3,,110,1,3,9,2014,11-Sep-14
,ZMB3,,,1,,,1,,3,3,,25,1,3,9,2014,10-Sep-14
,ZMB3,0,,1,,,1,,1,1,,,,3,9,2014,11-Sep-14
,ZMB3,1,,1,,,1,,1,1,,,,3,9,2014,11-Sep-14
,ZMB4,,,,1,1,1,,3,3,,56.66667,1,3,10,2014,04-Oct-14
,ZMB3,,,,1,1,1,,3,3,,60,1,3,9,2014,12-Sep-14
,ZMB3,0,0,,,,,,,,,,,3,9,2014,12-Sep-14
,ZMB3,,,,1,1,1,,3,3,,53.33333,1,3,9,2014,11-Sep-14
,ZMB3,,,,1,1,1,,3,3,,100,1,3,9,2014,12-Sep-14
,ZMB3,,,1,,,1,,3,3,,11.66667,1,3,9,2014,12-Sep-14
,ZMB4,,,1,,,1,,3,3,,56.66667,1,3,9,2014,30-Sep-14
,ZMB4,,,,1,1,1,,3,3,,56.66667,1,3,10,2014,04-Oct-14
,ZMB4,,,,1,1,1,,3,3,,56.66667,1,3,10,2014,04-Oct-14
,ZMB3,0,,1,,,1,,1,3,,,,3,9,2014,11-Sep-14
,ZMB3,0,0,,,,,,,,,,,3,9,2014,12-Sep-14
,ZMB3,Don't know,1,,1,1,1,0,,,,,,3,9,2014,11-Sep-14
,ZMB3,,,,1,1,1,,3,3,,116.6667,1,3,9,2014,11-Sep-14
,ZMB3,0,0,,,,,,,,,,,3,9,2014,11-Sep-14
,ZMB3,1,0,,,,,,,,,,,3,8,2014,05-Aug-14
,ZMB4,,,1,,,1,,3,3,,18,1,3,10,2014,11-Oct-14
,ZMB3,,,,1,1,1,,3,3,,47.33333,1,3,9,2014,14-Sep-14
,ZMB3,,,1,,,1,,2,2,,34,1,3,9,2014,14-Sep-14
,ZMB3,,,,1,1,1,,3,3,,150.6667,1,3,9,2014,15-Sep-14
,ZMB3,,,1,,,1,,2,3,,30.33333,1,3,9,2014,15-Sep-14
,ZMB3,,,,0,,1,,3,3,,44,1,3,9,2014,09-Sep-14
,ZMB3,,,,1,1,1,,3,3,,50.5,1,3,9,2014,09-Sep-14
,ZMB3,,,,1,1,1,,3,3,,40,1,3,9,2014,11-Sep-14
,ZMB3,,,1,,,1,,3,3,,50,1,3,9,2014,14-Sep-14
,ZMB3,,,1,,,1,,3,3,,75,1,3,9,2014,14-Sep-14
,ZMB3,,,1,,,1,,3,3,,55,1,3,9,2014,11-Sep-14
,ZMB3,Don't know,0,,,,,,,,,,,3,9,2014,11-Sep-14
,ZMB3,,,,1,1,1,,3,3,,87.5,1,3,9,2014,11-Sep-14
,ZMB3,,,,1,1,1,,3,3,,127.5,1,3,9,2014,10-Sep-14
,ZMB3,,,1,,,1,,3,3,,65,1,3,9,2014,10-Sep-14
,ZMB3,,,,1,1,1,,3,3,,39,1,3,9,2014,10-Sep-14
,ZMB4,1,,,1,1,1,,3,3,,7.5,,3,9,2014,27-Sep-14
,ZMB3,,,1,,,1,,3,3,,14.25,1,3,9,2014,11-Sep-14
,ZMB3,,,1,,,1,,3,3,,43.5,1,3,9,2014,11-Sep-14
,ZMB3,,,,1,1,1,,3,3,,44,1,3,9,2014,12-Sep-14
,ZMB3,,,,1,1,1,,3,3,,85,1,3,9,2014,15-Sep-14
,ZMB3,,,,1,1,1,,3,3,,68,1,3,1,2012,02-Jan-12
,ZMB3,,,,1,1,1,,3,3,,141.0833,1,3,9,2014,10-Sep-14
,ZMB3,,,,1,1,1,,3,3,,75,1,3,9,2014,10-Sep-14
,ZMB3,,,,1,1,1,,3,3,,80.41666,1,3,9,2014,11-Sep-14
,ZMB3,,,,1,1,1,,3,3,,21.66667,1,3,9,2014,11-Sep-14
,ZMB3,,,1,,,1,,3,3,,24.33333,1,3,9,2014,16-Sep-14
,ZMB3,0,,,1,1,1,,1,3,,,,3,9,2014,12-Sep-14
,ZMB3,1,,,1,1,1,,1,1,,,,3,9,2014,11-Sep-14
,ZMB3,0,0,,,,,,,,,,,3,9,2014,12-Sep-14
,ZMB3,,,,1,1,1,,3,3,,125,1,3,9,2014,14-Sep-14
,ZMB3,,,,1,1,1,,3,3,,190,1,3,9,2014,14-Sep-14
,ZMB3,,,,1,1,1,,3,3,,90,1,3,9,2014,14-Sep-14
,ZMB3,,,,1,1,1,,3,3,,112.5,1,3,9,2014,12-Sep-14
,ZMB3,,,,1,1,1,,3,3,,65,1,3,9,2014,13-Sep-14
,ZMB3,,,,1,1,1,,3,3,,215,1,3,9,2014,15-Sep-14
,ZMB3,,,,0,,1,,3,3,,145,1,3,9,2014,16-Sep-14
,ZMB3,,,,1,1,1,,3,3,,166.6667,1,3,9,2014,12-Sep-14
,ZMB3,,,,1,1,1,,3,3,,49,1,3,9,2014,10-Sep-14
,ZMB3,,,,0,,1,,3,3,,11,1,3,9,2014,12-Sep-14
,ZMB3,,,,1,1,1,,3,3,,115,1,3,9,2014,12-Sep-14
,ZMB3,,,,1,1,1,,3,3,,50,1,3,9,2014,12-Sep-14
,ZMB3,,,,0,,1,,3,3,,17,1,3,9,2014,12-Sep-14
,ZMB3,,,,1,1,1,,3,3,,41,1,3,9,2014,12-Sep-14
,ZMB3,,,,0,,1,,3,3,,52.66667,1,3,9,2014,12-Sep-14
,ZMB3,,,1,,,1,,3,3,,35.41667,1,3,9,2014,12-Sep-14
,ZMB3,,,,1,1,1,,3,3,,20,1,3,9,2014,12-Sep-14
,ZMB3,,,1,,,1,,3,3,,71.66666,1,3,9,2014,12-Sep-14
,ZMB3,,,,1,1,1,,3,3,,43,1,3,9,2014,11-Sep-14
,ZMB3,,,,1,1,1,,3,3,,316.6667,1,3,9,2014,10-Sep-14
,ZMB3,,1,,1,1,1,,3,3,,35,1,3,9,2014,10-Sep-14
,ZMB3,,,,1,1,1,,3,3,,235,1,3,9,2014,09-Sep-14
,ZMB3,,,,1,1,1,,3,3,,354.1667,1,3,9,2014,11-Sep-14
,ZMB3,1,1,,1,1,0,,,,,,,3,9,2014,12-Sep-14
,ZMB3,,,,1,1,1,,3,3,,210,1,3,9,2014,10-Sep-14
,ZMB3,,,1,,,1,,3,3,,76.66666,1,3,9,2014,09-Sep-14
,ZMB3,,,,1,1,1,,3,3,,140,1,3,9,2014,09-Sep-14
,ZMB3,,,,1,1,1,,3,3,,100.6667,1,3,9,2014,10-Sep-14
,ZMB3,,,1,,,1,,3,3,,27.66667,1,3,9,2014,10-Sep-14
,ZMB3,,,,1,1,1,,3,3,,143.3333,1,3,9,2014,10-Sep-14
,ZMB3,,,,1,1,1,,3,3,,50,1,3,9,2014,13-Sep-14
,ZMB3,,,,1,1,1,,3,3,,167,1,3,9,2014,12-Sep-14
,ZMB3,,,,1,1,1,,3,3,,160,1,3,9,2014,11-Sep-14
,ZMB3,,,,1,1,1,,3,3,,68,1,3,9,2014,15-Sep-14
,ZMB3,,,,1,1,1,,3,3,,43.66667,1,3,9,2014,15-Sep-14
,ZMB3,,,,1,1,1,,3,3,,56.66667,1,3,9,2014,11-Sep-14
,ZMB3,,,,1,1,1,,3,3,,78.66666,1,3,9,2014,11-Sep-14
,ZMB3,,,,1,1,1,,3,3,,49,1,3,9,2014,11-Sep-14
,ZMB3,,,,1,1,1,,3,3,,110,1,3,9,2014,13-Sep-14
,ZMB3,,,,1,1,1,,3,3,,62,1,3,9,2014,13-Sep-14
,ZMB3,,,,1,1,1,,3,3,,140,1,3,9,2014,13-Sep-14
,ZMB3,,,,1,1,1,,3,3,,73,1,3,9,2014,13-Sep-14
,ZMB3,,,,1,1,1,,3,3,,80,1,3,9,2014,13-Sep-14
,ZMB3,,,,1,1,1,,3,3,,105,1,3,9,2014,13-Sep-14
,ZMB3,,,,1,1,1,,3,3,,56,1,3,9,2014,13-Sep-14
,ZMB3,,,,1,1,1,,3,3,,42,1,3,9,2014,12-Sep-14
,ZMB3,,,,1,1,1,,3,3,,35,1,3,9,2014,12-Sep-14
,ZMB3,,,,1,1,1,,3,3,,46,1,3,9,2014,12-Sep-14
,ZMB3,,,,1,1,1,,3,3,,67,1,3,9,2014,16-Sep-14
,ZMB3,,,,1,1,1,,3,3,,100,1,3,9,2014,16-Sep-14
,ZMB3,,,,1,1,1,,3,3,,152,1,3,9,2014,10-Sep-14
,ZMB3,,,,1,1,1,,3,3,,45,1,3,9,2014,10-Sep-14
,ZMB3,,,,1,1,1,,3,3,,36,1,3,9,2014,10-Sep-14
,ZMB3,,,,1,1,1,,3,3,,78,1,3,9,2014,12-Sep-14
,ZMB3,1,,,1,1,1,,1,1,,,,3,9,2014,12-Sep-14
,ZMB3,,,,1,1,1,,3,3,,40,1,3,9,2014,12-Sep-14
,ZMB3,,,,1,1,1,,3,3,,84,1,3,9,2014,12-Sep-14
,ZMB3,,,,1,1,1,,3,3,,81,1,3,9,2014,11-Sep-14
,ZMB3,,,,1,1,1,,3,3,,130.3333,1,3,9,2014,11-Sep-14
,ZMB3,,,,,,1,,3,3,,26.33333,1,3,9,2014,11-Sep-14
,ZMB3,1,,,1,1,0,,,,,,,3,9,2014,11-Sep-14
,ZMB3,,,1,,,1,,3,3,,24.75,1,3,9,2014,11-Sep-14
,ZMB3,,,1,,,1,,3,3,,20,1,3,9,2014,11-Sep-14
,ZMB3,,,,1,1,1,,3,3,,95,1,3,9,2014,11-Sep-14
,ZMB3,,1,,1,-999,1,,3,3,,83.33334,1,3,9,2014,10-Sep-14
,ZMB3,,,,1,1,1,,3,3,,86.66666,1,3,9,2014,13-Sep-14
,ZMB3,,,,1,1,1,,3,3,,30.66667,1,3,9,2014,12-Sep-14
,ZMB3,,,,1,1,1,,3,3,,133.3333,1,3,9,2014,12-Sep-14
,ZMB3,,,,1,1,1,,3,3,,16.58333,1,3,9,2014,12-Sep-14
,ZMB3,,,,1,1,1,,3,3,,55,1,3,9,2014,12-Sep-14
,ZMB3,,,,1,1,1,,3,3,,70,1,3,9,2014,12-Sep-14
,ZMB3,,,,1,1,1,,3,3,,65,1,3,9,2014,12-Sep-14
,ZMB3,,,,1,1,1,,3,3,,90,1,3,9,2014,11-Sep-14
,ZMB3,,,,1,1,1,,3,3,,103,1,3,9,2014,12-Sep-14
,ZMB3,,,,1,1,1,,3,3,,77,1,3,9,2014,11-Sep-14
,ZMB3,,,,1,1,1,,3,3,,64,1,3,9,2014,11-Sep-14
,ZMB3,,,,1,1,1,,3,3,,36,1,3,9,2014,13-Sep-14
,ZMB3,,,,1,1,1,,3,3,,116,1,3,9,2014,13-Sep-14
,ZMB3,,,,1,1,1,,3,3,,60,1,3,9,2014,11-Sep-14
,ZMB3,,,,1,1,1,,3,3,,60,1,3,9,2014,11-Sep-14
,ZMB3,,,,1,1,1,,3,3,,61.66667,1,3,9,2014,11-Sep-14
,ZMB3,,,,1,1,1,,3,3,,23.75,1,3,9,2014,09-Sep-14
,ZMB3,,,,1,1,1,,3,3,,20.83333,1,3,9,2014,09-Sep-14
,ZMB3,,,,1,1,1,,3,3,,95,1,3,9,2014,10-Sep-14
,ZMB3,,,,1,1,1,,3,3,,31.66667,1,3,9,2014,10-Sep-14
,ZMB3,,,,1,1,1,,3,3,,32.33333,1,3,9,2014,15-Sep-14
,ZMB3,,,,0,,1,,3,3,,130,1,3,9,2014,29-Sep-14
,ZMB3,,,,0,,1,,3,3,,200,1,3,9,2014,29-Sep-14
,ZMB3,,,,0,,1,,3,3,,135,1,3,9,2014,29-Sep-14
,ZMB3,,,1,,,1,,3,3,,70,1,3,9,2014,29-Sep-14
,ZMB3,1,0,,,,,,,,,,,3,9,2014,21-Sep-14
,ZMB3,,1,,0,,1,,3,3,,207.5,1,3,9,2014,26-Sep-14
,ZMB3,1,0,,,,,,,,,,,3,9,2014,25-Sep-14
,ZMB3,,,,0,,1,,3,3,,180,1,3,9,2014,20-Sep-14
,ZMB3,,,,0,,1,,3,3,,130,1,3,9,2014,21-Sep-14
,ZMB3,,,,0,,1,,3,3,,136.5,1,3,9,2014,25-Sep-14
,ZMB3,,,,0,,1,,3,3,,125,1,3,9,2014,23-Sep-14
,ZMB3,,1,1,,,1,,3,3,,19,1,3,9,2014,18-Sep-14
,ZMB3,,,1,,,1,,3,3,12,21,1,3,9,2014,23-Sep-14
,ZMB3,,,1,,,1,,3,3,,21,1,3,9,2014,23-Sep-14
,ZMB3,,,,1,1,1,,3,3,,68,1,3,9,2014,25-Sep-14
,ZMB3,1,,,1,1,1,,3,3,6,,,3,9,2014,25-Sep-14
,ZMB3,,,,1,1,1,,3,3,,80,1,3,9,2014,25-Sep-14
,ZMB3,,,,0,,1,,3,3,,185,1,3,1,2012,01-Jan-12
,ZMB3,,,,1,1,1,,3,3,,25.83333,1,3,9,2014,10-Sep-14
,ZMB3,,,,1,1,1,,3,3,,17.91667,1,3,9,2014,10-Sep-14
,ZMB3,,,,0,,1,,3,3,,124,1,3,9,2014,19-Sep-14
,ZMB3,,,,1,1,1,,3,3,,85,1,3,9,2014,25-Sep-14
,ZMB3,,,,1,1,1,,3,3,,75.83334,1,3,9,2014,25-Sep-14
,ZMB3,,,,1,1,1,,3,3,,70,1,3,9,2014,25-Sep-14
,ZMB3,,,,0,,1,,3,3,,98,1,3,9,2014,22-Sep-14
,ZMB3,,,,0,,1,,3,3,,98,1,3,9,2014,22-Sep-14
,ZMB3,,,,0,,1,,3,3,12,50,1,3,9,2014,22-Sep-14
,ZMB3,,,,,,1,,3,3,,27,1,3,9,2014,24-Sep-14
,ZMB3,,,,1,1,1,,3,3,,49,1,3,9,2014,22-Sep-14
,ZMB3,,,1,,,1,,3,3,,48.25,1,3,9,2014,25-Sep-14
,ZMB3,1,,1,,,1,,1,3,,,,3,9,2014,25-Sep-14
,ZMB3,1,,1,,,1,,3,3,5,,,3,9,2014,25-Sep-14
,ZMB3,1,,0,,,,,,,,,,3,9,2014,25-Sep-14
,ZMB3,1,,,1,0,,,,,,,,3,9,2014,26-Sep-14
,ZMB3,,,,1,1,1,,3,3,,137.5,1,3,9,2014,26-Sep-14
,ZMB3,1,,0,,,,,,,,,,3,9,2014,26-Sep-14
,ZMB3,,,,1,1,1,,3,3,,29.33333,1,3,9,2014,25-Sep-14
,ZMB3,,,,0,,1,,3,3,,28.33333,1,3,9,2014,22-Sep-14
,ZMB3,,,,0,,1,,3,3,,58,1,3,9,2014,22-Sep-14
,ZMB3,,,,0,,1,,3,3,,34,1,3,9,2014,22-Sep-14
,ZMB3,,,1,,,1,,3,3,,33.33333,1,3,9,2014,24-Sep-14
,ZMB3,,,,0,,1,,3,3,,14.16667,1,3,9,2014,24-Sep-14
,ZMB3,,,,1,1,1,,3,3,,78,1,3,9,2014,23-Sep-14
,ZMB3,,,,1,1,1,,3,3,,70,1,3,9,2014,23-Sep-14
,ZMB3,,,,1,1,1,,3,3,,90,1,3,9,2014,19-Sep-14
,ZMB3,,,,1,1,1,,3,3,,62,1,3,9,2014,19-Sep-14
,ZMB3,,,,1,1,1,,3,3,,52,1,3,9,2014,23-Sep-14
,ZMB3,,,,1,1,1,,3,3,,98,1,3,9,2014,23-Sep-14
,ZMB3,,,,0,,1,,3,3,,291.6667,1,3,9,2014,26-Sep-14
,ZMB3,,1,,0,,1,,3,3,,287.5,1,3,9,2014,26-Sep-14
,ZMB3,,,,1,1,1,,3,3,,86.66666,1,3,9,2014,23-Sep-14
,ZMB3,,,,1,1,1,,3,3,,53.33333,1,3,9,2014,23-Sep-14
,ZMB3,,,,1,1,1,,3,3,,45,1,3,9,2014,20-Sep-14
,ZMB3,,,,1,1,1,,3,3,,52,1,3,9,2014,25-Sep-14
,ZMB3,,,,1,1,1,,3,3,,38,1,3,9,2014,25-Sep-14
,ZMB3,,,,1,1,1,,3,3,,34,1,3,9,2014,26-Sep-14
,ZMB3,,,,1,1,1,,3,3,,20.75,1,3,9,2014,25-Sep-14
,ZMB3,,,1,,,1,,3,3,,22,1,3,9,2014,23-Sep-14
,ZMB3,1,,0,,,,,,,,,,3,9,2014,23-Sep-14
,ZMB3,,,1,,,1,,3,3,,15.91667,1,3,9,2014,20-Sep-14
,ZMB3,,,,0,,1,,3,3,,50.83333,1,3,9,2014,20-Sep-14
,ZMB3,,,,0,,1,,3,3,,43.33333,1,3,9,2014,20-Sep-14
,ZMB3,,,,0,,1,,3,3,,36.91667,1,3,9,2014,20-Sep-14
,ZMB3,,,1,,,1,,3,3,,10,1,3,9,2014,23-Sep-14
,ZMB3,,,,1,1,1,,3,3,,58,1,3,9,2014,21-Sep-14
,ZMB3,,,,1,1,1,,3,3,,67.41666,1,3,9,2014,21-Sep-14
,ZMB3,,,,1,1,1,,3,3,,80,1,3,9,2014,21-Sep-14
,ZMB3,,,,1,1,1,,3,3,,53.5,1,3,9,2014,20-Sep-14
,ZMB3,,,,0,,1,,3,3,,59.33333,1,3,9,2014,25-Sep-14
,ZMB3,,,,1,1,1,,3,3,,46.33333,1,3,9,2014,25-Sep-14
,ZMB3,,,1,,,1,,3,3,,10,1,3,9,2014,23-Sep-14
,ZMB3,,,,1,1,1,,3,3,,69,1,3,9,2014,25-Sep-14
,ZMB3,,,,1,1,1,,3,3,,53.16667,1,3,9,2014,25-Sep-14
,ZMB3,,,,0,,1,,3,3,,71.33334,1,3,9,2014,25-Sep-14
,ZMB3,,,,1,1,1,,3,3,,60.75,1,3,9,2014,25-Sep-14
,ZMB3,,,,1,1,1,,3,3,,40,1,3,9,2014,25-Sep-14
,ZMB3,,,,1,1,1,,3,3,,30,1,3,9,2014,29-Sep-14
,ZMB3,,,,1,1,1,,3,3,,31.5,1,3,9,2014,29-Sep-14
,ZMB3,,,,0,,1,,3,3,,44,1,3,9,2014,26-Sep-14
,ZMB3,,1,,1,1,1,,3,2,,150,1,3,9,2014,25-Sep-14
,ZMB3,,,,0,,1,,3,3,,41.66667,1,3,9,2014,23-Sep-14
,ZMB3,1,,1,,,1,,1,1,,,,3,9,2014,23-Sep-14
,ZMB3,,,,1,1,1,,3,3,,50,1,3,9,2014,23-Sep-14
,ZMB3,,,,0,,1,,3,3,,56.25,1,3,9,2014,23-Sep-14
,ZMB3,,,,0,,1,,3,3,,30.83333,1,3,9,2014,24-Sep-14
,ZMB3,,1,,0,,1,,3,3,,237,1,3,9,2014,28-Sep-14
,ZMB3,,1,,0,,1,,3,3,,30,1,3,9,2014,28-Sep-14
,ZMB3,,1,,0,,1,,3,3,,100,1,3,9,2014,28-Sep-14
,ZMB3,,,,1,1,1,,3,3,,21.66667,1,3,9,2014,29-Sep-14
,ZMB3,,,,1,1,1,,3,3,,21.66667,1,3,9,2014,21-Sep-14
,ZMB3,,,,1,1,1,,3,3,,21.66667,1,3,9,2014,25-Sep-14
,ZMB3,,,,1,1,1,,3,3,,25,1,3,9,2014,29-Sep-14
,ZMB3,,1,,1,1,1,,3,3,,10.66667,1,3,9,2014,19-Sep-14
,ZMB3,,,,1,1,1,,3,3,,25,1,3,9,2014,21-Sep-14
,ZMB3,,,1,,,1,,3,3,,30,1,3,9,2014,21-Sep-14
,ZMB3,,,,0,,1,,3,3,,180,1,3,9,2014,29-Sep-14
,ZMB3,,,1,,,1,,3,3,,56,1,3,9,2014,29-Sep-14
,ZMB3,,,,0,,1,,3,3,,85,1,3,1,2012,13-Jan-12
,ZMB4,0,,,1,1,1,,3,3,4,,,3,9,2014,15-Sep-14
,ZMB3,,,1,,,1,,3,3,,10,1,3,9,2014,29-Sep-14
,ZMB3,,,,1,1,1,,3,3,,15,1,3,9,2014,29-Sep-14
,ZMB3,,,1,,,1,,3,3,,27.08333,1,3,9,2014,20-Sep-14
,ZMB3,,,1,,,1,,3,3,,33.5,1,3,9,2014,23-Sep-14
,ZMB3,,,1,,,1,,3,3,,13,1,3,9,2014,23-Sep-14
,ZMB3,,,,1,1,1,,3,3,,54,1,3,9,2014,23-Sep-14
,ZMB3,,,1,,,1,,3,3,,25,1,3,9,2014,23-Sep-14
,ZMB3,,,1,,,1,,3,3,,24,1,3,9,2014,24-Sep-14
,ZMB3,,,1,,,1,,3,3,,54,1,3,9,2014,24-Sep-14
,ZMB3,,,1,,,1,,3,3,,23.5,1,3,9,2014,24-Sep-14
,ZMB3,,,1,,,1,,3,3,,52.5,1,3,9,2014,25-Sep-14
,ZMB3,,,,0,,1,,3,3,,44,1,3,9,2014,25-Sep-14
,ZMB3,,,,1,1,1,,3,3,,20,1,3,9,2014,21-Sep-14
,ZMB3,,,1,,,1,,3,3,,22,1,3,9,2014,21-Sep-14
,ZMB3,,,,1,1,1,,3,3,,49,1,3,9,2014,23-Sep-14
,ZMB3,,1,,0,,1,,3,3,,50,1,3,9,2014,23-Sep-14
,ZMB3,,,,1,1,1,,3,3,,80,1,3,9,2014,20-Sep-14
,ZMB3,,,,0,,1,,3,3,,50,1,3,9,2014,23-Sep-14
,ZMB3,,,1,,,1,,3,3,,15,1,3,9,2014,23-Sep-14
,ZMB3,,1,,0,,1,,3,3,11,19.58333,1,3,9,2014,23-Sep-14
,ZMB3,,,,0,,1,,3,3,12,56.66667,1,3,9,2014,24-Sep-14
,ZMB3,,,,1,1,1,,3,3,,40,1,3,9,2014,23-Sep-14
,ZMB3,,,,1,1,1,,3,3,,20,1,3,9,2014,13-Sep-14
,ZMB3,0,,,1,1,1,,3,3,,6,,3,9,2014,12-Sep-14
,ZMB3,,,,1,1,1,,3,3,,10,1,3,9,2014,13-Sep-14
,ZMB3,,,,1,1,1,,3,3,,30,1,3,9,2014,13-Sep-14
,ZMB3,,,,1,1,1,,3,3,,16,1,3,9,2014,13-Sep-14
,ZMB3,,,,1,1,1,,3,3,,18,1,3,9,2014,13-Sep-14
,ZMB3,0,,,1,1,1,,3,3,,6,,3,9,2014,13-Sep-14
,ZMB3,,,1,,,1,,3,2,,16,1,3,9,2014,16-Sep-14
,ZMB3,,,1,,,1,,3,3,,12,1,3,9,2014,10-Sep-14
,ZMB3,,,1,,,1,,3,3,,50,1,3,9,2014,17-Sep-14
,ZMB3,,,,1,1,1,,2,3,,35,1,3,9,2014,12-Sep-14
,ZMB3,,,,1,1,1,,3,3,,28,1,3,9,2014,16-Sep-14
,ZMB3,,,1,,,1,,3,3,,12.75,1,3,9,2014,16-Sep-14
,ZMB3,,,,1,1,1,,3,3,,40,1,3,9,2014,08-Sep-14
,ZMB3,,,,1,1,1,,2,3,,50,1,3,9,2014,10-Sep-14
,ZMB3,,,,1,1,1,,3,3,,40,1,3,9,2014,15-Sep-14
,ZMB3,,,,1,1,1,,2,3,,20,1,3,9,2014,16-Sep-14
,ZMB3,,,,1,1,1,,2,3,,22,1,3,9,2014,16-Sep-14
,ZMB3,,,,1,1,1,,3,3,,13.5,1,3,9,2014,16-Sep-14
,ZMB3,,,,1,1,1,,2,3,,18,1,3,9,2014,16-Sep-14
,ZMB3,,,,1,1,1,,3,3,,15,1,3,9,2014,16-Sep-14
,ZMB3,,,,1,1,1,,2,3,,27.5,1,3,9,2014,12-Sep-14
,ZMB3,,,,0,,1,,3,3,,15,1,3,9,2014,11-Sep-14
,ZMB3,,,,0,,1,,3,3,,23,1,3,9,2014,09-Sep-14
,ZMB3,,,,0,,1,,3,3,,20,1,3,9,2014,09-Sep-14
,ZMB3,,,,0,,1,,3,3,,40,1,3,9,2014,09-Sep-14
,ZMB3,,,,0,,1,,3,3,,18,1,3,9,2014,09-Sep-14
,ZMB3,,,,0,,1,,3,3,,40,1,3,9,2014,09-Sep-14
,ZMB3,,,,0,,1,,3,3,,18,1,3,9,2014,09-Sep-14
,ZMB3,,1,,1,1,1,,3,3,,20,1,3,9,2014,10-Sep-14
,ZMB3,,,,0,,1,,3,3,,14,1,3,9,2014,10-Sep-14
,ZMB3,,,,0,,1,,3,3,,20,1,3,9,2014,10-Sep-14
,ZMB3,,,,0,,1,,3,3,,14,1,3,9,2014,10-Sep-14
,ZMB3,,,,0,,1,,3,3,,15,1,3,9,2014,10-Sep-14
,ZMB3,,,,0,,1,,3,3,,26,1,3,9,2014,10-Sep-14
,ZMB3,,,,0,,1,,3,3,,45,1,3,9,2014,09-Sep-14
,ZMB3,,,,0,,1,,3,3,,20,1,3,9,2014,11-Sep-14
,ZMB3,,,,0,,1,,3,3,,21,1,3,9,2014,11-Sep-14
,ZMB3,,,,0,,1,,3,3,,19,1,3,9,2014,11-Sep-14
,ZMB3,,,,0,,1,,3,3,,18,1,3,9,2014,11-Sep-14
,ZMB3,,,,0,,1,,3,3,,19,1,3,9,2014,11-Sep-14
,ZMB3,,1,,0,,1,,3,3,,55.33333,1,3,9,2014,15-Sep-14
,ZMB3,,,,0,,1,,3,3,,46.66667,1,3,9,2014,15-Sep-14
,ZMB3,,1,,0,,1,,3,3,,51.66667,1,3,9,2014,12-Sep-14
,ZMB3,,,,0,,1,,3,3,,26,1,3,9,2014,26-Sep-14
,ZMB3,,,,1,1,1,,3,3,,18,1,3,9,2014,26-Sep-14
,ZMB3,,,,0,,1,,3,3,,48.33333,1,3,9,2014,09-Sep-14
,ZMB3,,,,0,,1,,3,3,12,28.33333,1,3,9,2014,09-Sep-14
,ZMB3,,,,,,1,,3,3,,23.33333,1,3,9,2014,09-Sep-14
,ZMB3,,,,,,1,,3,3,,15.33333,1,3,9,2014,10-Sep-14
,ZMB3,,,,0,,1,,3,3,,22.66667,1,3,9,2014,10-Sep-14
,ZMB3,,,,0,,1,,3,3,,40,1,3,9,2014,13-Sep-14
,ZMB3,,,,0,,1,,3,3,,75.33334,1,3,9,2014,13-Sep-14
,ZMB3,,,,0,,1,,3,3,,56,1,3,9,2014,13-Sep-14
,ZMB3,,,,1,1,1,,3,3,,50,1,3,9,2014,13-Sep-14
,ZMB3,,,,1,1,1,,3,3,,18,1,3,9,2014,11-Sep-14
,ZMB3,,1,,1,1,1,,3,3,,67.33334,1,3,9,2014,08-Sep-14
,ZMB3,,,,1,1,1,,3,3,,102,1,3,9,2014,08-Sep-14
,ZMB4,,1,,1,1,1,,3,3,,50,1,3,10,2014,09-Oct-14
,ZMB3,,,,1,1,1,,3,3,,35.33333,1,3,9,2014,08-Sep-14
,ZMB3,,,,1,1,1,,3,3,,60,1,3,9,2014,08-Sep-14
,ZMB3,,,,1,1,1,,3,3,,40,1,3,9,2014,10-Sep-14
,ZMB3,,,,1,1,1,,3,3,,40,1,3,9,2014,10-Sep-14
,ZMB3,,,,1,1,1,,3,3,,40,1,3,9,2014,12-Sep-14
,ZMB3,,,,1,1,1,,3,3,,40,1,3,9,2014,12-Sep-14
,ZMB3,,,,0,,1,,3,3,,20,1,3,9,2014,12-Sep-14
,ZMB3,,,,0,,1,,3,3,,17.91667,1,3,9,2014,12-Sep-14
,ZMB3,,,,0,,1,,3,3,,30,1,3,9,2014,12-Sep-14
,ZMB3,,,,1,1,1,,3,3,,30,1,3,9,2014,12-Sep-14
,ZMB3,,,,0,,1,,3,3,,53,1,3,9,2014,16-Sep-14
,ZMB3,,,,,,1,,3,3,,14,1,3,9,2014,16-Sep-14
,ZMB3,,,,0,,1,,3,3,,27,1,3,9,2014,16-Sep-14
,ZMB3,,,,,,1,,3,3,,46,1,3,9,2014,16-Sep-14
,ZMB3,,,,0,,1,,3,3,,35.5,1,3,9,2014,15-Sep-14
,ZMB3,,,,0,,1,,2,2,,31,1,3,9,2014,15-Sep-14
,ZMB3,,,,0,,1,,3,3,,16,1,3,9,2014,15-Sep-14
,ZMB3,,,,0,,1,,3,3,,20,1,3,9,2014,15-Sep-14
,ZMB3,,,,0,,1,,3,3,,170,1,3,9,2014,15-Sep-14
,ZMB3,,,,0,,1,,3,3,,19,1,3,9,2014,15-Sep-14
,ZMB3,,,,0,,1,,3,3,,36,1,3,9,2014,16-Sep-14
,ZMB3,,,,0,,1,,3,3,,25,1,3,9,2014,16-Sep-14
,ZMB3,,,,0,,1,,3,3,,11,1,3,9,2014,16-Sep-14
,ZMB3,,,,0,,1,,3,3,,12,1,3,9,2014,16-Sep-14
,ZMB3,,,,,,1,,3,3,,18,1,3,9,2014,16-Sep-14
,ZMB3,,,,,,1,,3,3,,23,1,3,9,2014,16-Sep-14
,ZMB3,,,,,,1,,3,3,,24,1,3,9,2014,16-Sep-14
,ZMB3,,,,0,,1,,3,3,,110,1,3,9,2014,16-Sep-14
,ZMB3,,,,0,,1,,3,3,,91.66666,1,3,9,2014,16-Sep-14
,ZMB3,,1,,0,,1,,3,3,,31.66667,1,3,9,2014,16-Sep-14
,ZMB3,,,,1,1,1,,3,3,,67.5,1,3,9,2014,16-Sep-14
,ZMB3,,,,0,,1,,3,3,,20,1,3,9,2014,14-Sep-14
,ZMB3,,,,,,1,,3,3,,43,1,3,9,2014,14-Sep-14
,ZMB3,,,,0,,1,,3,3,,15.5,1,3,9,2014,13-Sep-14
,ZMB3,,,,0,,1,,3,3,,34,1,3,9,2014,13-Sep-14
,ZMB3,,,,0,,1,,3,3,,66.5,1,3,9,2014,13-Sep-14
,ZMB3,,,,0,,1,,3,3,,13,1,3,9,2014,13-Sep-14
,ZMB3,,,,0,,1,,3,3,,72,1,3,9,2014,13-Sep-14
,ZMB3,,,,0,,1,,3,3,,68,1,3,9,2014,14-Sep-14
,ZMB3,,,,0,,1,,3,3,,27.5,1,3,9,2014,14-Sep-14
,ZMB3,,,,0,,1,,3,3,,26.5,1,3,9,2014,14-Sep-14
,ZMB3,,,,0,,1,,3,3,,12,1,3,9,2014,14-Sep-14
,ZMB3,,,,1,1,1,,3,3,,258.3333,1,3,1,2012,01-Jan-12
,ZMB3,,,,1,1,1,,3,3,,100,1,3,1,2012,01-Jan-12
,ZMB3,,,,1,1,1,,3,3,,30,1,3,1,2012,02-Jan-12
,ZMB3,,,,0,,1,,3,3,,120,1,3,1,2012,01-Jan-12
,ZMB3,,,,1,1,1,,3,3,,51.66667,1,3,1,2012,01-Jan-12
,ZMB3,,,,1,1,1,,3,3,,150,1,3,1,2012,01-Jan-12
,ZMB3,,,,0,,1,,3,3,,16,1,3,1,2012,01-Jan-12
,ZMB3,,,,0,,1,,3,3,,30,1,3,1,2012,01-Jan-12
,ZMB3,,,,1,1,1,,3,3,,39.58333,1,3,1,2012,02-Jan-12
,ZMB3,,,,1,1,1,,3,3,,34.16667,1,3,9,2014,13-Sep-14
,ZMB3,,1,,0,,1,,3,3,,37.91667,1,3,9,2014,13-Sep-14
,ZMB3,,,,0,,1,,3,3,,35.83333,1,3,9,2014,13-Sep-14
,ZMB3,,,,0,,1,,3,3,,160,1,3,9,2014,16-Sep-14
,ZMB3,,,,0,,1,,3,3,,30,1,3,9,2014,16-Sep-14
,ZMB3,,,,0,,1,,3,3,,14.25,1,3,9,2014,11-Sep-14
,ZMB3,,,,1,1,1,,3,3,,87.5,1,3,9,2014,16-Sep-14
,ZMB3,,,,0,,1,,3,3,,61.66667,1,3,9,2014,16-Sep-14
,ZMB3,,,,0,,1,,3,3,,120,1,3,9,2014,16-Sep-14
,ZMB3,,,,0,,1,,3,3,,17.91667,1,3,9,2014,16-Sep-14
,ZMB3,,,,1,1,1,,3,3,,140,1,3,9,2014,10-Sep-14
,ZMB3,,,,1,1,1,,3,3,,96.66666,1,3,9,2014,13-Sep-14
,ZMB3,,,,1,1,1,,3,3,,80,1,3,9,2014,16-Sep-14
,ZMB3,,,,1,1,1,,3,3,,80,1,3,9,2014,13-Sep-14
,ZMB3,,,,1,1,1,,3,3,,86.66666,1,3,9,2014,13-Sep-14
,ZMB3,,,,1,1,1,,3,3,,54.66667,1,3,9,2014,12-Sep-14
,ZMB3,,,,1,1,1,,3,3,,73.33334,1,3,9,2014,12-Sep-14
,ZMB3,,,,1,1,1,,3,3,,34.66667,1,3,9,2014,12-Sep-14
,ZMB3,,1,,1,1,1,,3,3,,55,1,3,9,2014,10-Sep-14
,ZMB3,,1,,1,1,1,,3,3,,250,1,3,9,2014,13-Sep-14
,ZMB3,,,,1,1,1,,3,3,,80,1,3,9,2014,13-Sep-14
,ZMB3,,,,1,1,1,,3,3,,47.5,1,3,9,2014,10-Sep-14
,ZMB3,,,,1,1,1,,3,2,,35,1,3,9,2014,09-Sep-14
,ZMB3,,,,1,1,1,,3,3,,53.33333,1,3,9,2014,10-Sep-14
,ZMB3,,,,1,1,1,,3,3,,73.33334,1,3,9,2014,10-Sep-14
,ZMB3,,1,,1,1,1,,3,3,,63.33333,1,3,9,2014,15-Sep-14
,ZMB3,,1,,1,1,1,,3,3,,70,1,3,9,2014,15-Sep-14
,ZMB3,,,,0,,1,,3,3,,66.66666,1,3,9,2014,16-Sep-14
,ZMB3,,1,,1,1,1,,3,3,,70,1,3,9,2014,16-Sep-14
,ZMB3,,1,1,,,1,,3,3,,45,1,3,9,2014,16-Sep-14
,ZMB3,,1,Don't know,,,1,,3,3,12,40,1,3,9,2014,17-Sep-14
,ZMB3,,,,1,1,1,,3,3,,56.25,1,3,9,2014,16-Sep-14
,ZMB3,,,,0,,1,,3,3,,52,1,3,9,2014,11-Sep-14
,ZMB3,,,,1,1,1,,3,3,,65,1,3,9,2014,16-Sep-14
,ZMB3,,,,1,1,1,,3,3,,110,1,3,9,2014,13-Sep-14
,ZMB3,,,1,,,1,,3,3,,25,1,3,9,2014,10-Sep-14
,ZMB3,,,,1,1,1,,3,3,,100,1,3,9,2014,13-Sep-14
,ZMB3,,,,0,,1,,3,3,,150,1,3,9,2014,16-Sep-14
,ZMB3,,,,1,1,1,,3,3,,50,1,3,9,2014,16-Sep-14
,ZMB3,,,,0,,1,,3,3,,110,1,3,9,2014,16-Sep-14
,ZMB3,,,1,,,1,,3,3,,70,1,3,9,2014,16-Sep-14
,ZMB3,,,,0,,1,,3,3,,50,1,3,9,2014,16-Sep-14
,ZMB3,,,,1,1,1,,3,3,,33,1,3,9,2014,08-Sep-14
,ZMB3,,,1,,,1,,3,3,,30,1,3,9,2014,08-Sep-14
,ZMB3,,,,1,1,1,,3,3,,80,1,3,9,2014,12-Sep-14
,ZMB3,,,,1,1,1,,3,3,,28,1,3,9,2014,17-Sep-14
,ZMB3,,,,1,1,1,,3,3,,125,1,3,9,2014,17-Sep-14
,ZMB3,,,1,,,1,,3,3,9,24,1,3,9,2014,17-Sep-14
,ZMB3,,,,1,1,1,,3,3,,42,1,3,9,2014,16-Sep-14
,ZMB3,,,,1,1,1,,3,3,,28,1,3,9,2014,16-Sep-14
,ZMB3,,,,0,,1,,3,3,,48,1,3,9,2014,16-Sep-14
,ZMB3,,,,0,,1,,3,3,,38,1,3,9,2014,16-Sep-14
,ZMB3,,,,0,,1,,3,3,,60,1,3,9,2014,15-Sep-14
,ZMB3,,,,0,,1,,3,3,,20,1,3,9,2014,15-Sep-14
,ZMB3,,,,0,,1,,3,3,,120,1,3,9,2014,16-Sep-14
,ZMB3,,,,0,,1,,3,3,,110,1,3,9,2014,16-Sep-14
,ZMB3,,,,0,,1,,3,3,,30,1,3,9,2014,16-Sep-14
,ZMB3,,,,1,1,1,,3,3,,254.1667,1,3,9,2014,13-Sep-14
,ZMB3,,,,1,1,1,,3,3,,325.4167,1,3,9,2014,12-Sep-14
,ZMB3,,,,1,1,1,,3,3,,189.3333,1,3,9,2014,12-Sep-14
,ZMB3,0,0,,,,,,,,,,,3,9,2014,12-Sep-14
,ZMB3,,,,1,1,1,,3,3,12,41.83333,1,3,9,2014,12-Sep-14
,ZMB3,,,,1,1,1,,3,3,,26,1,3,9,2014,16-Sep-14
,ZMB3,,1,,1,1,1,,3,3,,58,1,3,9,2014,12-Sep-14
,ZMB3,,,,1,1,1,,3,3,,29,1,3,9,2014,17-Sep-14
,ZMB3,,,,1,1,1,,3,3,,44,1,3,9,2014,17-Sep-14
,ZMB3,,,,1,1,1,,3,3,,11,1,3,9,2014,16-Sep-14
,ZMB3,,,,1,1,1,,3,3,,34,1,3,9,2014,16-Sep-14
,ZMB3,,,,0,,1,,3,3,,38,1,3,9,2014,16-Sep-14
,ZMB3,,,,1,1,1,,3,3,,20.33333,1,3,9,2014,16-Sep-14
,ZMB3,,,,1,1,1,,3,3,,24.75,1,3,9,2014,16-Sep-14
,ZMB3,,,,1,1,1,,3,3,,85,1,3,9,2014,15-Sep-14
,ZMB3,,,,1,1,1,,3,3,,33.33333,1,3,9,2014,15-Sep-14
,ZMB3,,,,1,1,1,,3,3,,21,1,3,9,2014,15-Sep-14
,ZMB3,,,,1,1,1,,3,3,,23,1,3,9,2014,16-Sep-14
,ZMB3,,,,1,1,1,,3,3,,21,1,3,1,2012,01-Jan-12
,ZMB3,,,,1,1,1,,3,3,,13,1,3,1,2012,01-Jan-12
,ZMB3,,,,1,1,1,,3,3,,18,1,3,1,2012,01-Jan-12
,ZMB3,,,,1,1,1,,3,3,,18,1,3,1,2012,01-Jan-12
,ZMB3,,,,1,1,1,,3,3,,18,1,3,1,2012,01-Jan-12
,ZMB3,,,,1,1,1,,3,3,,49.66667,1,3,9,2014,10-Sep-14
,ZMB3,,,,1,1,1,,3,3,,10,1,3,9,2014,08-Sep-14
,ZMB3,,,,1,1,1,,3,3,,30,1,3,9,2014,08-Sep-14
,ZMB3,,1,,1,1,1,,3,3,,50,1,3,9,2014,09-Sep-14
,ZMB3,,1,,1,1,1,,3,3,,18,1,3,9,2014,09-Sep-14
,ZMB3,,,,1,1,1,,3,3,,26,1,3,9,2014,09-Sep-14
,ZMB3,,1,,1,1,1,,3,3,,24.16667,1,3,9,2014,09-Sep-14
,ZMB3,,,,1,1,1,,3,3,,23,1,3,9,2014,09-Sep-14
,ZMB3,,,,1,1,1,,3,3,,11,1,3,9,2014,10-Sep-14
,ZMB3,,,1,,,1,,3,3,,10,1,3,9,2014,10-Sep-14
,ZMB3,,,,1,1,1,,3,3,,29,1,3,9,2014,10-Sep-14
,ZMB3,,,,1,1,1,,3,3,,15,1,3,9,2014,10-Sep-14
,ZMB3,,,,1,1,1,,3,3,,17,1,3,9,2014,10-Sep-14
,ZMB3,,,,1,1,1,,3,3,,38.33333,1,3,9,2014,10-Sep-14
,ZMB3,,,,1,1,1,,3,3,,51.66667,1,3,9,2014,10-Sep-14
,ZMB3,,,,1,1,1,,3,3,,15,1,3,9,2014,11-Sep-14
,ZMB3,,,,1,1,1,,3,3,,300,0,3,9,2014,13-Sep-14
,ZMB3,,,,1,1,1,,3,3,,150,1,3,9,2014,13-Sep-14
,ZMB4,,,,1,1,1,,3,3,,18,1,3,9,2014,26-Sep-14
,ZMB4,,,,1,1,1,,3,3,,17.91667,1,3,9,2014,26-Sep-14
,ZMB4,,,,1,1,1,,3,3,,12,1,3,9,2014,24-Sep-14
,ZMB4,,,,1,1,1,,3,3,,50,1,3,9,2014,23-Sep-14
,ZMB4,,,,1,1,1,,3,3,,15,1,3,9,2014,26-Sep-14
,ZMB4,,,,1,1,1,,3,3,,20,1,3,9,2014,26-Sep-14
,ZMB4,,,,1,1,1,,3,3,,14,1,3,9,2014,26-Sep-14
,ZMB4,,,,1,1,1,,3,3,,16,1,3,9,2014,28-Sep-14
,ZMB4,,,,1,1,1,,3,3,,16,1,3,9,2014,28-Sep-14
,ZMB4,,,,1,1,1,,3,3,,22,1,3,9,2014,28-Sep-14
,ZMB4,,,,1,1,1,,3,3,,14,1,3,9,2014,28-Sep-14
,ZMB4,,,,1,1,1,,3,3,,20,1,3,9,2014,28-Sep-14
,ZMB4,,,,1,1,1,,3,3,,30,1,3,10,2014,02-Oct-14
,ZMB4,,,,1,1,1,,3,3,,17,1,3,10,2014,02-Oct-14
,ZMB4,,,,0,,1,,3,3,,46.5,1,3,10,2014,02-Oct-14
,ZMB4,,,,1,1,1,,3,3,,15,1,3,10,2014,02-Oct-14
,ZMB4,,,,1,1,1,,3,3,,97,1,3,10,2014,02-Oct-14
,ZMB4,,,,1,1,1,,3,3,,28,1,3,10,2014,02-Oct-14
,ZMB4,,,,0,,1,,3,3,,15,1,3,9,2014,26-Sep-14
,ZMB4,,1,,0,,1,,3,3,,10,1,3,9,2014,26-Sep-14
,ZMB4,,,,,,1,,3,3,,10,1,3,1,2012,01-Jan-12
,ZMB4,,,,,,1,,3,3,,10,1,3,1,2012,01-Jan-12
,ZMB4,,,,0,,1,,3,3,,25,1,3,1,2012,01-Jan-12
,ZMB4,,,,0,,1,,3,3,,10,1,3,1,2012,01-Jan-12
,ZMB4,1,,,,,1,,3,3,9,7.333333,,3,1,2012,01-Jan-12
,ZMB4,,,,0,,1,,3,3,,55,1,3,10,2014,03-Oct-14
,ZMB4,,,,1,1,1,,3,3,,25,1,3,10,2014,03-Oct-14
,ZMB4,,,,1,1,1,,3,3,,111.6667,1,3,9,2014,23-Sep-14
,ZMB4,,,,1,1,1,,2,2,,15,1,3,1,2013,05-Jan-13
,ZMB4,,1,1,,,1,,3,3,12,15,1,3,1,2013,06-Jan-13
,ZMB4,,,,1,1,1,,2,3,,17.91667,1,3,1,2013,08-Jan-13
,ZMB4,,,,1,1,1,,3,3,,20,1,3,1,2013,08-Jan-13
,ZMB4,,,,1,1,1,,3,3,,19.66667,1,3,1,2013,08-Jan-13
,ZMB4,,,1,,,1,,2,3,,13.25,1,3,10,2014,03-Oct-14
,ZMB4,,,,1,1,1,,2,3,,12.33333,1,3,10,2014,03-Oct-14
,ZMB4,,,,1,1,1,,2,3,,15.83333,1,3,10,2014,03-Oct-14
,ZMB4,,,,1,1,1,,3,3,,26,1,3,9,2014,26-Sep-14
,ZMB4,,,,0,,1,,2,3,,16,1,3,9,2014,26-Sep-14
,ZMB4,,,,1,1,1,,3,3,,18,1,3,9,2014,27-Sep-14
,ZMB4,0,0,,,,,,,,,,,3,9,2014,27-Sep-14
,ZMB4,,,,1,1,1,,2,3,,17,0,3,9,2014,27-Sep-14
,ZMB4,,,,1,1,1,,2,3,,26,1,3,9,2014,27-Sep-14
,ZMB4,,,,1,1,1,,3,3,,10,1,3,10,2014,03-Oct-14
,ZMB4,,,,,,1,,2,3,,18.08333,1,3,10,2014,04-Oct-14
,ZMB4,,,,1,1,1,,2,3,,22.16667,1,3,10,2014,04-Oct-14
,ZMB4,,,,1,1,1,,2,3,,21.33333,1,3,10,2014,04-Oct-14
,ZMB4,,,,1,1,1,,2,3,,32.91667,1,3,10,2014,04-Oct-14
,ZMB4,,,,1,1,1,,2,3,,12,1,3,10,2014,04-Oct-14
,ZMB4,,,,1,1,1,,3,3,,18,1,3,9,2014,12-Sep-14
,ZMB4,,,,1,1,1,,2,3,,13,1,3,10,2014,04-Oct-14
,ZMB4,,,,1,1,1,,2,3,,11,1,3,10,2014,04-Oct-14
,ZMB4,,,,1,1,1,,3,3,,32.91667,1,3,10,2014,04-Oct-14
,ZMB4,,,,1,1,1,,2,3,,30.91667,1,3,10,2014,04-Oct-14
,ZMB4,,,,1,1,1,,2,3,,16.66667,1,3,10,2014,04-Oct-14
,ZMB4,,,,1,1,1,,3,3,,10,1,3,9,2014,25-Sep-14
,ZMB4,,,,1,1,1,,3,3,,14,1,3,9,2014,30-Sep-14
,ZMB4,,,,1,1,1,,3,3,,15,1,3,9,2014,29-Sep-14
,ZMB4,1,,,1,1,1,,3,3,,7,,3,9,2014,30-Sep-14
,ZMB4,,1,,0,,1,,3,3,,12,0,3,10,2014,03-Oct-14
,ZMB4,,,,1,1,1,,3,3,,37.41667,1,3,10,2014,04-Oct-14
,ZMB4,,,,1,1,1,,3,3,,25.5,1,3,10,2014,04-Oct-14
,ZMB4,,,,1,1,1,,3,3,,21.5,1,3,10,2014,03-Oct-14
,ZMB4,,,,1,1,1,,3,3,,50.16667,1,3,10,2014,03-Oct-14
,ZMB4,,,,1,1,1,,3,3,,41.91667,Don't know,3,10,2014,03-Oct-14
,ZMB4,,,,1,1,1,,3,2,,65.83334,1,3,10,2014,03-Oct-14
,ZMB4,,,,1,1,1,,3,3,,55.5,1,3,10,2014,04-Oct-14
,ZMB4,,,,1,1,1,,3,3,,42.5,1,3,9,2014,26-Sep-14
,ZMB4,,,,1,1,1,,3,3,,40,1,3,10,2014,04-Oct-14
,ZMB4,,,,1,1,1,,3,3,,20,1,3,10,2014,05-Oct-14
,ZMB4,,,,1,1,1,,3,3,,15,1,3,10,2014,05-Oct-14
,ZMB4,,,,1,1,1,,3,3,,10,1,3,10,2014,05-Oct-14
,ZMB4,,,,1,1,1,,3,3,,30,1,3,10,2014,05-Oct-14
,ZMB4,,,,1,1,1,,3,3,,20,1,3,10,2014,05-Oct-14
,ZMB4,,,,1,1,1,,3,3,,10,1,3,10,2014,05-Oct-14
,ZMB4,,,,1,1,1,,3,3,,20,1,3,10,2014,05-Oct-14
,ZMB4,,,,1,1,1,,3,3,,10,1,3,10,2014,05-Oct-14
,ZMB4,,,,1,1,1,,3,3,,10,1,3,10,2014,05-Oct-14
,ZMB4,,,,1,1,1,,3,3,,10,1,3,10,2014,05-Oct-14
,ZMB4,,,,1,1,1,,3,3,,10,1,3,10,2014,05-Oct-14
,ZMB4,,,,1,1,1,,3,3,,20,1,3,10,2014,05-Oct-14
,ZMB4,,,,1,1,1,,3,3,,26,1,3,10,2014,05-Oct-14
,ZMB4,,,,1,1,1,,3,3,,10,1,3,10,2014,05-Oct-14
,ZMB4,,,,1,1,1,,3,3,,40,1,3,10,2014,06-Oct-14
,ZMB4,,,,1,1,1,,3,3,,15,1,3,10,2014,05-Oct-14
,ZMB4,,,,1,1,1,,3,3,,11.5,1,3,10,2014,05-Oct-14
,ZMB4,,,,1,1,1,,3,3,,25,1,3,10,2014,06-Oct-14
,ZMB4,0,,,,,1,0,,,,,,3,10,2014,02-Oct-14
,ZMB4,,,,1,1,1,,3,3,,25,1,3,10,2014,02-Oct-14
,ZMB4,,,,1,1,1,,3,3,,10,1,3,10,2014,02-Oct-14
,ZMB4,,,,1,1,1,,3,3,,20,1,3,10,2014,02-Oct-14
,ZMB4,,,,1,1,1,,3,3,,15,1,3,10,2014,06-Oct-14
,ZMB4,,,,1,1,1,,3,3,,10,1,3,9,2014,29-Sep-14
,ZMB4,,,,1,1,1,,3,3,,15,1,3,9,2014,29-Sep-14
,ZMB4,,,1,,,1,,3,3,,15,1,3,10,2014,02-Oct-14
,ZMB4,,,,1,1,1,,3,3,,12,1,3,10,2014,02-Oct-14
,ZMB4,,,1,,,1,,3,3,,12,1,3,10,2014,02-Oct-14
,ZMB4,,,,1,1,1,,3,3,,50,1,3,10,2014,02-Oct-14
,ZMB4,,,1,,,1,,3,3,,13,1,3,10,2014,02-Oct-14
,ZMB4,,,,1,1,1,,3,3,,15,1,3,10,2014,02-Oct-14
,ZMB4,,,,1,1,1,,3,3,,56.66667,1,3,10,2014,05-Oct-14
,ZMB4,,,,1,1,1,,3,3,,76.66666,1,3,9,2014,28-Sep-14
,ZMB4,,,,1,1,1,,3,3,,76.66666,1,3,9,2014,28-Sep-14
,ZMB4,,1,,1,1,1,,3,3,,184,1,3,1,2012,01-Jan-12
,ZMB4,,,,0,,1,,3,3,,70,1,3,1,2012,02-Jan-12
,ZMB4,,,,1,1,1,,3,3,,80,1,3,10,2014,03-Oct-14
,ZMB4,,,,1,1,1,,3,3,,68,1,3,10,2014,03-Oct-14
,ZMB4,,,,1,1,1,,3,3,,32,1,3,9,2014,30-Sep-14
,ZMB4,,,,1,1,1,,3,3,,45,1,3,9,2014,30-Sep-14
,ZMB4,,,,1,1,1,,3,3,,48.66667,1,3,10,2014,02-Oct-14
,ZMB4,,,,1,1,1,,3,3,,156,1,3,10,2014,02-Oct-14
,ZMB4,,,,1,1,1,,3,3,,86,1,3,10,2014,02-Oct-14
,ZMB4,,,,1,1,1,,3,3,,56.66667,1,3,10,2014,05-Oct-14
,ZMB4,,,,1,1,1,,3,3,,56.66667,1,3,10,2014,05-Oct-14
,ZMB4,,,,1,1,1,,3,3,,56.66667,1,3,10,2014,05-Oct-14
,ZMB4,,,,,,1,,3,3,,56.66667,1,3,10,2014,03-Oct-14
,ZMB4,,,,1,1,1,,3,3,,56.66667,1,3,9,2014,30-Sep-14
,ZMB4,,,,1,1,1,,3,3,,46.66667,1,3,10,2014,02-Oct-14
,ZMB4,,,,1,1,1,,3,3,,203.3333,1,3,10,2014,02-Oct-14
,ZMB4,,,,1,1,1,,3,3,,193.3333,1,3,10,2014,02-Oct-14
,ZMB4,,,,1,1,1,,3,3,,51.66667,1,3,9,2014,29-Sep-14
,ZMB4,,,,1,1,1,,3,3,,78.33334,1,3,10,2014,01-Oct-14
,ZMB4,,,,1,1,1,,3,3,,86.66666,1,3,9,2014,23-Sep-14
,ZMB4,,,1,,,1,,3,3,,30,1,3,9,2014,24-Sep-14
,ZMB4,,,,1,1,1,,3,3,,93.33334,1,3,9,2014,24-Sep-14
,ZMB4,,,1,,,1,,3,3,,56.66667,1,3,9,2014,24-Sep-14
,ZMB4,,,1,,,1,,3,3,,25,1,3,9,2014,24-Sep-14
,ZMB4,,,,1,1,1,,3,3,,52,1,3,10,2014,01-Oct-14
,ZMB4,,,,1,1,1,,3,3,,84.5,1,3,10,2014,02-Oct-14
,ZMB4,,,,1,1,1,,3,3,,97,1,3,10,2014,01-Oct-14
,ZMB4,,,,1,1,1,,3,3,,124,1,3,10,2014,02-Oct-14
,ZMB4,,,,1,1,1,,3,3,,20,1,3,10,2014,01-Oct-14
,ZMB4,,,,0,,1,,3,3,,44,1,3,10,2014,01-Oct-14
,ZMB4,,,,0,,1,,3,3,,46.66667,1,3,9,2014,30-Sep-14
,ZMB4,,,,0,,1,,3,3,,46.66667,1,3,9,2014,30-Sep-14
,ZMB4,,,,0,,1,,3,3,,33.33333,1,3,9,2014,30-Sep-14
,ZMB4,,,,0,,1,,3,3,,53.33333,1,3,10,2014,01-Oct-14
,ZMB4,,,,1,1,1,,3,3,,46.66667,1,3,9,2014,22-Sep-14
,ZMB4,1,0,,,,,,,,,,,3,10,2014,01-Oct-14
,ZMB4,,,,1,1,1,,3,3,,53.33333,1,3,9,2014,28-Sep-14
,ZMB4,,,,1,1,1,,3,3,,23.66667,1,3,9,2014,11-Sep-14
,ZMB4,,,,0,,1,,3,3,,40,1,3,9,2014,11-Sep-14
,ZMB4,,,,0,,1,,3,3,,12,1,3,9,2014,11-Sep-14
,ZMB4,,,,1,1,1,,3,3,,25,1,3,9,2014,11-Sep-14
,ZMB4,,,,1,1,1,,3,3,,10,1,3,9,2014,12-Sep-14
,ZMB4,,,,1,1,1,,3,3,,90,1,3,9,2014,12-Sep-14
,ZMB4,,,,1,1,1,,3,3,,15,1,3,9,2014,12-Sep-14
,ZMB4,,,,1,1,1,,3,3,,22,1,3,9,2014,12-Sep-14
,ZMB4,,,,1,1,1,,3,3,,40,1,3,9,2014,12-Sep-14
,ZMB4,,,,1,1,1,,3,3,,30,1,3,9,2014,15-Sep-14
,ZMB4,,,,1,1,1,,3,3,,50,1,3,9,2014,16-Sep-14
,ZMB4,,,,,,1,,3,3,,20,1,3,9,2014,16-Sep-14
,ZMB4,,,,0,,1,,3,3,,45,1,3,9,2014,15-Sep-14
,ZMB4,,,,0,,1,,3,3,,36.66667,1,3,9,2014,12-Sep-14
,ZMB4,,,,0,,1,,3,3,,56.66667,1,3,9,2014,12-Sep-14
,ZMB4,,,,1,1,1,,3,3,,84,1,3,9,2014,12-Sep-14
,ZMB4,,,,1,1,1,,3,3,,55,1,3,9,2014,12-Sep-14
,ZMB4,1,0,,,,,,,,,,,3,9,2014,15-Sep-14
,ZMB4,,,,1,1,1,,3,3,,45,1,3,9,2014,15-Sep-14
,ZMB4,,,,1,1,1,,3,3,,36.25,1,3,9,2014,12-Sep-14
,ZMB4,,,,1,1,1,,3,3,,31,1,3,9,2014,12-Sep-14
,ZMB4,,,,1,1,1,,2,3,,26.25,1,3,9,2014,15-Sep-14
,ZMB4,,,1,,,1,,2,3,,31,1,3,9,2014,15-Sep-14
,ZMB4,,,,1,1,1,,3,3,,25,1,3,9,2014,15-Sep-14
,ZMB4,,1,,0,,1,,3,3,,50,1,3,9,2014,15-Sep-14
,ZMB4,,,,1,1,1,,3,3,,20,1,3,9,2014,15-Sep-14
,ZMB4,,,,0,,1,,3,3,,150,1,3,9,2014,14-Sep-14
,ZMB4,,,,0,,1,,3,3,,40,1,3,9,2014,15-Sep-14
,ZMB4,,,,0,,1,,3,3,,25,1,3,9,2014,15-Sep-14
,ZMB4,,,,1,1,1,,3,3,,20,1,3,9,2014,15-Sep-14
,ZMB4,,,,0,,1,,3,3,,47,1,3,9,2014,15-Sep-14
,ZMB4,,,,1,1,1,,3,3,,35.66667,1,3,9,2014,11-Sep-14
,ZMB4,,,,1,1,1,,3,3,,35,1,3,9,2014,17-Sep-14
,ZMB4,,,,1,1,1,,3,3,,23,1,3,9,2014,12-Sep-14
,ZMB4,,,,1,1,1,,3,3,,20,1,3,9,2014,12-Sep-14
,ZMB4,,,,1,1,1,,3,3,,16,1,3,9,2014,11-Sep-14
,ZMB4,,,,1,1,1,,3,3,,20,1,3,9,2014,11-Sep-14
,ZMB4,,,,1,1,1,,3,3,,42,1,3,9,2014,12-Sep-14
,ZMB4,,,,1,1,1,,3,3,,10,1,3,9,2014,12-Sep-14
,ZMB4,,,,1,1,1,,3,3,,12,1,3,9,2014,12-Sep-14
,ZMB4,,,,1,1,1,,3,3,,15,1,3,9,2014,12-Sep-14
,ZMB4,,,,1,1,1,,3,3,,98,1,3,9,2014,15-Sep-14
,ZMB4,,,,1,1,1,,3,3,,59.16667,1,3,9,2014,15-Sep-14
,ZMB4,,,,1,1,1,,3,3,,38.33333,1,3,9,2014,15-Sep-14
,ZMB4,,,,1,1,1,,3,3,,83.5,1,3,9,2014,15-Sep-14
,ZMB4,,,,1,1,1,,3,3,,30,1,3,9,2014,11-Sep-14
,ZMB4,,,,1,1,1,,3,3,,33,1,3,9,2014,15-Sep-14
,ZMB4,,,,1,1,1,,3,3,,50,1,3,9,2014,15-Sep-14
,ZMB4,,,,1,1,1,,3,3,,55,1,3,9,2014,16-Sep-14
,ZMB4,,,,1,1,1,,3,3,,70,1,3,9,2014,16-Sep-14
,ZMB4,,,,1,1,1,,3,3,,50,1,3,9,2014,16-Sep-14
,ZMB4,,,,1,1,1,,3,3,,10,1,3,9,2014,11-Sep-14
,ZMB4,,,,1,1,1,,3,3,,50,1,3,9,2014,15-Sep-14
,ZMB4,,,,1,1,1,,3,3,,32,1,3,9,2014,18-Sep-14
,ZMB4,,,,1,1,1,,3,3,9,32,1,3,9,2014,18-Sep-14
,ZMB4,,,,1,1,1,,3,3,,15,1,3,9,2014,18-Sep-14
,ZMB4,,,,1,1,1,,3,3,,15,1,3,9,2014,18-Sep-14
,ZMB4,,,,1,1,1,,3,3,,23,1,3,9,2014,15-Sep-14
,ZMB4,,,,1,1,1,,3,3,,23,1,3,9,2014,17-Sep-14
,ZMB4,,,,1,1,1,,3,3,,27,1,3,9,2014,17-Sep-14
,ZMB4,,,,1,1,1,,3,3,,13,1,3,9,2014,17-Sep-14
,ZMB4,,,,1,1,1,,3,3,,33,1,3,9,2014,17-Sep-14
,ZMB4,,,,1,1,1,,3,3,,33.33333,1,3,9,2014,15-Sep-14
,ZMB4,,,,1,1,1,,3,3,,48.33333,1,3,9,2014,15-Sep-14
,ZMB4,,,,1,1,1,,3,3,,57,1,3,9,2014,15-Sep-14
,ZMB4,,,,1,1,1,,3,3,,30,1,3,9,2014,15-Sep-14
,ZMB4,,,,1,1,1,,3,3,,60,1,3,9,2014,15-Sep-14
,ZMB4,,,,1,1,1,,3,3,,30,1,3,9,2014,15-Sep-14
,ZMB4,,,,0,,1,,3,3,,48.33333,1,3,9,2014,12-Sep-14
,ZMB4,,1,,0,,1,,3,3,,100,1,3,9,2014,12-Sep-14
,ZMB4,,,,0,,1,,3,3,,50,1,3,9,2014,12-Sep-14
,ZMB4,,,,0,,1,,3,3,,40,1,3,9,2014,12-Sep-14
,ZMB4,,,,0,,1,,3,3,,48.33333,1,3,9,2014,12-Sep-14
,ZMB4,,1,,0,,1,,3,3,,29,1,3,9,2014,12-Sep-14
,ZMB4,,,,1,1,1,,3,3,,28.33333,1,3,9,2014,15-Sep-14
,ZMB4,,,,1,1,1,,3,3,,40,1,3,9,2014,16-Sep-14
,ZMB4,,,,1,1,1,,3,3,,18.33333,1,3,9,2014,16-Sep-14
,ZMB4,,,,1,1,1,,3,3,12,30,1,3,9,2014,16-Sep-14
,ZMB4,,,,1,1,1,,3,3,,30,1,3,9,2014,15-Sep-14
,ZMB4,,,,1,1,1,,3,3,,20,1,3,9,2014,16-Sep-14
,ZMB4,,1,,1,1,1,,3,3,,50.5,1,3,10,2014,02-Oct-14
,ZMB4,,,,1,1,1,,3,3,,12,1,3,9,2014,29-Sep-14
,ZMB4,,,1,,,1,,3,3,,14,1,3,10,2014,01-Oct-14
,ZMB4,,,1,,,1,,3,3,,26,1,3,10,2014,01-Oct-14
,ZMB4,,,,1,1,1,,3,3,,26,1,3,10,2014,01-Oct-14
,ZMB4,,,1,,,1,,3,3,,13,1,3,10,2014,01-Oct-14
,ZMB4,,,,1,1,1,,3,3,,11,1,3,10,2014,01-Oct-14
,ZMB4,,,,1,1,1,,3,3,,60,1,3,10,2014,06-Oct-14
,ZMB4,,,,1,1,1,,3,3,,50,1,3,10,2014,06-Oct-14
,ZMB4,,,,1,1,1,,3,3,,30,1,3,10,2014,06-Oct-14
,ZMB4,,,,1,1,1,,3,3,,57.5,1,3,10,2014,02-Oct-14
,ZMB4,,,,1,1,1,,3,3,,55,1,3,10,2014,10-Oct-14
,ZMB4,,,,1,1,1,,3,3,,25,1,3,10,2014,11-Oct-14
,ZMB4,,1,,0,,1,,3,3,,133.3333,1,3,10,2014,07-Oct-14
,ZMB4,,1,,0,,1,,3,3,,41.66667,1,3,10,2014,07-Oct-14
,ZMB4,,1,,0,,1,,3,3,,38.33333,1,3,10,2014,07-Oct-14
,ZMB4,,1,,0,,1,,3,3,,91.66666,1,3,10,2014,06-Oct-14
,ZMB4,,1,,0,,1,,3,3,,41.25,1,3,10,2014,08-Oct-14
,ZMB4,,1,,0,,1,,3,3,,12,1,3,10,2014,08-Oct-14
,ZMB4,,1,,0,,1,,3,3,,45,1,3,10,2014,09-Oct-14
,ZMB4,,1,,0,,1,,3,3,,48,1,3,10,2014,09-Oct-14
,ZMB4,,,,1,1,1,,3,3,,105,1,3,10,2014,08-Oct-14
,ZMB4,,,,1,1,1,,3,3,,45,1,3,10,2014,08-Oct-14
,ZMB4,,,,1,1,1,,3,3,,29,1,3,10,2014,08-Oct-14
,ZMB4,,,,1,1,1,,3,3,,50,1,3,10,2014,08-Oct-14
,ZMB4,,,,1,1,1,,3,3,,110,1,3,10,2014,08-Oct-14
,ZMB4,,,,0,,1,,3,3,,26.66667,1,3,10,2014,06-Oct-14
,ZMB4,,,,0,,1,,3,3,,23.66667,1,3,10,2014,06-Oct-14
,ZMB4,,,,0,,1,,3,3,,63.33333,1,3,10,2014,03-Oct-14
,ZMB4,,1,,0,,1,,3,3,,98,1,3,10,2014,03-Oct-14
,ZMB4,,,,0,,1,,3,3,9,28.33333,1,3,10,2014,06-Oct-14
,ZMB4,,1,,0,,1,,3,3,,64,1,3,10,2014,03-Oct-14
,ZMB4,,1,,0,,1,,3,3,,44,1,3,10,2014,03-Oct-14
,ZMB4,,1,,0,,1,,3,3,,145,1,3,10,2014,02-Oct-14
,ZMB4,,1,,0,,1,,3,3,,75,1,3,10,2014,02-Oct-14
,ZMB4,,,,0,,1,,3,3,,51.66667,1,3,10,2014,01-Oct-14
,ZMB4,,1,,0,,1,,3,3,,80,1,3,10,2014,03-Oct-14
,ZMB4,,1,,0,,1,,3,3,,45,1,3,10,2014,11-Oct-14
,ZMB4,,,,1,1,1,,3,3,,22.5,1,3,1,2012,03-Jan-12
,ZMB4,,,,1,1,1,,3,3,,58,1,3,1,2012,03-Jan-12
,ZMB4,,,1,,,1,,3,3,,20,1,3,1,2012,03-Jan-12
,ZMB4,1,,,1,1,0,,,,,,,3,1,2012,04-Jan-12
,ZMB4,,,,1,1,1,,3,3,,109,1,3,1,2012,05-Jan-12
,ZMB4,,,,1,1,1,,3,3,,80,1,3,1,2012,05-Jan-12
,ZMB4,,,,1,1,1,,3,3,,60,1,3,1,2012,05-Jan-12
,ZMB4,,,,1,1,1,,3,3,,55,1,3,1,2012,01-Jan-12
,ZMB4,,,,1,1,1,,3,3,,50,1,3,1,2012,03-Jan-12
,ZMB4,,1,,0,,1,,3,3,,42,1,3,10,2014,06-Oct-14
,ZMB4,,,,0,,1,,3,3,9,45.75,1,3,10,2014,07-Oct-14
,ZMB4,,1,,0,,1,,3,3,9,53.25,1,3,10,2014,07-Oct-14
,ZMB4,,1,,0,,1,,3,3,,100.3333,1,3,10,2014,06-Oct-14
,ZMB4,,1,,0,,1,,3,3,,80,1,3,10,2014,07-Oct-14
,ZMB4,,,,0,,1,,3,3,9,25,1,3,10,2014,09-Oct-14
,ZMB4,1,1,,0,,0,,,,,,1,3,10,2014,09-Oct-14
,ZMB4,0,0,,,,,,,,,,,3,10,2014,06-Oct-14
,ZMB4,0,0,,,,,,,,,,,3,10,2014,06-Oct-14
,ZMB4,0,0,,,,,,,,,,,3,10,2014,07-Oct-14
,ZMB4,0,0,,,,,,,,,,,3,10,2014,07-Oct-14
,ZMB4,0,0,,,,,,,,,,,3,10,2014,08-Oct-14
,ZMB4,,,,0,,1,,3,3,,51.66667,1,3,10,2014,02-Oct-14
,ZMB4,,,,0,,1,,3,3,,60,1,3,10,2014,02-Oct-14
,ZMB4,,,,1,1,1,,3,3,,63.66667,1,3,10,2014,10-Oct-14
,ZMB4,,,,1,1,1,,3,3,,46,1,3,10,2014,10-Oct-14
,ZMB4,,,,1,1,1,,3,3,,96.66666,1,3,10,2014,02-Oct-14
,ZMB4,,,,1,1,1,,3,3,,41.66667,1,3,10,2014,02-Oct-14
,ZMB4,,,,1,1,1,,3,3,,40,1,3,10,2014,02-Oct-14
,ZMB4,,,,0,,1,,3,3,,109.5,1,3,10,2014,17-Oct-14
,ZMB4,,,,0,,1,,3,3,,95,1,3,10,2014,17-Oct-14
,ZMB4,,,1,,,1,,3,3,,36.66667,1,3,10,2014,06-Oct-14
,ZMB4,,,,1,1,1,,3,3,,78.33334,1,3,10,2014,06-Oct-14
,ZMB4,,,,1,1,1,,3,3,,43.33333,1,3,10,2014,06-Oct-14
,ZMB4,,,,1,1,1,,3,3,,56,1,3,10,2014,06-Oct-14
,ZMB4,,1,,1,1,1,,3,3,,50,1,3,10,2014,08-Oct-14
,ZMB4,,,,1,1,1,,3,3,,50,1,3,10,2014,08-Oct-14
,ZMB4,,1,,1,1,1,,3,3,,60,1,3,10,2014,08-Oct-14
,ZMB4,,1,,1,1,1,,3,3,,60,1,3,10,2014,08-Oct-14
,ZMB4,,,,0,,1,,3,3,,50,1,3,10,2014,07-Oct-14
,ZMB4,,,,1,1,1,,3,3,,60,1,3,10,2014,07-Oct-14
,ZMB4,,,,1,1,1,,3,3,,59.66667,1,3,10,2014,07-Oct-14
,ZMB4,,,,1,1,1,,3,3,,45,1,3,10,2014,07-Oct-14
,ZMB4,,,,0,,1,,3,3,,79.75,1,3,10,2014,06-Oct-14
,ZMB4,,,,0,,1,,3,3,,21.75,1,3,10,2014,06-Oct-14
,ZMB4,,,,0,,1,,3,3,,13.16667,1,3,10,2014,06-Oct-14
,ZMB4,,,,1,1,1,,3,3,,80.16666,1,3,10,2014,06-Oct-14
,ZMB4,,,,1,1,1,,3,3,,34.66667,1,3,10,2014,06-Oct-14
,ZMB4,,,,1,1,1,,3,3,,80,1,3,1,2013,13-Jan-13
,ZMB4,,,,1,1,1,,3,3,,226,1,3,10,2014,06-Oct-14
,ZMB4,,1,,1,1,1,,3,3,,95,1,3,10,2014,06-Oct-14
,ZMB4,,,,1,1,1,,3,3,,150,1,3,10,2014,06-Oct-14
,ZMB4,,,,1,1,1,,3,3,,100,1,3,10,2014,06-Oct-14
,ZMB4,,,,1,1,1,,3,3,,291.6667,1,3,1,2013,13-Jan-13
,ZMB4,,,,1,1,1,,3,3,,23.33333,1,3,1,2013,13-Jan-13
,ZMB4,,,,1,1,1,,3,3,,61.25,1,3,1,2013,13-Jan-13
,ZMB4,,,,1,1,1,,3,3,,253.3333,1,3,1,2013,13-Jan-13
,ZMB4,,,,0,,1,,3,3,,24.66667,1,3,1,2013,13-Jan-13
,ZMB4,,,,1,1,1,,3,3,,47,1,3,10,2014,07-Oct-14
,ZMB4,,,,1,1,1,,3,3,,309,1,3,10,2014,06-Oct-14
,ZMB4,,,,1,1,1,,3,3,,15,1,3,9,2014,20-Sep-14
,ZMB4,,,,1,1,1,,3,3,,25,1,3,9,2014,20-Sep-14
,ZMB4,,,,1,1,1,,3,3,12,12,1,3,9,2014,20-Sep-14
,ZMB4,,,,1,1,1,,3,3,,13,1,3,9,2014,22-Sep-14
,ZMB4,,,,1,1,1,,3,3,,32,1,3,9,2014,22-Sep-14
,ZMB4,,,,1,1,1,,3,3,,109,1,3,9,2014,22-Sep-14
,ZMB4,,,,1,1,1,,3,3,,20,1,3,9,2014,24-Sep-14
,ZMB4,,,,1,1,1,,3,3,,95,1,3,9,2014,27-Sep-14
,ZMB4,,,1,,,1,,3,3,,15,1,3,9,2014,27-Sep-14
,ZMB4,,,1,,,1,,3,3,,13,1,3,9,2014,27-Sep-14
,ZMB4,,,,1,1,1,,3,3,,13,1,3,9,2014,26-Sep-14
,ZMB4,,,,1,1,1,,3,3,,10,1,3,9,2014,26-Sep-14
,ZMB4,,,,1,1,1,,3,3,,31.66667,1,3,9,2014,25-Sep-14
,ZMB4,,,,1,1,1,,3,3,,75.83334,1,3,9,2014,25-Sep-14
,ZMB4,,,,1,1,1,,3,3,,15,1,3,9,2014,25-Sep-14
,ZMB4,,,,1,1,1,,3,3,,23,1,3,9,2014,25-Sep-14
,ZMB4,,,,1,1,1,,3,3,,12,1,3,9,2014,25-Sep-14
,ZMB4,,,,1,1,1,,3,3,,48.33333,1,3,9,2014,25-Sep-14
,ZMB4,,,,1,1,1,,3,3,,18,1,3,9,2014,25-Sep-14
,ZMB4,,,,1,1,1,,3,3,,37,1,3,9,2014,26-Sep-14
,ZMB4,,,,1,1,1,,3,3,,13,1,3,9,2014,26-Sep-14
,ZMB4,,,,1,1,1,,3,3,,22,1,3,9,2014,17-Sep-14
,ZMB4,,,,1,1,1,,3,3,,12,1,3,9,2014,26-Sep-14
,ZMB4,,,,1,1,1,,3,3,,17,1,3,9,2014,26-Sep-14
,ZMB4,,,,1,1,1,,3,3,,15,1,3,9,2014,24-Sep-14
,ZMB4,,,,1,1,1,,3,3,,12,1,3,9,2014,24-Sep-14
,ZMB4,,,,1,1,1,,3,3,,19,1,3,9,2014,25-Sep-14
,ZMB4,,,,1,1,1,,3,3,,13,1,3,9,2014,26-Sep-14
,ZMB4,0,,,1,1,1,,3,3,,5,,3,9,2014,26-Sep-14
,ZMB4,0,,,1,1,1,,3,3,,8,,3,9,2014,26-Sep-14
,ZMB4,,,1,,,1,,3,3,,15,1,3,9,2014,26-Sep-14
,ZMB4,,,,1,1,1,,3,3,,19,1,3,9,2014,26-Sep-14
,ZMB4,,,,1,1,1,,3,3,,10,1,3,9,2014,24-Sep-14
,ZMB4,0,,1,,,1,,3,3,,4,,3,9,2014,24-Sep-14
,ZMB4,0,,1,,,1,,3,3,,5,,3,9,2014,24-Sep-14
,ZMB4,,,,1,1,1,,3,3,,10,1,3,9,2014,24-Sep-14
,ZMB4,,,,1,1,1,,3,3,,19,1,3,9,2014,24-Sep-14
,ZMB4,,,,1,1,1,,3,3,,56.66667,1,3,9,2014,23-Sep-14
,ZMB4,,,,1,1,1,,3,3,,63.33333,1,3,9,2014,23-Sep-14
,ZMB4,,,,1,1,1,,3,3,,56.66667,1,3,9,2014,23-Sep-14
,ZMB4,,,1,,,1,,3,3,,56.66667,1,3,9,2014,26-Sep-14
,ZMB4,,,,1,1,1,,3,3,,53.33333,1,3,9,2014,28-Sep-14
,ZMB4,,,1,,,1,,3,3,,56.66667,1,3,9,2014,28-Sep-14
,ZMB4,0,,1,,,1,,3,3,,3,,3,9,2014,24-Sep-14
,ZMB4,,,,1,1,1,,3,3,,10,1,3,9,2014,24-Sep-14
,ZMB4,0,,,1,1,1,,3,3,,6,,3,9,2014,24-Sep-14
,ZMB4,,,1,,,1,,3,3,,19,1,3,9,2014,22-Sep-14
,ZMB4,,,1,,,1,,3,3,,10.16667,1,3,9,2014,23-Sep-14
,ZMB4,,1,,1,1,1,,3,3,,25,1,3,9,2014,23-Sep-14
,ZMB4,,,1,,,1,,3,3,,32,1,3,9,2014,23-Sep-14
,ZMB4,,,,0,,1,,3,3,,14.58333,1,3,9,2014,23-Sep-14
,ZMB4,,1,1,,,1,,3,3,,12,1,3,9,2014,23-Sep-14
,ZMB4,,,1,,,1,,3,3,,15,1,3,9,2014,23-Sep-14
,ZMB4,,,,1,1,1,,3,3,,13,1,3,9,2014,23-Sep-14
,ZMB4,,,1,,,1,,3,3,,15.91667,1,3,9,2014,23-Sep-14
,ZMB4,,,1,,,1,,3,3,12,14.75,1,3,9,2014,23-Sep-14
,ZMB4,,,1,,,1,,3,3,12,18,1,3,9,2014,23-Sep-14
,ZMB4,,,,1,1,1,,3,3,,28,1,3,9,2014,23-Sep-14
,ZMB4,,,1,,,1,,3,3,,24,1,3,9,2014,26-Sep-14
,ZMB4,,,1,,,1,,3,3,12,20,1,3,9,2014,26-Sep-14
,ZMB4,,,1,,,1,,3,3,12,29,1,3,9,2014,26-Sep-14
,ZMB4,,,1,,,1,,3,3,,26,1,3,9,2014,26-Sep-14
,ZMB4,,,1,,,1,,3,3,,17,1,3,9,2014,26-Sep-14
,ZMB4,,,,1,1,1,,3,3,,14,1,3,9,2014,22-Sep-14
,ZMB4,,,1,,,1,,3,3,,20,1,3,9,2014,22-Sep-14
,ZMB4,,,,1,1,1,,3,3,9,10.66667,1,3,9,2014,22-Sep-14
,ZMB4,,,,1,1,1,,3,3,,30,1,3,9,2014,26-Sep-14
,ZMB4,,,,1,1,1,,3,3,,20,1,3,9,2014,26-Sep-14
,ZMB4,,,,1,1,1,,3,3,,14,1,3,9,2014,27-Sep-14
,ZMB4,,,,0,,1,,3,3,,30,1,3,9,2014,26-Sep-14
,ZMB4,,,,0,,1,,3,3,,35,1,3,9,2014,26-Sep-14
,ZMB4,,,1,,,1,,3,3,,10,1,3,9,2014,26-Sep-14
,ZMB4,,,1,,,1,,3,3,,10,1,3,9,2014,26-Sep-14
,ZMB4,,,,0,,1,,3,3,,28,1,3,9,2014,26-Sep-14
,ZMB4,,,,0,,1,,3,3,,13,1,3,9,2014,26-Sep-14
,ZMB4,,,1,,,1,,3,3,,10,1,3,9,2014,26-Sep-14
,ZMB4,,,,1,1,1,,3,3,,15,1,3,9,2014,26-Sep-14
,ZMB4,,,,0,,1,,3,3,,10,1,3,9,2014,27-Sep-14
,ZMB4,,,,1,1,1,,3,3,,10.83333,1,3,9,2014,27-Sep-14
,ZMB4,,,,0,,1,,3,3,12,17,1,3,9,2014,18-Sep-14
,ZMB4,,,,0,,1,,3,3,,25.83333,1,3,9,2014,19-Sep-14
,ZMB4,,,,0,,1,,3,3,,31,1,3,9,2014,19-Sep-14
,ZMB4,,,,0,,1,,3,3,,32.91667,1,3,9,2014,22-Sep-14
,ZMB4,,,,0,,1,,3,3,,20,1,3,9,2014,24-Sep-14
,ZMB4,,,,0,,1,,3,3,,34,1,3,9,2014,24-Sep-14
,ZMB4,,,,0,,1,,3,3,,26.25,1,3,9,2014,24-Sep-14
,ZMB4,,,,0,,1,,2,3,,17.91667,1,3,9,2014,24-Sep-14
,ZMB4,,,,0,,1,,3,3,,18,1,3,9,2014,25-Sep-14
,ZMB4,1,,,0,,1,,3,3,,8,,3,9,2014,26-Sep-14
,ZMB4,,,,0,,1,,3,3,,18,1,3,9,2014,26-Sep-14
,ZMB4,,,,1,1,1,,3,3,,20,1,3,9,2014,22-Sep-14
,ZMB4,0,0,,,,,,,,,,,3,9,2014,25-Sep-14
,ZMB4,0,0,,,,,,,,,,,3,9,2014,26-Sep-14
,ZMB4,,,,1,1,1,,3,3,,56.66667,1,3,10,2014,05-Oct-14
,ZMB5,,,,1,1,1,,3,3,,40,1,3,3,2015,01-Mar-15
,ZMB5,,,1,,,1,,3,3,,55.83333,1,3,3,2015,01-Mar-15
,ZMB5,,,,1,1,1,,3,3,,20,1,3,2,2015,28-Feb-15
,ZMB5,,,,0,,1,,3,3,,50,1,3,3,2015,02-Mar-15
,ZMB5,,,,1,1,1,,3,3,,70,1,3,3,2015,02-Mar-15
,ZMB5,,,,1,1,1,,3,3,,50,1,3,2,2015,28-Feb-15
,ZMB5,,,,1,1,1,,3,3,,65,1,3,2,2015,16-Feb-15
,ZMB5,,,,1,1,1,,3,3,,86,1,3,3,2015,01-Mar-15
,ZMB5,,,,0,,1,,3,3,,70,1,3,3,2015,01-Mar-15
,ZMB5,,,,0,,1,,3,3,,250,1,3,2,2015,12-Feb-15
,ZMB5,,,,0,,1,,3,3,,30,1,3,2,2015,23-Feb-15
,ZMB5,,,,0,,1,,3,3,,52,1,3,2,2015,19-Feb-15
,ZMB5,,,,0,,1,,3,3,,53,1,3,2,2015,23-Feb-15
,ZMB5,,,,0,,1,,3,3,,23,1,3,2,2015,23-Feb-15
,ZMB5,,,,0,,1,,3,3,,250,1,3,2,2015,23-Feb-15
,ZMB5,,,,0,,1,,3,3,,45,1,3,2,2015,23-Feb-15
,ZMB5,,,,0,,1,,3,3,,25,1,3,2,2015,23-Feb-15
,ZMB5,,,,0,,1,,3,3,,20,1,3,2,2015,23-Feb-15
,ZMB5,,,,0,,1,,3,3,,50,1,3,2,2015,23-Feb-15
,ZMB5,,,,0,,1,,3,3,,19,1,3,2,2015,23-Feb-15
,ZMB5,,,,0,,1,,3,3,,20,1,3,2,2015,23-Feb-15
,ZMB5,,,,0,,1,,3,3,,33,1,3,2,2015,23-Feb-15
,ZMB5,,,,0,,1,,3,3,,35,1,3,2,2015,23-Feb-15
,ZMB5,,,,1,1,1,,3,3,,220.8333,1,3,2,2015,23-Feb-15
,ZMB5,1,,,1,1,1,,1,3,,,,3,2,2015,24-Feb-15
,ZMB5,,,,0,,1,,3,3,,300,1,3,2,2015,23-Feb-15
,ZMB5,,,,0,,1,,3,3,,50,1,3,2,2015,23-Feb-15
,ZMB5,,,,1,1,1,,3,3,,21,1,3,2,2015,23-Feb-15
,ZMB5,,,,0,,1,,3,3,,93,1,3,2,2015,24-Feb-15
,ZMB5,,,,0,,1,,3,3,,23,1,3,2,2015,24-Feb-15
,ZMB5,,1,,1,1,1,,3,3,,40,1,3,2,2015,20-Feb-15
,ZMB5,,,,1,1,1,,3,3,,42.33333,1,3,2,2015,24-Feb-15
,ZMB5,,,,0,,1,,3,3,,47.33333,1,3,2,2015,24-Feb-15
,ZMB5,,,,0,,1,,3,3,,73.66666,1,3,2,2015,26-Feb-15
,ZMB5,,,,0,,1,,3,3,,70,1,3,2,2015,27-Feb-15
,ZMB5,,,,0,,1,,3,3,,38.33333,1,3,2,2015,27-Feb-15
,ZMB5,,,,1,1,1,,3,3,,38.33333,1,3,2,2015,19-Feb-15
,ZMB5,,,,1,1,1,,3,3,,51.66667,1,3,2,2015,19-Feb-15
,ZMB5,,,,0,,1,,3,3,,30,1,3,1,2012,08-Jan-12
,ZMB5,,,,0,,1,,3,3,,38.75,1,3,2,2015,22-Feb-15
,ZMB5,,,,0,,1,,3,3,,65.83334,1,3,2,2015,22-Feb-15
,ZMB5,,,,0,,1,,3,3,,95.83334,1,3,2,2015,27-Feb-15
,ZMB5,,,,0,,1,,3,3,,182.4167,1,3,2,2015,19-Feb-15
,ZMB5,,,,0,,1,,3,3,,200,1,3,2,2015,27-Feb-15
,ZMB5,,,,0,,1,,3,3,,120,1,3,1,2012,01-Jan-12
,ZMB5,,,,0,,1,,3,3,,41.66667,1,3,1,2012,01-Jan-12
,ZMB5,,,,0,,1,,3,3,,58.75,1,3,1,2012,01-Jan-12
,ZMB5,,,,0,,1,,3,3,,140,1,3,1,2012,01-Jan-12
,ZMB5,,,,0,,1,,3,3,,115,1,3,2,2015,16-Feb-15
,ZMB5,,,,1,1,1,,3,3,,170,1,3,2,2015,24-Feb-15
,ZMB5,,,,0,,1,,3,3,,120.8333,1,3,2,2015,27-Feb-15
,ZMB5,,,,1,1,1,,3,3,12,44.16667,1,3,2,2015,14-Feb-15
,ZMB5,,,,1,1,1,,3,3,,37,1,3,2,2015,14-Feb-15
,ZMB5,,,,1,1,1,,3,3,,51.66667,1,3,2,2015,25-Feb-15
,ZMB5,,,,1,1,1,,3,3,,51.66667,1,3,2,2015,25-Feb-15
,ZMB5,,,,1,-999,1,,3,3,,61.66667,1,3,2,2015,25-Feb-15
,ZMB5,,,,1,1,1,,3,3,,51.66667,1,3,2,2015,20-Feb-15
,ZMB5,,,,0,,1,,3,3,,79.16666,1,3,2,2015,20-Feb-15
,ZMB5,,,,1,1,1,,3,3,,51.66667,1,3,2,2015,20-Feb-15
,ZMB5,,,,0,,1,,3,3,,25,1,3,3,2015,02-Mar-15
,ZMB5,,,,0,,1,,3,3,,47,1,3,3,2015,02-Mar-15
,ZMB5,,,,0,,1,,3,3,,33,1,3,3,2015,01-Mar-15
,ZMB5,,,,0,,1,,3,3,,67,1,3,3,2015,02-Mar-15
,ZMB5,,,,0,,1,,3,3,,38,1,3,3,2015,02-Mar-15
,ZMB5,,,,0,,1,,3,3,,58,1,3,3,2015,01-Mar-15
,ZMB5,,,,0,,1,,3,3,,62,1,3,3,2015,02-Mar-15
,ZMB5,,,,0,,1,,3,3,,55,1,3,3,2015,02-Mar-15
,ZMB5,,,,0,,1,,3,3,,28,1,3,3,2015,02-Mar-15
,ZMB5,,,,0,,1,,3,3,,31,1,3,3,2015,02-Mar-15
,ZMB5,,,,0,,1,,3,3,,17,1,3,3,2015,02-Mar-15
,ZMB5,,,,0,,1,,3,3,,21,1,3,3,2015,02-Mar-15
,ZMB5,,,,1,1,1,,3,3,,52,1,3,1,2012,02-Jan-12
,ZMB5,,,,1,1,1,,3,3,,230,1,3,1,2012,02-Jan-12
,ZMB5,,,,1,1,1,,3,3,,28.33333,1,3,2,2015,23-Feb-15
,ZMB5,,,,1,1,1,,3,3,,35,1,3,2,2015,23-Feb-15
,ZMB5,,,,1,1,1,,3,3,,33.33333,1,3,2,2015,23-Feb-15
,ZMB5,,,,1,1,1,,3,3,,77,1,3,1,2012,04-Jan-12
,ZMB5,,,1,,,1,,3,3,,26.33333,1,3,1,2012,12-Jan-12
,ZMB5,,,1,,,1,,3,3,,128.3333,1,3,1,2012,11-Jan-12
,ZMB5,,,1,,,1,,3,3,,21.66667,1,3,1,2012,06-Jan-12
,ZMB5,,,,1,1,1,,3,3,,196.6667,1,3,1,2012,06-Jan-12
,ZMB5,,,,1,1,1,,3,3,,135,1,3,1,2012,06-Jan-12
,ZMB5,,,1,,,1,,3,3,,16,1,3,1,2012,11-Jan-12
,ZMB5,,,,1,1,1,,3,3,,111.6667,1,3,1,2012,11-Jan-12
,ZMB5,,,,1,1,1,,3,3,,185.3333,1,3,1,2012,11-Jan-12
,ZMB5,,,1,,,1,,3,3,,43.33333,1,3,1,2012,11-Jan-12
,ZMB5,,,,1,1,1,,3,3,,99.66666,1,3,1,2012,11-Jan-12
,ZMB5,,,,0,,1,,3,3,,21,1,3,1,2012,08-Jan-12
,ZMB5,,,,0,,1,,3,3,,120,1,3,1,2012,07-Jan-12
,ZMB5,,,,0,,1,,3,3,,65,1,3,1,2012,07-Jan-12
,ZMB5,,,,0,,1,,3,3,,48,1,3,1,2012,07-Jan-12
,ZMB5,,,,0,,1,,3,3,,130,1,3,1,2012,07-Jan-12
,ZMB5,,,,0,,1,,3,3,,70,1,3,1,2012,07-Jan-12
,ZMB5,,,,0,,1,,3,3,,112,1,3,1,2012,06-Jan-12
,ZMB5,,,,1,1,1,,3,3,,30,1,3,2,2015,23-Feb-15
,ZMB5,,,,0,,1,,3,3,,25,1,3,2,2015,26-Feb-15
,ZMB5,,,,0,,1,,3,3,,20,1,3,2,2015,23-Feb-15
,ZMB5,,,,1,1,1,,3,3,,76,1,3,2,2015,27-Feb-15
,ZMB5,1,,,1,1,1,,1,3,,,,3,2,2015,27-Feb-15
,ZMB5,,,,0,,1,,3,3,,25,1,3,2,2015,26-Feb-15
,ZMB5,,1,,1,1,1,,3,3,,59,1,3,2,2015,23-Feb-15
,ZMB5,,,,1,1,1,,3,3,,90,1,3,2,2015,24-Feb-15
,ZMB5,,,,1,1,1,,3,3,,30,1,3,2,2015,24-Feb-15
,ZMB5,,,,1,1,1,,3,3,,50,1,3,2,2015,23-Feb-15
,ZMB5,,,,1,1,1,,3,3,,125,1,3,2,2015,26-Feb-15
,ZMB5,,,,0,,1,,3,3,,125,1,3,2,2015,26-Feb-15
,ZMB5,,,,1,1,1,,3,3,,105.4167,1,3,2,2015,25-Feb-15
,ZMB5,,,,1,1,1,,3,3,,151.6667,1,3,2,2015,26-Feb-15
,ZMB5,,,,0,,1,,3,3,,45.83333,1,3,2,2015,26-Feb-15
,ZMB5,,,,0,,1,,3,3,,258.3333,1,3,2,2015,26-Feb-15
,ZMB5,,,,1,1,1,,3,3,,120.8333,1,3,2,2015,26-Feb-15
,ZMB5,,,,0,,1,,3,3,,55,1,3,2,2015,24-Feb-15
,ZMB5,,,,0,,1,,3,3,,128,1,3,2,2015,24-Feb-15
,ZMB5,,,,0,,1,,3,3,,120,1,3,2,2015,26-Feb-15
,ZMB5,,,,0,,1,,3,3,,51.16667,1,3,2,2015,26-Feb-15
,ZMB5,,,,0,,1,,3,3,,90,1,3,2,2015,26-Feb-15
,ZMB5,,,1,,,1,,3,3,,30,1,3,2,2015,26-Feb-15
,ZMB5,,,,0,,1,,3,3,,80,1,3,2,2015,26-Feb-15
,ZMB5,,,1,,,1,,3,3,,30,1,3,2,2015,26-Feb-15
,ZMB5,,,,0,,1,,3,3,,58,1,3,2,2015,26-Feb-15
,ZMB5,,,,0,,1,,3,3,,32,1,3,2,2015,26-Feb-15
,ZMB5,,,,0,,1,,3,3,,53,1,3,2,2015,26-Feb-15
,ZMB5,,,,0,,1,,3,3,,100,1,3,2,2015,26-Feb-15
,ZMB5,,,,0,,1,,3,3,,50,1,3,2,2015,26-Feb-15
,ZMB5,,,,0,,1,,3,3,,65,1,3,2,2015,26-Feb-15
,ZMB5,,,,0,,1,,3,3,,85,1,3,2,2015,25-Feb-15
,ZMB5,,,,0,,1,,3,3,,59.16667,1,3,2,2015,24-Feb-15
,ZMB5,,1,,1,1,1,,3,3,,50,1,3,2,2015,24-Feb-15
,ZMB5,,,,1,1,1,,3,3,,60,1,3,2,2015,24-Feb-15
,ZMB5,,,,0,,1,,3,3,,40,1,3,2,2015,26-Feb-15
,ZMB5,,,,0,,1,,3,3,,95,1,3,2,2015,26-Feb-15
,ZMB5,,,,0,,1,,3,3,,50,1,3,3,2015,02-Mar-15
,ZMB5,,,,0,,1,,3,3,,30,1,3,2,2015,20-Feb-15
,ZMB5,,,,1,1,1,,3,3,,52,1,3,2,2015,20-Feb-15
,ZMB5,,,,1,1,1,,3,3,,30,1,3,2,2015,21-Feb-15
,ZMB5,,,,1,1,1,,3,3,,65,1,3,2,2015,21-Feb-15
,ZMB5,,,,1,1,1,,3,3,,38,1,3,2,2015,21-Feb-15
,ZMB5,,,,1,1,1,,3,3,,54,1,3,2,2015,21-Feb-15
,ZMB5,,,,1,1,1,,3,3,,24,1,3,2,2015,21-Feb-15
,ZMB5,,,,1,1,1,,3,3,,23,1,3,2,2015,21-Feb-15
,ZMB5,,,,1,1,1,,3,3,,45,1,3,2,2015,24-Feb-15
,ZMB5,,,,1,1,1,,3,3,,62,1,3,2,2015,24-Feb-15
,ZMB5,,,,0,,1,,3,3,,40,1,3,2,2015,23-Feb-15
,ZMB5,,,,1,1,1,,3,3,,100,1,3,2,2015,25-Feb-15
,ZMB5,,,,1,1,1,,3,3,,89.25,1,3,2,2015,26-Feb-15
,ZMB5,,,1,,,1,,3,3,,14.08333,1,3,2,2015,26-Feb-15
,ZMB5,,,,1,1,1,,3,3,,69.83334,1,3,2,2015,26-Feb-15
,ZMB5,,,,1,1,1,,3,3,,77.33334,1,3,2,2015,25-Feb-15
,ZMB5,,,,1,1,1,,3,3,,17.91667,1,3,3,2015,02-Mar-15
,ZMB5,,,,1,1,1,,3,3,,64,1,3,2,2015,25-Feb-15
,ZMB5,,,,1,1,1,,3,3,,84,1,3,2,2015,25-Feb-15
,ZMB5,,,,0,,1,,3,3,,52,1,3,2,2015,27-Feb-15
,ZMB5,,,,0,,1,,3,3,,112,1,3,2,2015,27-Feb-15
,ZMB5,,,,0,,1,,3,3,,52,1,3,1,2012,01-Jan-12
,ZMB5,,,,0,,1,,3,3,,231,1,3,2,2015,27-Feb-15
,ZMB5,,,,0,,1,,3,3,,124,1,3,2,2015,27-Feb-15
,ZMB5,,,,0,,1,,3,3,,89,1,3,2,2015,26-Feb-15
,ZMB5,,,,1,1,1,,3,3,,100,1,3,1,2012,03-Jan-12
,ZMB5,,,,0,,1,,3,3,,35,1,3,1,2012,03-Jan-12
,ZMB5,,,,0,,1,,3,3,,100,1,3,1,2012,03-Jan-12
,ZMB5,,,,0,,1,,3,3,,30,1,3,1,2012,03-Jan-12
,ZMB5,,,,0,,1,,3,3,,130,1,3,1,2012,08-Jan-12
,ZMB5,,,,0,,1,,3,3,,75,1,3,1,2012,08-Jan-12
,ZMB5,,,,0,,1,,3,3,,50,1,3,1,2012,08-Jan-12
,ZMB5,,,,0,,1,,3,3,,55,1,3,1,2012,03-Jan-12
,ZMB5,,,,0,,1,,3,3,,40,1,3,1,2012,02-Jan-12
,ZMB5,,,,0,,1,,3,3,,130,1,3,1,2012,02-Jan-12
,ZMB5,,,,0,,1,,3,3,,56,1,3,2,2015,26-Feb-15
,ZMB5,,1,,0,,1,,3,3,,75,1,3,2,2015,26-Feb-15
,ZMB5,,1,,0,,1,,3,3,,41.83333,1,3,2,2015,24-Feb-15
,ZMB5,,1,,0,,1,,3,3,,97,1,3,2,2015,26-Feb-15
,ZMB5,,1,,0,,1,,3,3,,60,1,3,2,2015,24-Feb-15
,ZMB5,0,1,,0,,1,,1,3,,,,3,2,2015,24-Feb-15
,ZMB5,,1,,0,,1,,3,3,,21.66667,1,3,2,2015,24-Feb-15
,ZMB5,,,,0,,1,,3,3,10,54.16667,1,3,2,2015,24-Feb-15
,ZMB5,0,1,,0,,1,,3,3,,6.333333,,3,2,2015,24-Feb-15
,ZMB5,,,,1,1,1,,3,3,,90,1,3,2,2015,24-Feb-15
,ZMB5,,,,1,1,1,,3,3,,65,1,3,2,2015,24-Feb-15
,ZMB5,,,,1,1,1,,3,3,,60,1,3,2,2015,19-Feb-15
,ZMB5,,,,0,,1,,3,3,,20,1,3,2,2015,24-Feb-15
,ZMB5,,,,0,,1,,3,3,,95,1,3,2,2015,24-Feb-15
,ZMB5,,,,0,,1,,3,3,,90,1,3,2,2015,24-Feb-15
,ZMB5,,,,0,,1,,3,3,,25,1,3,2,2015,24-Feb-15
,ZMB5,,,,0,,1,,3,3,,63,1,3,2,2015,19-Feb-15
,ZMB5,1,,,0,,1,,1,3,,,,3,2,2015,24-Feb-15
,ZMB5,,,,0,,1,,3,3,,90,1,3,2,2015,19-Feb-15
,ZMB5,,,,0,,1,,3,3,,30,1,3,2,2015,19-Feb-15
,ZMB5,,,,1,1,1,,3,3,,150,1,3,3,2015,03-Mar-15
,ZMB5,,,,1,1,1,,3,3,,17.91667,1,3,3,2015,02-Mar-15
,ZMB5,,,,1,1,1,,3,3,,37.83333,1,3,2,2015,27-Feb-15
,ZMB5,,,,1,1,1,,3,3,,67.58334,1,3,2,2015,27-Feb-15
,ZMB5,,,,0,,1,,3,3,,20,1,3,2,2015,25-Feb-15
,ZMB5,,,,1,1,1,,3,3,,45.83333,1,3,2,2015,25-Feb-15
,ZMB5,,1,,1,1,1,,3,3,,30,1,3,2,2015,26-Feb-15
,ZMB5,,,,0,,1,,3,3,,20,1,3,3,2015,03-Mar-15
,ZMB5,,,,0,,1,,3,3,,80,1,3,3,2015,03-Mar-15
,ZMB5,,,,0,,1,,3,3,,20,1,3,2,2015,28-Feb-15
,ZMB5,0,0,,,,,,,,,,,3,2,2015,28-Feb-15
,ZMB5,,,,0,,1,,3,3,,56.66667,1,3,2,2015,20-Feb-15
,ZMB5,,,,0,,1,,3,3,,77.5,1,3,2,2015,20-Feb-15
,ZMB5,,,,0,,1,,3,3,,30,1,3,2,2015,28-Feb-15
,ZMB5,,,,0,,1,,3,3,,20.33333,1,3,2,2015,20-Feb-15
,ZMB5,1,,,0,,0,,,,,,,3,2,2015,28-Feb-15
,ZMB5,,,,0,,1,,3,3,,320,1,3,3,2015,03-Mar-15
,ZMB5,,1,,0,,1,,3,3,,40,1,3,3,2015,03-Mar-15
,ZMB5,,,,0,,1,,3,3,,140,1,3,3,2015,03-Mar-15
,ZMB5,,1,,0,,1,,3,3,,120,1,3,2,2015,25-Feb-15
,ZMB5,,,,0,,1,,3,3,,140,1,3,3,2015,03-Mar-15
,ZMB5,,,,0,,1,,3,3,,115,1,3,3,2015,03-Mar-15
,ZMB5,,,,0,,1,,3,3,,60,1,3,3,2015,02-Mar-15
,ZMB5,,,,0,,1,,3,3,9,83.33334,1,3,1,2013,12-Jan-13
,ZMB5,,,,0,,1,,3,3,,70,1,3,1,2013,12-Jan-13
,ZMB5,,,,1,1,1,,3,3,,84,1,3,2,2015,26-Feb-15
,ZMB5,,,,1,1,1,,3,3,,43,1,3,2,2015,26-Feb-15
,ZMB5,,,,1,1,1,,3,3,,27,1,3,2,2015,26-Feb-15
,ZMB5,,,1,,,1,,3,3,,15,1,3,1,2012,02-Jan-12
,ZMB5,,,,1,1,1,,3,3,,41,1,3,2,2015,27-Feb-15
,ZMB5,,,1,,,1,,3,3,,13,1,3,1,2012,02-Jan-12
,ZMB5,,,1,,,1,,3,3,12,12,1,3,1,2012,02-Jan-12
,ZMB5,,,,1,1,1,,3,3,,120,1,3,2,2015,25-Feb-15
,ZMB5,,,,1,1,1,,3,3,,50,1,3,2,2015,25-Feb-15
,ZMB5,,,,1,1,1,,3,3,,45,1,3,2,2015,26-Feb-15
,ZMB5,,,,1,1,1,,3,3,,50,1,3,2,2015,25-Feb-15
,ZMB5,,1,,1,1,1,,3,3,,35,1,3,2,2015,19-Feb-15
,ZMB5,,1,,1,1,1,,3,3,,60,1,3,2,2015,19-Feb-15
,ZMB5,,,,1,1,1,,3,3,,63,1,3,2,2015,24-Feb-15
,ZMB5,,,,1,1,1,,3,3,,43,1,3,2,2015,24-Feb-15
,ZMB5,,,,1,1,1,,3,3,,77,1,3,2,2015,24-Feb-15
,ZMB5,,,,1,1,1,,3,3,,50,1,3,2,2015,24-Feb-15
,ZMB5,,,,1,1,1,,3,3,,32,1,3,2,2015,24-Feb-15
,ZMB5,,,,1,1,1,,3,3,,46.66667,1,3,2,2015,12-Feb-15
,ZMB5,,,,1,1,1,,3,3,,77,1,3,3,2015,04-Mar-15
,ZMB5,,,,1,1,1,,3,3,,65,1,3,2,2015,25-Feb-15
,ZMB5,,,,1,1,1,,3,3,,35,1,3,2,2015,25-Feb-15
,ZMB5,,,,1,1,1,,3,3,,75,1,3,2,2015,25-Feb-15
,ZMB5,,,,1,1,1,,3,3,,21.66667,1,3,3,2015,04-Mar-15
,ZMB5,,,,1,1,1,,3,3,,130,1,3,3,2015,01-Mar-15
,ZMB5,,,,1,1,1,,3,3,,82,1,3,2,2015,25-Feb-15
,ZMB5,,,,1,1,1,,3,3,,13,1,3,3,2015,01-Mar-15
,ZMB5,,,,1,1,1,,3,3,,204,1,3,1,2012,03-Jan-12
,ZMB5,0,,1,,,1,,3,3,,7,,3,2,2015,26-Feb-15
,ZMB5,,,,1,1,1,,3,3,,54.5,1,3,3,2015,01-Mar-15
,ZMB5,,,,1,1,1,,3,3,,18,1,3,2,2015,26-Feb-15
,ZMB5,,,,1,1,1,,3,3,,108,1,3,2,2015,26-Feb-15
,ZMB5,,,,1,1,1,,3,3,,13,1,3,3,2015,01-Mar-15
,ZMB5,,,,1,1,1,,3,3,,26,1,3,3,2015,01-Mar-15
,ZMB5,,,,1,1,1,,3,3,,28,1,3,2,2015,27-Feb-15
,ZMB5,,,,1,1,1,,3,3,,22,1,3,3,2015,01-Mar-15
,ZMB5,,,,1,1,1,,3,3,,26,1,3,2,2015,27-Feb-15
,ZMB5,,,,1,1,1,,3,3,,24,1,3,2,2015,27-Feb-15
,ZMB5,,,,1,1,1,,3,3,,23,1,3,3,2015,01-Mar-15
,ZMB5,,,,1,1,1,,3,3,,30,1,3,3,2015,01-Mar-15
,ZMB5,,,,1,1,1,,3,3,,32.5,1,3,3,2015,01-Mar-15
,ZMB5,,,,1,1,1,,3,3,,118,1,3,3,2015,01-Mar-15
,ZMB5,,,,1,1,1,,3,3,,215,1,3,3,2015,01-Mar-15
,ZMB5,,,,1,1,1,,3,3,,40,1,3,1,2013,18-Jan-13
,ZMB5,,,,1,1,1,,3,3,,100,1,3,1,2013,16-Jan-13
,ZMB5,,,,1,1,1,,3,3,,60,1,3,1,2013,16-Jan-13
,ZMB5,,,,1,1,1,,3,3,,60,1,3,1,2013,16-Jan-13
,ZMB5,0,,0,,,,,,,,,,3,1,2013,16-Jan-13
,ZMB5,,,,1,1,1,,3,3,,100,1,3,1,2013,16-Jan-13
,ZMB5,,,,1,1,1,,3,3,,40,1,3,1,2013,17-Jan-13
,ZMB5,,,,1,1,1,,3,3,,100,1,3,1,2013,18-Jan-13
,ZMB4,,,,1,1,1,,3,3,,57.5,1,3,10,2014,01-Oct-14
,ZMB6,,,1,,,1,,3,3,,10.5,1,,4,2015,01-Apr-15
,ZMB6,,,1,,,1,,3,3,,10,1,,4,2015,01-Apr-15
,ZMB6,,,1,,,1,,3,3,,10.5,1,,4,2015,03-Apr-15
,ZMB6,,,1,,,1,,3,3,,10.66667,1,,4,2015,01-Apr-15
,ZMB6,,,1,,,1,,3,3,,20,1,,4,2015,01-Apr-15
,ZMB6,,,1,,,1,,3,3,,14,1,,4,2015,01-Apr-15
,ZMB6,,,1,,,1,,3,3,,12.33333,1,,4,2015,01-Apr-15
,ZMB6,,,1,,,1,,3,3,,25.83333,1,,4,2015,01-Apr-15
,ZMB6,,,1,,,1,,3,3,,17.91667,1,,4,2015,03-Apr-15
,ZMB6,,,1,,,1,,3,3,,10,1,,4,2015,10-Apr-15
,ZMB6,,,1,,,1,,3,3,,16.5,1,,4,2015,01-Apr-15
,ZMB6,0,0,,,,,,,,,,,,4,2015,07-Apr-15
,ZMB6,0,0,,,,,,,,,,,,4,2015,07-Apr-15
,ZMB6,,,,1,1,1,,3,3,,15,1,,4,2015,08-Apr-15
,ZMB6,,,,1,1,1,,3,3,12,20,1,,4,2015,07-Apr-15
,ZMB6,,,,1,1,1,,3,3,,29.41667,1,,4,2015,08-Apr-15
,ZMB6,,,,0,,1,,3,3,,17.91667,1,,4,2015,08-Apr-15
,ZMB6,,,,1,1,1,,3,3,,25.83333,1,,4,2015,08-Apr-15
,ZMB6,,,,1,1,1,,3,3,,30,1,,4,2015,08-Apr-15
,ZMB6,,,,1,1,1,,3,3,,25.83333,1,,1,2012,01-Jan-12
,ZMB6,,,,1,1,1,,3,3,,16,1,,4,2015,06-Apr-15
,ZMB6,,,,1,1,1,,3,3,,40,1,,4,2014,07-Apr-14
,ZMB6,,,,1,1,1,,3,3,,56,1,,4,2014,07-Apr-14
,ZMB6,,,,1,1,1,,3,3,,11,1,,4,2014,07-Apr-14
,ZMB6,,,,1,1,1,,3,3,,10,1,,4,2014,07-Apr-14
,ZMB6,,,,1,1,1,,3,3,,60,1,,4,2015,06-Apr-15
,ZMB6,,,,1,1,1,,3,3,,36,1,,4,2015,06-Apr-15
,ZMB6,,,,0,,1,,3,3,,25,1,,4,2015,08-Apr-15
,ZMB6,,,,0,,1,,3,3,,25,1,,4,2015,08-Apr-15
,ZMB6,,,,1,1,1,,3,3,,20,1,,4,2015,06-Apr-15
,ZMB6,,,,0,,1,,3,3,,30,1,,4,2015,08-Apr-15
,ZMB6,,,1,,,1,,3,3,,15,1,,4,2015,06-Apr-15
,ZMB6,,,,1,1,1,1,,,,22,1,,4,2015,02-Apr-15
,ZMB6,,,,0,,1,,3,3,,33.33333,1,,4,2015,02-Apr-15
,ZMB6,,,,1,1,1,,3,3,,23.33333,1,,4,2015,04-Apr-15
,ZMB6,,,,1,1,1,,3,3,,14,1,,4,2015,05-Apr-15
,ZMB6,,,,1,1,1,,3,3,,53.33333,1,,4,2015,04-Apr-15
,ZMB6,,1,,0,,1,,3,3,,26.58333,1,,4,2015,04-Apr-15
,ZMB6,,,,1,1,1,,3,3,,14.5,1,,4,2015,04-Apr-15
,ZMB6,,,,1,1,1,,3,3,,36.25,1,,4,2015,04-Apr-15
,ZMB6,,,,1,1,1,,3,3,,25,1,,4,2015,04-Apr-15
,ZMB6,,,,1,1,1,,3,3,,10.33333,1,,4,2015,02-Apr-15
,ZMB6,,1,,1,1,1,,3,3,,12.91667,1,,1,2013,11-Jan-13
,ZMB6,,1,,1,1,1,,3,3,11,12.91667,1,,1,2013,10-Jan-13
,ZMB6,,1,,1,1,1,,3,3,10,16.25,1,,1,2013,07-Jan-13
,ZMB6,,1,,1,1,1,,3,3,,13.33333,1,,1,2013,11-Jan-13
,ZMB6,,1,,1,1,1,,3,3,,13.33333,1,,1,2013,10-Jan-13
,ZMB6,,1,,1,1,1,,3,3,,12.91667,1,,1,2013,10-Jan-13
,ZMB6,,1,,1,1,1,,3,3,,12.91667,1,,1,2013,10-Jan-13
,ZMB6,,1,,1,1,1,,3,3,,12.5,1,,1,2013,11-Jan-13
,ZMB6,,1,,1,1,1,,3,3,,57.5,1,,1,2013,06-Jan-13
,ZMB6,,1,,1,1,1,,3,3,,22.5,1,,1,2013,07-Jan-13
,ZMB6,,1,,1,1,1,,3,3,,33.33333,1,,1,2013,06-Jan-13
,ZMB6,,,1,,,1,,3,3,,10.33333,1,,4,2015,08-Apr-15
,ZMB6,,,,0,,1,,3,3,,11.66667,1,,4,2015,06-Apr-15
,ZMB6,,,,1,1,1,,3,3,,18,1,,4,2015,06-Apr-15
,ZMB6,,,1,,,1,,3,3,,14.33333,1,,4,2015,05-Apr-15
,ZMB6,,,1,,,1,,3,3,,40.91667,1,,4,2015,03-Apr-15
,ZMB6,,,,0,,1,,3,3,,13,1,,4,2015,06-Apr-15
,ZMB6,,,,0,,1,,3,3,,16.08333,1,,4,2015,05-Apr-15
,ZMB6,,,1,,,1,,3,3,,17.33333,1,,4,2015,05-Apr-15
,ZMB6,,,1,,,1,,3,3,,42.66667,1,,4,2015,03-Apr-15
,ZMB6,,,1,,,1,,3,3,,12.5,1,,4,2015,02-Apr-15
,ZMB6,,,1,,,1,,3,3,,14,1,,4,2015,08-Apr-15
,ZMB6,,,1,,,1,,3,3,,21,1,,4,2015,05-Apr-15
,ZMB6,,,,0,,1,,3,3,,22,1,,4,2015,05-Apr-15
,ZMB6,,,1,,,1,,3,3,,11.5,1,,4,2015,02-Apr-15
,ZMB6,,,1,,,1,,3,3,,15,1,,4,2015,10-Apr-15
,ZMB6,,,1,,,1,,3,3,,21,1,,4,2015,05-Apr-15
,ZMB6,,,1,,,1,,3,3,,17,1,,4,2015,02-Apr-15
,ZMB6,,,,1,1,1,,3,3,,12,1,,4,2015,06-Apr-15
,ZMB6,,,,1,1,1,,3,3,,62.5,1,,4,2015,03-Apr-15
,ZMB6,,,,1,1,1,,3,3,,31.66667,1,,4,2015,10-Apr-15
,ZMB6,,,1,,,1,,3,3,,19.16667,1,,4,2015,01-Apr-15
,ZMB6,,,,1,1,1,,3,3,,11.5,1,,4,2015,10-Apr-15
,ZMB6,,,1,,,1,,3,3,,10.75,1,,4,2015,06-Apr-15
,ZMB6,,,1,,,1,,3,3,,16.5,1,,4,2015,03-Apr-15
,ZMB6,,,1,,,1,,3,3,,34.33333,1,,4,2015,03-Apr-15
,ZMB6,,,,1,1,1,,3,3,,67.5,1,,4,2015,01-Apr-15
,ZMB6,,,,1,1,1,,3,3,,30.83333,1,,4,2015,17-Apr-15
,ZMB6,,,,1,1,1,,3,3,,73.33333,1,,4,2015,17-Apr-15
,ZMB6,,,,1,1,1,,3,3,,76.66667,1,,4,2015,15-Apr-15
,ZMB6,,,,1,1,1,,3,3,,70,1,,4,2015,15-Apr-15
,ZMB6,,,,1,1,1,,3,3,12,37,1,,4,2015,18-Apr-15
,ZMB6,,,,1,1,1,,3,3,,65,1,,4,2015,16-Apr-15
,ZMB6,,,,1,1,1,,3,3,,47.91667,1,,4,2015,16-Apr-15
,ZMB6,,,,1,1,1,,3,3,,40,1,,4,2015,19-Apr-15
,ZMB6,,,,1,1,1,,3,3,,70,1,,4,2015,17-Apr-15
,ZMB6,,,,1,1,1,,3,3,,38.33333,1,,4,2015,17-Apr-15
,ZMB6,,1,,1,1,1,,3,3,,49,1,,4,2015,20-Apr-15
,ZMB6,,,,1,1,1,,3,3,,36.66667,1,,4,2015,18-Apr-15
,ZMB6,,,,1,1,1,,3,3,,45,1,,4,2015,17-Apr-15
,ZMB6,,,,1,1,1,,3,3,,42.91667,1,,4,2015,18-Apr-15
,ZMB6,,,,1,1,1,,3,3,,32.66667,1,,4,2015,18-Apr-15
,ZMB6,,,,1,1,1,,3,3,,48.75,1,,4,2015,18-Apr-15
,ZMB6,,,,1,1,1,,3,3,,69,1,,4,2015,20-Apr-15
,ZMB6,,,,1,1,1,,3,3,,33,1,,4,2015,20-Apr-15
,ZMB6,,,,1,1,1,,3,3,,11,1,,4,2015,22-Apr-15
,ZMB6,,,,1,1,1,,3,3,,70,1,,4,2015,20-Apr-15
,ZMB6,,,,1,1,1,,3,3,,40,1,,4,2015,20-Apr-15
,ZMB6,,1,1,,,1,,3,3,,33,1,,4,2015,18-Apr-15
,ZMB6,,1,1,,,1,,3,3,,33,1,,4,2015,13-Apr-15
,ZMB6,,,,1,1,1,,3,3,,26,1,,4,2015,20-Apr-15
,ZMB6,,,,1,1,1,,3,3,,63.33333,1,,4,2015,18-Apr-15
,ZMB6,,,,1,1,1,,3,3,,37,1,,4,2015,19-Apr-15
,ZMB6,,,,0,,1,,3,3,,153,1,,4,2015,19-Apr-15
,ZMB6,,,,1,1,1,,3,3,,20.66667,1,,4,2015,19-Apr-15
,ZMB6,,,,1,1,1,,3,3,,114.3333,1,,4,2015,19-Apr-15
,ZMB6,,,,1,1,1,,3,3,,60,1,,4,2015,20-Apr-15
,ZMB6,,,1,,,1,,3,3,,20,1,,4,2015,14-Apr-15
,ZMB6,,,,1,1,1,,3,3,,80,1,,4,2015,14-Apr-15
,ZMB6,,,,1,1,1,,3,3,,45,1,,4,2015,17-Apr-15
,ZMB6,,,,1,1,1,,3,3,,40,1,,4,2015,16-Apr-15
,ZMB6,,,,1,1,1,,3,3,,30,1,,4,2015,16-Apr-15
,ZMB6,,,,1,1,1,,3,3,,35,1,,4,2015,16-Apr-15
,ZMB6,,,,1,1,1,,3,3,,34,1,,4,2015,21-Apr-15
,ZMB6,,,,1,1,1,,3,3,,58.33333,1,,4,2015,21-Apr-15
,ZMB6,,,,1,1,1,,3,3,,53.33333,1,,4,2015,19-Apr-15
,ZMB6,,,,1,1,1,,3,3,,41.66667,1,,4,2015,21-Apr-15
,ZMB6,,,,1,1,1,,3,3,,63.33333,1,,4,2015,19-Apr-15
,ZMB6,,,,1,1,1,,3,3,,75.33333,1,,4,2015,18-Apr-15
,ZMB6,,,,1,1,1,,3,3,,78.33333,1,,4,2015,18-Apr-15
,ZMB6,,,,1,1,1,,3,3,,50,1,,4,2015,19-Apr-15
,ZMB6,,,,1,1,1,,3,3,,80,1,,4,2015,21-Apr-15
,ZMB6,,,,1,1,1,,3,3,,25,1,,4,2015,21-Apr-15
,ZMB6,,,,1,1,1,,3,3,,95.83333,1,,4,2015,21-Apr-15
,ZMB6,,,,1,1,1,,3,3,,19.16667,1,,4,2015,21-Apr-15
,ZMB6,,,,1,1,1,,3,3,,19.16667,1,,4,2015,21-Apr-15
,ZMB6,,,,1,1,1,,3,3,,28.33333,1,,4,2015,21-Apr-15
,ZMB6,,,1,,,1,,3,3,,12,1,,4,2015,21-Apr-15
,ZMB6,,,,1,1,1,,3,3,,71.66667,1,,4,2015,17-Apr-15
,ZMB6,,,1,,,1,,3,3,,25,1,,4,2015,16-Apr-15
,ZMB6,,,1,,,1,,3,3,,11.75,1,,4,2015,22-Apr-15
,ZMB6,,,,1,1,1,,3,3,,15,1,,4,2015,15-Apr-15
,ZMB6,,,,1,1,1,,3,3,,96,1,,4,2015,17-Apr-15
,ZMB6,,,1,,,1,,3,3,,25,1,,4,2015,21-Apr-15
,ZMB6,,,,1,1,1,,3,3,,40,1,,4,2015,21-Apr-15
,ZMB6,,,1,,,1,,3,3,,25,1,,4,2015,21-Apr-15
,ZMB6,,,,1,1,1,,3,3,,150,1,,4,2015,19-Apr-15
,ZMB6,,,,1,1,1,,3,3,,120,1,,4,2015,18-Apr-15
,ZMB6,,,,1,1,1,,3,3,,60,1,,4,2015,18-Apr-15
,ZMB6,,,,1,1,1,,3,3,,25,1,,4,2015,18-Apr-15
,ZMB6,,,,1,1,1,,3,3,,52,1,,4,2015,18-Apr-15
,ZMB6,,,,1,1,1,,3,3,,45,1,,4,2015,19-Apr-15
,ZMB6,,,,1,1,1,,3,3,,120,1,,4,2015,22-Apr-15
,ZMB6,,,,0,,1,,3,3,,50,1,,4,2015,22-Apr-15
,ZMB6,,,,0,,1,,3,3,,40,1,,4,2015,22-Apr-15
,ZMB6,,,,1,1,1,,3,3,,21,1,,4,2015,17-Apr-15
,ZMB6,,,,0,,1,,3,3,,75,1,,4,2015,22-Apr-15
,ZMB6,,,,0,,1,,3,3,,55,1,,4,2015,22-Apr-15
,ZMB6,,,,1,1,1,,3,3,,17.5,1,,4,2015,17-Apr-15
,ZMB6,,,,1,1,1,,3,3,,20,1,,4,2015,20-Apr-15
,ZMB6,,,,1,1,1,,3,3,,15,1,,4,2015,21-Apr-15
,ZMB6,,,,1,1,1,,3,3,,80,1,,4,2015,20-Apr-15
,ZMB6,,,,1,1,1,,3,3,,100,1,,4,2015,21-Apr-15
,ZMB6,,,,1,1,1,,3,3,,112,1,,4,2015,15-Apr-15
,ZMB6,,,,1,1,1,,3,3,,80,1,,4,2015,16-Apr-15
,ZMB6,,1,,1,1,1,,3,3,,57,1,,4,2015,19-Apr-15
,ZMB6,,,,1,1,1,,3,3,,49.66667,1,,4,2015,19-Apr-15
,ZMB6,,,,1,1,1,,3,3,,18,1,,4,2015,22-Apr-15
,ZMB6,,,,1,1,1,,3,3,,71,1,,4,2015,16-Apr-15
,ZMB6,,,,1,1,1,,3,3,,56,1,,4,2015,22-Apr-15
,ZMB6,,1,,1,1,1,,3,3,,36,1,,4,2015,19-Apr-15
,ZMB6,,,,1,1,1,,3,3,,23.33333,1,,4,2015,22-Apr-15
,ZMB6,,,,1,1,1,,3,3,,13.66667,1,,4,2015,22-Apr-15
,ZMB6,,1,,1,1,1,,3,3,,22,1,,4,2015,17-Apr-15
,ZMB6,,,,1,1,1,,3,3,,36,1,,4,2015,22-Apr-15
,ZMB6,,,,0,,1,,3,3,,15,1,,4,2015,15-Apr-15
,ZMB6,,,,0,,1,,3,3,,11.33333,1,,4,2015,15-Apr-15
,ZMB6,,,,0,,1,,3,3,,44,1,,4,2015,18-Apr-15
,ZMB6,,,,0,,1,,2,3,,65,1,,4,2015,18-Apr-15
,ZMB6,,1,,0,,1,,3,3,,12,1,,4,2015,18-Apr-15
,ZMB6,,,,0,,1,,3,3,,50,1,,4,2015,18-Apr-15
,ZMB6,,,,0,,1,,3,3,,15,1,,4,2015,20-Apr-15
,ZMB6,,,,0,,1,,3,3,,10,1,,4,2015,20-Apr-15
,ZMB6,,,,0,,1,,3,3,,12,1,,4,2015,20-Apr-15
,ZMB6,,,,0,,1,,3,3,,17,1,,4,2015,18-Apr-15
,ZMB6,,,,0,,1,,3,3,,17,1,,4,2015,18-Apr-15
,ZMB6,,,,0,,1,,3,3,,40,1,,4,2015,17-Apr-15
,ZMB6,,,,0,,1,,3,3,,20,0,,4,2015,17-Apr-15
,ZMB6,,,,0,,1,,3,3,,15,1,,4,2015,17-Apr-15
,ZMB6,,,,1,1,1,,3,3,10,12.33333,1,,4,2015,15-Apr-15
,ZMB6,,,,1,1,1,,3,3,,24.25,1,,4,2015,15-Apr-15
,ZMB6,,,1,,,1,,3,3,,15.83333,1,,4,2015,16-Apr-15
,ZMB6,,,,0,,1,,3,3,,16.25,1,,4,2015,17-Apr-15
,ZMB6,,,,1,1,1,,3,3,,29.25,1,,4,2015,16-Apr-15
,ZMB6,,,,1,1,1,,3,3,,30,1,,4,2015,18-Apr-15
,ZMB6,,,,1,1,1,,3,3,,15,1,,4,2015,18-Apr-15
,ZMB6,,,,1,1,1,,3,3,,20,1,,4,2015,18-Apr-15
,ZMB6,,,1,,,1,,3,3,,12,1,,4,2015,18-Apr-15
,ZMB6,,,,1,1,1,,3,3,,64,1,,4,2015,16-Apr-15
,ZMB6,,,1,,,1,,3,3,,19,1,,4,2015,16-Apr-15
,ZMB6,,,,0,,1,,3,3,,27,1,,4,2015,16-Apr-15
,ZMB6,,,,0,,1,,3,3,,12.33333,1,,4,2015,16-Apr-15
,ZMB6,,,,1,1,1,,3,3,,40,1,,4,2015,16-Apr-15
,ZMB6,,,,0,,1,,3,3,,19,1,,4,2015,16-Apr-15
,ZMB6,,,1,,,1,,3,3,,16.5,1,,4,2015,11-Apr-15
,ZMB6,,,,1,1,1,,3,3,,13.33333,1,,4,2015,11-Apr-15
,ZMB6,,,,1,1,1,,3,3,,60,1,,4,2015,16-Apr-15
,ZMB6,,,,1,1,1,,3,3,,16,1,,4,2015,16-Apr-15
,ZMB6,,,,1,1,1,,3,3,,25,1,,4,2015,16-Apr-15
,ZMB6,,,,1,1,1,,3,3,,19,1,,4,2015,16-Apr-15
,ZMB6,,,,1,1,1,,3,3,,90,1,,4,2015,16-Apr-15
,ZMB6,,,,1,1,1,,3,3,,50,1,,4,2015,15-Apr-15
,ZMB6,,,1,,,1,,3,2,,29.75,1,,4,2015,15-Apr-15
,ZMB6,,,,1,1,1,,3,3,,30,1,,4,2015,19-Apr-15
,ZMB6,,,,1,1,1,,3,3,,39,1,,4,2015,15-Apr-15
,ZMB6,,,,1,1,1,,3,3,12,66,1,,4,2015,15-Apr-15
,ZMB6,,,1,,,1,,2,3,,19.25,1,,4,2015,19-Apr-15
,ZMB6,,,,1,1,1,,3,3,,34.16667,1,,4,2015,22-Apr-15
,ZMB6,,,,0,,1,,3,3,,44.16667,1,,4,2015,21-Apr-15
,ZMB6,,,,1,1,1,,2,2,,35.83333,1,,4,2015,22-Apr-15
,ZMB6,,,,,,1,,2,2,11,12.08333,1,,4,2015,21-Apr-15
,ZMB6,,,,1,1,1,,2,2,,17.08333,1,,4,2015,22-Apr-15
,ZMB6,,,,1,1,1,,2,2,,20,1,,4,2015,21-Apr-15
,ZMB6,,,1,,,1,,2,2,,12.91667,1,,4,2015,21-Apr-15
,ZMB6,,,1,,,1,,2,2,,12,1,,4,2015,21-Apr-15
,ZMB6,,1,,1,1,1,,3,3,,18,1,,4,2016,18-Apr-16
,ZMB6,,,1,,,1,,3,3,,17,0,,4,2016,19-Apr-16
,ZMB6,,,,,,1,,3,3,,56,0,,4,2016,19-Apr-16
,ZMB6,,,,1,1,1,,3,3,,48,1,,4,2015,14-Apr-15
,ZMB6,,,,1,1,1,,3,3,,70,1,,4,2015,13-Apr-15
,ZMB6,,,,1,1,1,,3,3,,110,1,,4,2015,13-Apr-15
,ZMB6,,,,1,1,1,,3,3,,15,1,,4,2015,15-Apr-15
,ZMB6,,,,1,1,1,,3,3,,12,1,,4,2015,17-Apr-15
,ZMB6,,,,1,1,1,,3,3,,11,1,,4,2015,15-Apr-15
,ZMB6,,,,1,1,1,,3,3,,10,1,,4,2015,15-Apr-15
,ZMB6,,,,1,1,1,,3,3,,90,1,,4,2015,15-Apr-15
,ZMB6,,,,1,1,1,,3,3,,23,1,,4,2015,12-Apr-15
,ZMB6,,,,1,1,1,,3,3,,28,1,,4,2015,13-Apr-15
,ZMB6,,,,1,1,1,,3,3,,10,1,,4,2015,15-Apr-15
,ZMB6,,,,1,1,1,,3,3,10,25.33333,1,,4,2015,16-Apr-15
,ZMB6,,,,1,1,1,,3,3,,38,1,,4,2015,13-Apr-15
,ZMB6,,,1,,,1,,3,3,,18,1,,4,2015,13-Apr-15
,ZMB6,,1,,1,1,1,,3,3,,53,1,,4,2015,15-Apr-15
,ZMB6,,,,1,1,1,,3,3,,51,1,,4,2015,12-Apr-15
,ZMB6,,,,1,1,1,,3,3,,57,1,,4,2015,18-Apr-15
,ZMB6,,,1,,,1,,3,3,,27,1,,4,2015,18-Apr-15
,ZMB6,,,,1,1,1,,3,3,,46.66667,1,,4,2015,14-Apr-15
,ZMB6,,,1,,,1,,3,3,10,56.66667,1,,4,2015,13-Apr-15
,ZMB6,,,,1,1,1,,3,3,,65,1,,4,2015,14-Apr-15
,ZMB6,,,1,,,1,,3,3,,40,1,,4,2015,14-Apr-15
,ZMB6,,1,,1,1,1,,3,3,,170.8333,1,,4,2015,17-Apr-15
,ZMB6,0,,,1,1,1,,3,3,12,6.666667,,,4,2015,17-Apr-15
,ZMB6,0,,,1,1,1,,3,3,6,,,,4,2015,15-Apr-15
,ZMB6,,,,1,1,1,,3,3,,33,1,,4,2015,14-Apr-15
,ZMB6,,,,1,1,1,,3,3,,65,1,,4,2015,14-Apr-15
,ZMB6,,,,1,1,1,,3,3,,52,1,,4,2015,14-Apr-15
,ZMB6,,,,1,1,1,,3,3,,15,1,,4,2015,14-Apr-15
,ZMB6,,,,1,1,1,,3,3,,47,1,,4,2015,14-Apr-15
,ZMB6,,,1,,,1,,3,3,,78,1,,4,2015,13-Apr-15
,ZMB6,,,,1,1,1,,3,3,,105,1,,4,2015,18-Apr-15
,ZMB6,,,,1,1,1,,3,3,,76.66667,1,,4,2015,16-Apr-15
,ZMB6,,,,1,1,1,,3,3,,56.66667,1,,4,2015,17-Apr-15
,ZMB6,,,,1,1,1,,3,3,11,23,1,,4,2015,15-Apr-15
,ZMB6,,,1,,,1,,3,3,,23,1,,4,2015,20-Apr-15
,ZMB6,,,,1,1,1,,3,3,,24,1,,4,2015,15-Apr-15
,ZMB6,,,,1,1,1,,3,3,,35,1,,4,2015,14-Apr-15
,ZMB6,,,1,,,1,,3,3,,22.91667,1,,4,2015,14-Apr-15
,ZMB6,,,,1,1,1,,3,3,,22,1,,4,2015,14-Apr-15
,ZMB6,,,,0,,1,,3,3,,35,1,,4,2015,14-Apr-15
,ZMB6,,,,0,,1,,3,3,,18,1,,4,2015,14-Apr-15
,ZMB6,,,,1,1,1,,3,3,,45,1,,4,2015,15-Apr-15
,ZMB6,,,,1,1,1,,3,3,,55,1,,4,2015,15-Apr-15
,ZMB6,,,,1,1,1,,3,3,,50,1,,4,2015,15-Apr-15
,ZMB6,,,,1,1,1,,3,3,,33.75,1,,4,2015,13-Apr-15
,ZMB6,,,,1,1,1,,3,3,,265,1,,4,2015,13-Apr-15
,ZMB6,,,,1,1,1,,3,3,,12,1,,4,2015,14-Apr-15
,ZMB6,,,,1,1,1,,3,3,,60,1,,4,2015,14-Apr-15
,ZMB6,,,,1,1,1,,3,2,,51,1,,4,2015,19-Apr-15
,ZMB6,,,,1,1,1,,3,3,,16,1,,4,2015,19-Apr-15
,ZMB6,,,,1,1,1,,3,2,,30,1,,4,2015,19-Apr-15
,ZMB6,,1,,1,1,1,,3,2,,11,1,,4,2015,19-Apr-15
,ZMB6,,,,1,1,1,,3,2,,53.33333,1,,4,2015,19-Apr-15
,ZMB6,,,,1,1,1,,3,3,,67.5,1,,4,2015,18-Apr-15
,ZMB6,,,,1,1,1,,3,3,10,30,1,,4,2015,18-Apr-15
,ZMB6,,,,1,1,1,,3,3,,30,1,,4,2015,18-Apr-15
,ZMB6,,,,1,1,1,,3,3,,36.25,1,,4,2015,17-Apr-15
,ZMB6,,,,1,1,1,,3,3,,11.5,1,,4,2015,18-Apr-15
,ZMB6,,,,1,1,1,,3,3,,12.5,1,,4,2015,20-Apr-15
,ZMB6,,,,1,1,1,,3,3,10,35.75,1,,4,2015,15-Apr-15
,ZMB6,,,,1,1,1,,3,3,,42.5,1,,4,2015,18-Apr-15
,ZMB6,,,,1,1,1,,3,3,,38.75,1,,4,2015,17-Apr-15
,ZMB6,,,,1,1,1,,3,3,,18.66667,1,,4,2015,15-Apr-15
,ZMB6,,,,1,1,1,,3,3,,47.08333,1,,4,2015,15-Apr-15
,ZMB6,,,,1,1,1,,3,3,,32.66667,1,,4,2015,14-Apr-15
,ZMB6,,,,1,1,1,,3,3,,22,1,,4,2015,16-Apr-15
,ZMB6,,,,1,1,1,,3,3,,23.33333,1,,4,2015,15-Apr-15
,ZMB6,,,,1,1,1,,3,3,,37.33333,1,,4,2015,14-Apr-15
,ZMB6,,,,1,1,1,,3,3,,58,1,,4,2015,16-Apr-15
,ZMB6,,,,1,1,1,,3,3,,60,1,,4,2015,14-Apr-15
,ZMB6,,,,1,1,1,,3,3,,34,1,,4,2015,18-Apr-15
,ZMB6,,,,1,1,1,,3,3,,28,1,,4,2015,16-Apr-15
,ZMB6,,,,1,1,1,,3,3,,36.66667,1,,4,2015,16-Apr-15
,ZMB6,,,,1,1,1,,3,3,,63,1,,4,2015,16-Apr-15
,ZMB6,,,,1,1,1,,3,3,,41.66667,1,,4,2015,16-Apr-15
,ZMB6,,,,1,1,1,,3,3,,43.5,1,,4,2015,12-Apr-15
,ZMB6,1,,,1,1,1,,1,3,,,,,4,2015,12-Apr-15
,ZMB6,1,,,1,1,1,,1,3,,,,,4,2015,12-Apr-15
,ZMB6,,,,1,1,1,,3,3,,50,1,,4,2015,11-Apr-15
,ZMB6,,,,1,1,1,,3,3,,25,1,,4,2015,17-Apr-15
,ZMB6,,,,1,1,1,,3,3,,20.16667,1,,4,2015,17-Apr-15
,ZMB6,,,,1,1,1,,3,3,,13.16667,1,,4,2015,20-Apr-15
,ZMB6,,,,1,1,1,,3,3,,13,1,,4,2015,20-Apr-15
,ZMB6,,,,1,1,1,,3,3,,23.33333,1,,4,2015,17-Apr-15
,ZMB6,,,,1,1,1,,3,3,,17,1,,4,2015,15-Apr-15
,ZMB6,,1,,0,,1,,3,3,,26,1,,4,2015,17-Apr-15
,ZMB6,,,,0,,1,,3,3,,15,1,,4,2015,17-Apr-15
,ZMB6,,1,,1,1,1,,3,3,,37.5,1,,4,2015,14-Apr-15
,ZMB6,,1,,0,,1,,3,3,,40,1,,4,2015,15-Apr-15
,ZMB6,,,,0,,1,,3,3,,30,1,,4,2015,17-Apr-15
,ZMB6,,1,,0,,1,,3,3,,35,1,,4,2015,17-Apr-15
,ZMB6,,1,,0,,1,,3,3,,44.16667,1,,4,2015,15-Apr-15
,ZMB6,,,,1,1,1,,3,3,,40,1,,4,2015,16-Apr-15
,ZMB6,,,,1,1,1,,3,3,,13,1,,4,2015,16-Apr-15
,ZMB6,,,,1,1,1,,3,3,,10,1,,4,2015,16-Apr-15
,ZMB6,,,,1,1,1,,3,3,9,18.5,1,,4,2015,14-Apr-15
,ZMB6,,,,1,1,1,,3,3,,22.33333,1,,4,2015,14-Apr-15
,ZMB6,,,,1,1,1,,3,3,,18,1,,4,2015,17-Apr-15
,ZMB6,,,,1,1,1,,3,3,9,10.5,1,,4,2015,14-Apr-15
,ZMB6,,,,1,1,1,,3,3,,31,1,,4,2015,18-Apr-15
,ZMB6,,,,1,1,1,,3,3,9,11,1,,4,2015,15-Apr-15
,ZMB6,,1,,1,1,1,,3,3,,24,1,,4,2015,14-Apr-15
,ZMB6,,,,1,1,1,,3,3,,28,1,,4,2015,17-Apr-15
,ZMB6,,,,0,,1,,3,3,,54,1,,4,2015,17-Apr-15
,ZMB6,,,,1,1,1,,3,3,,35,1,,4,2015,17-Apr-15
,ZMB6,,,,1,1,1,,3,3,,68,1,,5,2015,02-May-15
,ZMB6,,,,1,1,1,,3,3,,35,0,,4,2015,29-Apr-15
,ZMB6,,,,1,1,1,,3,3,,16,1,,4,2015,29-Apr-15
,ZMB6,,,,1,1,1,,3,3,,41,1,,4,2015,30-Apr-15
,ZMB6,,,,1,1,1,,3,3,,28,1,,4,2015,30-Apr-15
,ZMB6,,,,1,1,1,,3,3,,41,1,,4,2015,30-Apr-15
,ZMB6,,,,1,1,1,,3,3,,97,1,,4,2015,30-Apr-15
,ZMB6,,,,1,1,1,,3,3,,95,1,,4,2015,30-Apr-15
,ZMB6,,,,1,1,1,,3,3,,95,1,,4,2015,29-Apr-15
,ZMB6,,,,1,1,1,,3,3,,46.66667,1,,4,2015,21-Apr-15
,ZMB6,,1,,1,1,1,,3,3,,60,1,,4,2015,29-Apr-15
,ZMB6,,1,,1,1,1,,3,3,,433.3333,1,,5,2015,04-May-15
,ZMB6,,1,,1,1,1,,3,3,,42,1,,4,2015,30-Apr-15
,ZMB6,,,,1,1,1,,3,3,,200,1,,4,2015,30-Apr-15
,ZMB6,,1,,1,1,1,,3,3,,90,1,,5,2015,04-May-15
,ZMB6,,,,0,,1,,3,3,,68,1,,5,2015,04-May-15
,ZMB6,,,,0,,1,,3,3,,30,1,,5,2015,04-May-15
,ZMB6,,,,1,1,1,,3,3,,40,1,,5,2015,04-May-15
,ZMB6,,,,1,1,1,,3,3,,20.41667,1,,4,2015,27-Apr-15
,ZMB6,1,0,,,,,,,,,,,,4,2015,27-Apr-15
,ZMB6,,,,1,1,1,,3,3,,37.83333,1,,8,2014,23-Aug-14
,ZMB6,,,,1,1,1,,3,3,,110,1,,4,2015,28-Apr-15
,ZMB6,,,,1,1,1,,3,3,,55,1,,4,2015,27-Apr-15
,ZMB6,,,,1,1,1,,3,3,,26,1,,4,2015,30-Apr-15
,ZMB6,,,,1,1,1,,3,3,,30,1,,4,2015,27-Apr-15
,ZMB6,,,,1,1,1,,3,3,,56,1,,4,2015,27-Apr-15
,ZMB6,,,,1,1,1,,3,3,,46.66667,1,,4,2015,21-Apr-15
,ZMB6,,,,1,1,1,,3,3,,28,1,,4,2015,23-Apr-15
,ZMB6,,,,1,1,1,,3,3,,45,1,,4,2015,23-Apr-15
,ZMB6,,,,0,,1,,3,3,,55,1,,4,2015,28-Apr-15
,ZMB6,,,1,,,1,,3,3,,14,1,,4,2015,28-Apr-15
,ZMB6,,,,1,1,1,,3,3,,46,1,,4,2015,27-Apr-15
,ZMB6,,,,0,,1,,3,3,,38,1,,4,2015,27-Apr-15
,ZMB6,,,,1,1,1,,3,3,,30,1,,4,2015,27-Apr-15
,ZMB6,1,,1,,,1,,3,3,8,,,,4,2015,28-Apr-15
,ZMB6,,,,1,1,1,,3,3,11,89.5,1,,4,2015,28-Apr-15
,ZMB6,,,,1,1,1,,3,3,9,33.5,1,,4,2015,28-Apr-15
,ZMB6,,,,1,1,1,,3,3,,106.1667,1,,4,2015,28-Apr-15
,ZMB6,,,,1,1,1,,3,3,,40,1,,4,2015,25-Apr-15
,ZMB6,,,,1,1,1,,3,3,,12,1,,4,2015,26-Apr-15
,ZMB6,,,,1,1,1,,3,3,,21.66667,1,,4,2015,23-Apr-15
,ZMB6,,,1,,,1,,3,3,,10,1,,4,2015,24-Apr-15
,ZMB6,,,,1,1,1,,3,3,,90,1,,4,2015,24-Apr-15
,ZMB6,,,,1,1,1,,3,3,,60,1,,4,2015,23-Apr-15
,ZMB6,,,,1,1,1,,3,3,,50,1,,4,2015,26-Apr-15
,ZMB6,,,,1,1,1,,3,3,,110,1,,4,2015,27-Apr-15
,ZMB6,,,,1,1,1,,3,3,,211.6667,1,,4,2015,30-Apr-15
,ZMB6,,,,1,1,1,,3,3,,140,1,,4,2015,30-Apr-15
,ZMB6,,,,1,1,1,1,,,,22,1,,4,2015,27-Apr-15
,ZMB6,,,,1,1,1,,3,3,,150,1,,4,2015,27-Apr-15
,ZMB6,,,,1,1,1,,3,3,,100,1,,4,2015,27-Apr-15
,ZMB6,,,,1,1,1,,3,3,,300,1,,4,2015,27-Apr-15
,ZMB6,,,,1,1,1,,3,3,10,10,1,,4,2015,29-Apr-15
,ZMB6,,,,1,1,1,,3,3,,30,1,,4,2015,29-Apr-15
,ZMB6,,,,1,1,1,,3,3,,15,1,,4,2015,29-Apr-15
,ZMB6,,,,1,1,1,,3,3,,20,1,,4,2015,29-Apr-15
,ZMB6,,,,1,1,1,,3,3,,20,1,,4,2015,29-Apr-15
,ZMB6,,,,1,1,1,,3,3,,50,1,,4,2015,28-Apr-15
,ZMB6,,,,1,1,1,,3,3,10,18,1,,4,2015,29-Apr-15
,ZMB6,,,,1,1,1,,3,3,10,17,1,,4,2015,29-Apr-15
,ZMB6,,,,1,1,1,,3,3,,15,1,,4,2015,29-Apr-15
,ZMB6,,,,0,,1,,3,3,,26,1,,5,2015,01-May-15
,ZMB6,,,,0,,1,,3,3,,29,1,,5,2015,01-May-15
,ZMB6,,,,0,,1,,3,3,,53,1,,4,2015,28-Apr-15
,ZMB6,,,,0,,1,,3,3,,40,1,,4,2015,29-Apr-15
,ZMB6,,,,1,1,1,,3,3,,25,1,,4,2015,22-Apr-15
,ZMB6,,,,1,1,1,,3,3,,45,1,,5,2015,01-May-15
,ZMB6,,,,1,1,1,,3,3,12,44,1,,5,2015,01-May-15
,ZMB6,,,,1,1,1,,3,3,,20,1,,5,2015,01-May-15
,ZMB6,,,,1,1,1,,3,3,,40,1,,5,2015,01-May-15
,ZMB6,,,,1,1,1,,3,3,,45,1,,4,2015,30-Apr-15
,ZMB6,,,,1,1,1,,3,3,,60,1,,5,2015,01-May-15
,ZMB6,,,,1,1,1,,3,3,,30,1,,4,2015,30-Apr-15
,ZMB6,,,,1,1,1,,3,3,,120,1,,4,2015,27-Apr-15
,ZMB6,,,,1,1,1,,3,3,,43,1,,4,2015,27-Apr-15
,ZMB6,,,,1,1,1,,3,3,,111,1,,4,2015,27-Apr-15
,ZMB6,,,,1,1,1,,3,3,,25,1,,4,2015,27-Apr-15
,ZMB6,,,,1,1,1,,3,3,,26,1,,4,2015,27-Apr-15
,ZMB6,,,1,,,1,,3,3,,80,1,,4,2015,30-Apr-15
,ZMB6,,,1,,,1,,3,3,,12,1,,4,2015,27-Apr-15
,ZMB6,,,,1,1,1,,3,3,,23.33333,1,,4,2015,27-Apr-15
,ZMB6,,,,1,1,1,,3,3,,40,1,,4,2015,27-Apr-15
,ZMB6,,,,1,1,1,,3,3,,50,1,,4,2015,27-Apr-15
,ZMB6,,,,1,1,1,,3,3,,15,1,,4,2015,27-Apr-15
,ZMB6,,,,1,1,1,,3,3,,50,1,,4,2015,27-Apr-15
,ZMB6,,,,1,1,1,,3,3,,80,1,,4,2015,27-Apr-15
,ZMB6,,,,1,1,1,,3,3,,14,1,,1,2013,01-Jan-13
,ZMB6,,,,1,1,1,,3,3,,15,1,,1,2013,01-Jan-13
,ZMB6,,,,1,1,1,,3,3,,15,1,,1,2013,01-Jan-13
,ZMB6,,,,1,1,1,,3,3,,15,1,,1,2013,01-Jan-13
,ZMB6,,,,1,1,1,,3,3,,50,1,,1,2013,02-Jan-13
,ZMB6,,,,1,1,1,,3,3,,16.66667,1,,1,2013,01-Jan-13
,ZMB6,,,,1,1,1,,3,3,,30,1,,1,2013,01-Jan-13
,ZMB6,,,,1,1,1,,3,3,,20,1,,4,2015,27-Apr-15
,ZMB6,,,1,,,1,,3,3,,15,1,,4,2015,27-Apr-15
,ZMB6,,,1,,,1,,3,3,,13,1,,4,2015,27-Apr-15
,ZMB6,,,1,,,1,,3,3,,12,1,,4,2015,30-Apr-15
,ZMB6,,,1,,,1,,3,3,,30,1,,4,2015,29-Apr-15
,ZMB6,,,,1,1,1,,3,3,,46.66667,1,,4,2015,21-Apr-15
,ZMB6,,,,1,1,1,,3,3,,35,1,,4,2015,29-Apr-15
,ZMB6,1,0,,,,,,,,,,,,4,2015,29-Apr-15
,ZMB6,,,1,,,1,,3,3,,60,1,,5,2015,04-May-15
,ZMB6,,,,1,1,1,,3,3,,24,1,,5,2015,04-May-15
,ZMB6,,,,1,1,1,,3,3,,15,1,,5,2015,04-May-15
,ZMB6,,,,1,1,1,,3,3,,40,1,,5,2015,04-May-15
,ZMB6,,,,1,1,1,,3,3,,70,1,,5,2015,04-May-15
,ZMB6,,,,1,1,1,,3,3,,28.08333,1,,5,2015,04-May-15
,ZMB6,,,,1,1,1,,3,3,,28,1,,4,2015,27-Apr-15
,ZMB6,,,,1,1,1,,3,3,,15,1,,5,2015,06-May-15
,ZMB6,,,,1,1,1,,3,3,,21.83333,1,,5,2015,06-May-15
,ZMB6,,,,1,1,1,,3,3,,19.66667,1,,5,2015,04-May-15
,ZMB6,,1,,1,1,1,,3,3,,22.5,1,,5,2015,04-May-15
,ZMB6,,,,1,1,1,,3,3,,29,1,,5,2015,05-May-15
,ZMB6,,,,1,1,1,,3,3,,22.66667,1,,5,2015,05-May-15
,ZMB6,,,,1,1,1,,3,3,,17,1,,5,2015,05-May-15
,ZMB6,,,,1,1,1,,3,3,,27.5,1,,5,2015,04-May-15
,ZMB6,,,,1,1,1,,3,3,,35.33333,1,,5,2015,04-May-15
,ZMB6,,1,,1,1,1,,3,3,,11.66667,1,,5,2015,04-May-15
,ZMB6,,,,1,1,1,,3,3,,27.33333,1,,5,2015,05-May-15
,ZMB6,,,,1,1,1,,3,3,,17.91667,1,,5,2015,04-May-15
,ZMB6,,,,0,,1,,3,3,,13.25,1,,5,2015,04-May-15
,ZMB6,,,,1,1,1,,3,3,,16.66667,1,,5,2015,02-May-15
,ZMB6,,,,1,1,1,,3,3,,250,1,,5,2015,02-May-15
,ZMB6,,,,1,1,1,,3,3,,42.91667,1,,5,2015,04-May-15
,ZMB6,,,,1,1,1,,3,3,,35.83333,1,,5,2015,04-May-15
,ZMB6,,,,0,,1,,3,3,,91.66667,1,,5,2015,04-May-15
,ZMB6,,,,1,1,1,,3,3,,145.8333,1,,5,2015,03-May-15
,ZMB6,,,,1,1,1,,3,3,,117.9167,1,,5,2015,02-May-15
,ZMB6,,,,1,1,1,,3,3,,47.91667,1,,5,2015,03-May-15
,ZMB6,,,,1,1,1,,3,3,,89.66667,1,,5,2015,02-May-15
,ZMB6,,,,0,,1,,3,3,,46.66667,1,,4,2015,30-Apr-15
,ZMB6,,,,1,1,1,,3,3,,38.33333,1,,5,2015,03-May-15
,ZMB6,,,,1,1,1,,3,3,,146.6667,1,,4,2015,30-Apr-15
,ZMB6,,,,1,1,1,,3,3,,33.33333,1,,4,2015,30-Apr-15
,ZMB6,,,,1,1,1,,3,3,,26.66667,1,,4,2015,30-Apr-15
,ZMB6,,,,1,1,1,,3,3,,65,1,,4,2015,30-Apr-15
,ZMB6,,,,1,1,1,,3,3,,46.66667,1,,4,2015,21-Apr-15
,ZMB6,,,1,,,1,,3,3,,25.83333,1,,4,2015,22-Apr-15
,ZMB6,,,,1,1,1,,3,3,,58.33333,1,,4,2015,24-Apr-15
,ZMB6,,,,1,1,1,,3,3,,18,1,,4,2015,25-Apr-15
,ZMB6,,,,1,1,1,,3,3,,175,1,,4,2015,25-Apr-15
,ZMB6,,,,1,1,1,,3,3,,25,1,,5,2015,02-May-15
,ZMB6,,,,1,1,1,,3,3,,71.25,1,,5,2015,02-May-15
,ZMB6,,,1,,,1,,3,3,,12,1,,5,2015,02-May-15
,ZMB6,,,,1,1,1,,3,3,,25,1,,5,2015,02-May-15
,ZMB6,,,,,,1,,3,3,,13,1,,5,2015,02-May-15
,ZMB6,,,1,,,1,,3,3,,10.16667,1,,5,2015,02-May-15
,ZMB6,,,1,,,1,,3,3,,12,1,,5,2015,02-May-15
,ZMB6,,,,1,1,1,,3,3,,75,1,,4,2015,30-Apr-15
,ZMB6,,,,1,1,1,,3,3,,40,1,,5,2015,01-May-15
,ZMB6,,,1,,,1,,3,3,,13,1,,5,2015,01-May-15
,ZMB6,,,,,,1,,3,3,,18,1,,5,2015,01-May-15
,ZMB6,,,,1,1,1,,3,3,,31,1,,4,2015,30-Apr-15
,ZMB6,,,,1,1,1,,3,3,,117,1,,4,2015,30-Apr-15
,ZMB6,,1,,1,1,1,,3,3,,50,1,,4,2015,29-Apr-15
,ZMB6,,1,,1,1,1,,3,3,,48,1,,4,2015,29-Apr-15
,ZMB6,,,,1,1,1,,3,3,,53,1,,4,2015,30-Apr-15
,ZMB6,,1,,1,1,1,,3,3,,120,1,,4,2015,28-Apr-15
,ZMB6,,1,,1,1,1,,3,3,,53.33333,1,,4,2015,27-Apr-15
,ZMB6,,1,,1,1,1,,3,3,,48,1,,4,2015,27-Apr-15
,ZMB6,,,,1,1,1,,3,3,,30,1,,4,2015,24-Apr-15
,ZMB6,,,,1,1,1,,3,3,,170,1,,4,2015,21-Apr-15
,ZMB6,,,,1,1,1,,3,3,,21.33333,1,,4,2015,24-Apr-15
,ZMB6,,,,1,1,1,,3,3,,25.33333,1,,4,2015,24-Apr-15
,ZMB6,,,,0,,1,,3,3,,76,1,,5,2015,04-May-15
,ZMB6,,,,0,,1,,3,3,,59.5,1,,5,2015,04-May-15
,ZMB6,,,,0,,1,,3,3,,30,1,,5,2015,04-May-15
,ZMB6,,,,0,,1,,2,2,,50,1,,5,2015,04-May-15
,ZMB6,1,0,,,,,,,,,,,,5,2015,04-May-15
,ZMB6,,,,0,,1,,3,3,,35,1,,5,2015,04-May-15
,ZMB6,,,,0,,1,,3,3,,28,1,,5,2015,04-May-15
,ZMB6,,,,1,1,1,,3,3,,50,1,,4,2015,27-Apr-15
,ZMB6,,,,1,1,1,,3,3,,60,1,,4,2015,27-Apr-15
,ZMB6,,,,1,1,1,,3,3,,72.08333,1,,4,2015,27-Apr-15
,ZMB6,,,,1,1,1,,3,3,,77.08333,1,,4,2015,27-Apr-15
,ZMB6,,,,1,1,1,,3,3,,99,1,,4,2015,29-Apr-15
,ZMB6,,,,1,1,1,,3,3,,81,1,,4,2015,29-Apr-15
,ZMB6,,,,1,1,1,,3,3,,83,1,,4,2015,29-Apr-15
,ZMB6,,,,1,1,1,,3,3,,16,1,,4,2015,29-Apr-15
,ZMB6,,,,1,1,1,,3,3,,29.58333,1,,4,2015,29-Apr-15
,ZMB6,,,,1,1,1,,3,3,,36.5,1,,4,2015,30-Apr-15
,ZMB6,,,,1,1,1,,3,3,,31,1,,4,2015,30-Apr-15
,ZMB6,,,,0,,1,,2,3,,12,1,,4,2015,29-Apr-15
,ZMB6,,1,,1,1,1,,2,3,9,25.5,1,,4,2015,29-Apr-15
,ZMB6,,,,1,1,1,,3,3,,28,1,,4,2015,29-Apr-15
,ZMB6,,,,1,1,1,,3,3,,28,1,,4,2015,29-Apr-15
,ZMB6,,,,0,,1,,3,3,,110,1,,4,2015,30-Apr-15
,ZMB6,,,,1,1,1,,3,3,,41.25,1,,5,2015,03-May-15
,ZMB6,,1,,1,1,1,,3,3,,51,1,,4,2015,29-Apr-15
,ZMB6,,,1,,,1,,3,3,,20,1,,5,2015,04-May-15
,ZMB6,,,,0,,1,,3,3,,68,1,,5,2015,01-May-15
,ZMB6,,,1,,,1,,3,3,,11,1,,5,2015,01-May-15
,ZMB6,,,,1,1,1,,3,3,,51,1,,4,2015,29-Apr-15
,ZMB6,,,,0,,1,,3,3,,40.5,1,,4,2015,29-Apr-15
,ZMB6,,,,1,1,1,,3,3,,58.75,1,,4,2015,30-Apr-15
,ZMB6,,,,1,1,1,,3,3,,66.66667,1,,4,2015,22-Apr-15
,ZMB6,,,,0,,1,,3,3,,19,1,,4,2015,30-Apr-15
,ZMB6,1,,,0,,1,,1,3,,,,,5,2015,01-May-15
,ZMB6,,,,0,,1,,2,2,,26.66667,1,,4,2015,30-Apr-15
,ZMB6,1,,,0,,1,,1,2,,,,,5,2015,01-May-15
,ZMB6,,,,0,,1,,2,3,,29.66667,1,,5,2015,01-May-15
,ZMB6,1,,,0,,1,,1,3,,,,,4,2015,30-Apr-15
,ZMB6,1,,,0,,1,,1,3,,,,,4,2015,30-Apr-15
,ZMB6,,,1,,,1,,3,3,,20,1,,5,2015,01-May-15
,ZMB6,,,,1,1,1,,3,3,,12,1,,4,2015,29-Apr-15
,ZMB6,,,,1,1,1,,3,3,,34.66667,1,,4,2015,29-Apr-15
,ZMB6,,,,1,1,1,,3,3,,11.66667,1,,4,2015,29-Apr-15
,ZMB6,,,1,,,1,,3,3,,10.66667,1,,5,2015,01-May-15
,ZMB6,,,1,,,1,,3,3,,16.66667,1,,4,2015,30-Apr-15
,ZMB6,,,,1,1,1,,3,3,,50,1,,4,2015,30-Apr-15
,ZMB6,,,1,,,1,,3,3,,10,1,,5,2015,01-May-15
,ZMB6,,1,,1,1,1,,3,3,,45,1,,4,2015,26-Apr-15
,ZMB6,,,,1,1,1,,2,2,,45,1,,4,2015,26-Apr-15
,ZMB6,,,,1,1,1,,3,3,,80,1,,4,2015,26-Apr-15
,ZMB6,0,,,0,,1,,1,3,,,,,4,2015,26-Apr-15
,ZMB6,0,,,1,1,1,,3,3,8,,,,4,2015,26-Apr-15
,ZMB6,,,,0,,1,,3,3,,65,1,,4,2015,29-Apr-15
,ZMB6,,,,1,1,1,,3,3,,45,1,,5,2015,01-May-15
,ZMB6,,,,1,1,1,,3,3,,22,1,,5,2015,01-May-15
,ZMB6,,,1,,,1,,3,3,,48.75,1,,5,2015,01-May-15
,ZMB6,,,,1,1,1,,3,3,,36,1,,5,2015,01-May-15
,ZMB6,,,,1,1,1,,3,3,,40,1,,5,2015,04-May-15
,ZMB6,,,,1,1,1,,3,3,,47.08333,1,,4,2015,26-Apr-15
,ZMB6,,,,1,1,1,,3,3,,40.66667,1,,4,2015,26-Apr-15
,ZMB6,,,,1,1,1,,3,3,,56.66667,1,,5,2015,04-May-15
,ZMB6,,,,1,1,1,,3,3,,20,1,,4,2015,26-Apr-15
,ZMB6,,,,1,1,1,,3,3,,17.91667,1,,4,2015,26-Apr-15
,ZMB6,,,,1,1,1,,3,3,,28,1,,4,2015,25-Apr-15
,ZMB6,,,,1,1,1,,3,3,,44,1,,4,2015,30-Apr-15
,ZMB6,,,,1,1,1,,3,3,,46.66667,1,,4,2015,21-Apr-15
,ZMB6,,,,1,1,1,,3,3,,10.16667,1,,4,2015,17-Apr-15
,ZMB6,,,,1,1,1,,3,3,,30,1,,4,2015,17-Apr-15
,ZMB6,,,,1,1,1,,3,3,,17.91667,1,,4,2015,17-Apr-15
,ZMB6,,,1,,,1,,3,3,,22,1,,4,2015,19-Apr-15
,ZMB6,,,,1,1,1,,3,3,,32.33333,1,,4,2015,19-Apr-15
,ZMB6,,,,1,1,1,,3,3,,40,1,,4,2015,19-Apr-15
,ZMB6,,,1,,,1,,3,3,,19.08333,1,,4,2015,19-Apr-15
,ZMB6,,,,0,,1,,3,3,,58.33333,1,,4,2015,18-Apr-15
,ZMB6,,,,0,,1,,3,3,,33,1,,4,2015,21-Apr-15
,ZMB6,,,,0,,1,,3,3,,60.33333,1,,4,2015,21-Apr-15
,ZMB6,,,,0,,1,,3,3,,15.75,1,,4,2015,18-Apr-15
,ZMB6,,,,0,,1,,3,3,12,12,1,,4,2015,21-Apr-15
,ZMB6,,,,0,,1,,3,3,,67.5,1,,4,2015,18-Apr-15
,ZMB6,,,,0,,1,,3,3,,30,1,,4,2015,18-Apr-15
,ZMB6,,,,,,1,,3,3,12,12,1,,4,2015,21-Apr-15
,ZMB6,,,,0,,1,,3,3,,32,1,,4,2015,18-Apr-15
,ZMB6,,,,0,,1,,3,3,,16.16667,1,,4,2015,21-Apr-15
,ZMB6,,,,1,1,1,,3,3,,120,1,,4,2015,17-Apr-15
,ZMB6,,,,1,1,1,,3,3,,20,1,,4,2015,17-Apr-15
,ZMB6,,,,1,1,1,,3,3,,23,1,,4,2015,17-Apr-15
,ZMB6,,,,1,1,1,,3,3,,40,1,,4,2015,17-Apr-15
,ZMB6,,,,1,1,1,,3,3,,80,1,,4,2015,17-Apr-15
,ZMB6,,,,1,1,1,,3,3,,20,1,,4,2015,17-Apr-15
,ZMB6,,,,1,1,1,,3,3,,60,1,,4,2015,17-Apr-15
,ZMB6,,,,1,1,1,,3,3,,50,1,,4,2015,15-Apr-15
,ZMB6,,,,0,,1,,3,3,,22,1,,4,2015,15-Apr-15
,ZMB6,,,,1,1,1,,3,3,,68,1,,4,2015,16-Apr-15
,ZMB6,,,,1,1,1,,3,3,,70,1,,4,2015,16-Apr-15
,ZMB6,,,,1,1,1,,3,3,,20,1,,4,2015,16-Apr-15
,ZMB6,,,,1,1,1,,3,3,,36286.67,1,,4,2015,16-Apr-15
,ZMB6,,,,1,1,1,,3,3,,55,1,,4,2015,16-Apr-15
,ZMB6,,,,1,1,1,,3,3,,30,1,,4,2015,22-Apr-15
,ZMB6,,,,1,1,1,,3,3,,43,1,,4,2015,22-Apr-15
,ZMB6,,,,1,1,1,,3,3,,30.5,1,,4,2020,19-Apr-20
,ZMB6,1,0,,,,,,,,,,,,4,2020,19-Apr-20
,ZMB6,,,,1,1,1,,3,3,,10.5,1,,4,2020,18-Apr-20
,ZMB6,1,0,,,,,,,,,,,,4,2020,18-Apr-20
,ZMB6,,,1,,,1,,3,3,,21.66667,1,,4,2020,18-Apr-20
,ZMB6,,,,1,1,1,,3,3,,35.75,1,,4,2020,18-Apr-20
,ZMB6,,,,1,1,1,,3,3,,49.33333,1,,4,2020,19-Apr-20
,ZMB6,,,,1,1,1,,3,3,,48.33333,1,,4,2020,19-Apr-20
,ZMB6,,,,1,1,1,,3,3,,22.83333,1,,4,2015,22-Apr-15
,ZMB6,,,,1,1,1,,3,3,,40.33333,1,,4,2020,21-Apr-20
,ZMB6,,,,1,1,1,,3,3,,20.66667,1,,4,2015,22-Apr-15
,ZMB6,0,1,,1,1,1,,1,1,,,,,4,2015,20-Apr-15
,ZMB6,0,,,1,1,1,,2,2,7,,,,4,2015,21-Apr-15
,ZMB6,,,1,,,1,,3,3,,49,1,,4,2015,22-Apr-15
,ZMB6,,,,1,1,1,,3,3,,43,1,,4,2015,22-Apr-15
,ZMB6,,,,1,1,1,,3,3,,26,1,,4,2015,22-Apr-15
,ZMB6,,,,0,,1,,3,3,,21,1,,4,2015,22-Apr-15
,ZMB6,,1,,1,1,1,,3,3,12,43,1,,4,2015,21-Apr-15
,ZMB6,,,,1,1,1,,2,2,,15,1,,4,2015,14-Apr-15
,ZMB6,0,,,1,1,1,,1,1,,,,,4,2015,22-Apr-15
,ZMB6,,,,0,,1,,3,3,,47,1,,4,2015,22-Apr-15
,ZMB6,0,0,,,,,,,,,,,,4,2015,13-Apr-15
,ZMB6,,,,1,1,1,,3,3,,40,1,,4,2015,17-Apr-15
,ZMB6,,,1,,,1,,3,3,,20,1,,4,2015,18-Apr-15
,ZMB6,,,,1,1,1,,3,3,,60,1,,4,2015,18-Apr-15
,ZMB6,,,,1,1,1,,3,3,,37.5,1,,4,2015,17-Apr-15
,ZMB6,,,,1,1,1,,3,3,,25,1,,4,2015,17-Apr-15
,ZMB6,,,,1,1,1,,3,3,,50,1,,4,2015,14-Apr-15
,ZMB6,,,,1,1,1,,3,3,,18.75,1,,4,2015,14-Apr-15
,ZMB6,,,,1,1,1,,3,3,,45,1,,4,2015,14-Apr-15
,ZMB6,,,1,,,1,,3,3,,13.75,1,,4,2015,14-Apr-15
,ZMB6,,,,1,1,1,,3,3,,35,1,,4,2015,14-Apr-15
,ZMB6,,,,1,1,1,,3,3,,62,1,,4,2014,21-Apr-14
,ZMB6,,,,1,1,1,,3,3,,74,1,,4,2014,22-Apr-14
,ZMB6,,,1,,,1,,3,3,,10.58333,1,,4,2014,23-Apr-14
,ZMB6,,,,1,1,1,,3,3,,56,1,,4,2014,22-Apr-14
,ZMB6,,,,1,1,1,,3,3,,45,1,,4,2014,22-Apr-14
,ZMB6,,,,1,1,1,,3,3,,46.66667,1,,4,2015,20-Apr-15
,ZMB6,,,,1,1,1,,3,3,,60,1,,4,2015,20-Apr-15
,ZMB6,,,,1,1,1,,3,3,,36.66667,1,,4,2015,20-Apr-15
,ZMB6,,,1,,,1,,3,3,,33.33333,1,,4,2015,21-Apr-15
,ZMB6,,,,1,1,1,,3,3,,40,1,,4,2015,21-Apr-15
,ZMB6,,,1,,,1,,3,3,,33.33333,1,,4,2015,21-Apr-15
,ZMB6,,,,1,1,1,,3,3,,46.66667,1,,4,2015,20-Apr-15
,ZMB6,,,,1,1,1,,3,3,,50,1,,4,2015,21-Apr-15
,ZMB6,,,,1,1,1,,3,3,,20,1,,4,2015,18-Apr-15
,ZMB6,,,,1,1,1,,3,3,,65.41667,1,,4,2015,18-Apr-15
,ZMB6,,,,1,1,1,,3,3,,52,1,,4,2015,18-Apr-15
,ZMB6,,1,,1,1,1,,3,3,,17,1,,4,2015,16-Apr-15
,ZMB6,,1,,1,1,1,,3,3,,22.5,1,,4,2015,18-Apr-15
,ZMB6,,,,1,1,1,,3,3,,22.33333,1,,4,2015,18-Apr-15
,ZMB6,,1,,1,1,1,,3,3,,12.08333,1,,4,2015,14-Apr-15
,ZMB6,,,,1,1,1,,3,3,,32,1,,4,2015,18-Apr-15
,ZMB6,,,,1,1,1,,3,3,,55.25,1,,4,2015,18-Apr-15
,ZMB6,,,,1,1,1,,3,3,,58,1,,1,2014,01-Jan-14
,ZMB6,,,,1,1,1,,3,3,,90,1,,1,2014,01-Jan-14
,ZMB6,,,,1,1,1,,3,3,,218,1,,1,2014,01-Jan-14
,ZMB6,,,,1,1,1,,3,3,,60,1,,1,2014,01-Jan-14
,ZMB6,,,,1,1,1,,3,3,,40,1,,1,2014,01-Jan-14
,ZMB6,,,,1,1,1,,3,3,,20,1,,4,2015,20-Apr-15
,ZMB6,,,,1,1,1,,3,3,,45,1,,4,2015,18-Apr-15
,ZMB6,,,,1,1,1,,3,3,,30,1,,4,2015,17-Apr-15
,ZMB6,,,,1,1,1,,3,3,,55,1,,4,2015,17-Apr-15
,ZMB6,,,,1,1,1,,3,3,,46.66667,1,,4,2015,13-Apr-15
,ZMB6,,,,1,1,1,,3,3,,50.83333,1,,4,2015,17-Apr-15
,ZMB4,,1,,1,1,1,,3,3,,57.5,1,3,10,2014,01-Oct-14
,ZMB4,1,0,,,,,,,,,,,3,10,2014,03-Oct-14
,ZMB3,,,,0,,1,,3,3,,46,1,3,9,2014,16-Sep-14
,ZMB3,,,,1,1,1,,3,3,,40,1,3,9,2014,10-Sep-14
,ZMB4,,,,1,1,1,,3,3,,98.33334,1,3,9,2014,28-Sep-14
,ZMB4,,,,1,1,1,,3,3,,15,1,3,9,2014,16-Sep-14
,ZMB4,,,1,,,1,,3,3,,12,1,3,9,2014,12-Sep-14
,ZMB3,,,1,,,1,,3,3,,60,1,3,9,2014,10-Sep-14
,ZMB4,,,,1,1,1,,3,3,,45,1,3,9,2014,16-Sep-14
,ZMB4,,,,1,1,1,,3,3,,20,1,3,9,2014,16-Sep-14
,ZMB3,,,,1,1,1,,3,3,,43.33333,1,3,9,2014,10-Sep-14
,ZMB4,,,,1,1,1,,3,3,,14,1,3,9,2014,12-Sep-14
,ZMB3,,,1,,,1,,3,2,,13.5,1,3,9,2014,10-Sep-14
,ZMB4,1,,0,,,,,,,,,,3,10,2014,01-Oct-14
,ZMB4,0,,,1,1,1,,3,3,,9,,3,10,2014,01-Oct-14
,ZMB4,,,,1,1,1,,3,3,,35,1,3,10,2014,04-Oct-14
,ZMB4,1,1,0,,,,,,,,,,3,10,2014,02-Oct-14
,ZMB4,,,,1,1,1,,3,3,,35,1,3,10,2014,04-Oct-14
,ZMB4,,,,1,1,1,,3,3,,40,1,3,10,2014,04-Oct-14
,ZMB3,0,,1,,,1,,1,3,,,,3,9,2014,11-Sep-14
