id,i009_country,i011_prgrm,month,year,i108_date_instaln
,3,Zomba 3,11,2014,22-Nov-14
,3,Zomba 3,11,2014,22-Nov-14
,3,Zomba 3,11,2014,22-Nov-14
,3,Zomba 3,11,2014,22-Nov-14
,3,Zomba 3,11,2014,22-Nov-14
,3,Zomba 3,11,2014,21-Nov-14
,3,Zomba 3,11,2014,22-Nov-14
,3,Zomba 3,11,2014,21-Nov-14
,3,Zomba 3,11,2014,21-Nov-14
,3,Zomba 3,11,2014,22-Nov-14
,3,Zomba 3,11,2014,21-Nov-14
,3,Zomba 3,11,2014,22-Nov-14
,3,Zomba 3,11,2014,22-Nov-14
,3,Zomba 3,11,2014,22-Nov-14
,3,Zomba 3,11,2014,22-Nov-14
,3,Zomba 3,11,2014,22-Nov-14
,3,Zomba 3,11,2014,22-Nov-14
,3,Zomba 3,11,2014,22-Nov-14
,3,Zomba 3,11,2014,22-Nov-14
,3,Zomba 3,11,2014,22-Nov-14
,3,Zomba 3,11,2014,22-Nov-14
,3,Zomba 3,11,2014,22-Nov-14
,3,Zomba 3,11,2014,24-Nov-14
,3,Zomba 3,11,2014,24-Nov-14
,3,Zomba 3,11,2014,24-Nov-14
,3,Zomba 3,11,2014,24-Nov-14
,3,Zomba 3,11,2014,24-Nov-14
,3,Zomba 3,11,2014,24-Nov-14
,3,Zomba 3,11,2014,22-Nov-14
,3,Zomba 3,11,2014,24-Nov-14
,3,Zomba 3,11,2014,22-Nov-14
,3,Zomba 3,11,2014,22-Nov-14
,3,Zomba 3,11,2014,24-Nov-14
,3,Zomba 3,11,2014,24-Nov-14
,3,Zomba 3,11,2014,24-Nov-14
,3,Zomba 3,11,2014,24-Nov-14
,3,Zomba 3,11,2014,24-Nov-14
,3,Zomba 3,11,2014,22-Nov-14
,3,Zomba 3,11,2014,22-Nov-14
,3,Zomba 3,11,2014,22-Nov-14
,3,Zomba 3,11,2014,22-Nov-14
,3,Zomba 3,11,2014,22-Nov-14
,3,Zomba 3,11,2014,22-Nov-14
,3,Zomba 3,11,2014,22-Nov-14
,3,Zomba 3,11,2014,22-Nov-14
,3,Zomba 3,11,2014,22-Nov-14
,3,Zomba 3,11,2014,24-Nov-14
,3,Zomba 3,11,2014,24-Nov-14
,3,Zomba 3,11,2014,24-Nov-14
,3,Zomba 3,11,2014,24-Nov-14
,3,Zomba 3,11,2014,24-Nov-14
,3,Zomba 3,11,2014,24-Nov-14
,3,Zomba 3,11,2014,24-Nov-14
,3,Zomba 3,11,2014,24-Nov-14
,3,Zomba 3,11,2014,24-Nov-14
,3,Zomba 3,11,2014,24-Nov-14
,3,Zomba 3,11,2014,24-Nov-14
,3,Zomba 3,3,2015,25mar2015
,3,Zomba 3,11,2014,22-Nov-14
,3,Zomba 3,11,2014,22-Nov-14
,3,Zomba 3,11,2014,24-Nov-14
,3,Zomba 3,11,2014,24-Nov-14
,3,Zomba 3,12,2014,03dec2014
,3,Zomba 3,12,2014,01dec2014
,3,Zomba 3,11,2014,28-Nov-14
,3,Zomba 3,11,2014,28-Nov-14
,3,Zomba 3,12,2014,02dec2014
,3,Zomba 3,12,2014,02dec2014
,3,Zomba 3,12,2014,02dec2014
,3,Zomba 3,12,2014,02dec2014
,3,Zomba 3,12,2014,04dec2014
,3,Zomba 3,12,2014,04dec2014
,3,Zomba 3,12,2014,01dec2014
,3,Zomba 3,12,2014,02dec2014
,3,Zomba 3,12,2014,02dec2014
,3,Zomba 3,11,2014,29-Nov-14
,3,Zomba 3,11,2014,29-Nov-14
,3,Zomba 3,12,2014,05dec2014
,3,Zomba 3,12,2014,05dec2014
,3,Zomba 3,12,2014,05dec2014
,3,Zomba 3,12,2014,05dec2014
,3,Zomba 3,12,2014,03dec2014
,3,Zomba 3,12,2014,03dec2014
,3,Zomba 3,11,2014,28-Nov-14
,3,Zomba 3,11,2014,28-Nov-14
,3,Zomba 3,11,2014,28-Nov-14
,3,Zomba 3,12,2014,02dec2014
,3,Zomba 3,12,2014,02dec2014
,3,Zomba 3,12,2014,03dec2014
,3,Zomba 3,12,2014,03dec2014
,3,Zomba 3,11,2014,28-Nov-14
,3,Zomba 3,11,2014,28-Nov-14
,3,Zomba 3,11,2014,28-Nov-14
,3,Zomba 3,12,2014,01dec2014
,3,Zomba 3,12,2014,03dec2014
,3,Zomba 3,12,2014,03dec2014
,3,Zomba 3,12,2014,01dec2014
,3,Zomba 3,12,2014,02dec2014
,3,Zomba 3,12,2014,02dec2014
,3,Zomba 3,12,2014,04dec2014
,3,Zomba 3,12,2014,04dec2014
,3,Zomba 3,12,2014,04dec2014
,3,Zomba 3,12,2014,04dec2014
,3,Zomba 3,12,2014,04dec2014
,3,Zomba 3,12,2014,04dec2014
,3,Zomba 3,12,2014,05dec2014
,3,Zomba 3,12,2014,05dec2014
,3,Zomba 3,12,2014,05dec2014
,3,Zomba 3,12,2014,05dec2014
,3,Zomba 3,12,2014,04dec2014
,3,Zomba 3,12,2014,06dec2014
,3,Zomba 3,12,2014,05dec2014
,3,Zomba 3,12,2014,06dec2014
,3,Zomba 3,12,2014,06dec2014
,3,Zomba 3,11,2014,28-Nov-14
,3,Zomba 3,11,2014,01dec2014
,3,Zomba 3,12,2014,01dec2014
,3,Zomba 3,12,2014,01dec2014
,3,Zomba 3,12,2014,01dec2014
,3,Zomba 3,12,2014,01dec2014
,3,Zomba 3,12,2014,01dec2014
,3,Zomba 3,12,2014,01dec2014
,3,Zomba 3,12,2014,01dec2014
,3,Zomba 3,12,2014,01dec2014
,3,Zomba 3,12,2014,02dec2014
,3,Zomba 3,12,2014,02dec2014
,3,Zomba 3,12,2014,02dec2014
,3,Zomba 3,12,2014,06dec2014
,3,Zomba 3,12,2014,04dec2014
,3,Zomba 3,12,2014,04dec2014
,3,Zomba 3,12,2014,04dec2014
,3,Zomba 3,12,2014,04dec2014
,3,Zomba 3,12,2014,04dec2014
,3,Zomba 3,12,2014,04dec2014
,3,Zomba 3,12,2014,04dec2014
,3,Zomba 3,12,2014,04dec2014
,3,Zomba 3,12,2014,04dec2014
,3,Zomba 3,12,2014,04dec2014
,3,Zomba 3,12,2014,04dec2014
,3,Zomba 3,12,2014,04dec2014
,3,Zomba 3,12,2014,04dec2014
,3,Zomba 3,12,2014,04dec2014
,3,Zomba 3,12,2014,04dec2014
,3,Zomba 3,12,2014,03dec2014
,3,Zomba 3,12,2014,03dec2014
,3,Zomba 3,12,2014,03dec2014
,3,Zomba 3,12,2014,05dec2014
,3,Zomba 3,12,2014,05dec2014
,3,Zomba 3,12,2014,03dec2014
,3,Zomba 3,12,2014,04dec2014
,3,Zomba 3,12,2014,03dec2014
,3,Zomba 3,12,2014,02dec2014
,3,Zomba 3,12,2014,03dec2014
,3,Zomba 3,11,2014,29-Nov-14
,3,Zomba 3,12,2014,01dec2014
,3,Zomba 3,12,2014,01dec2014
,3,Zomba 3,12,2014,01dec2014
,3,Zomba 3,12,2014,01dec2014
,3,Zomba 3,12,2014,01dec2014
,3,Zomba 3,12,2014,03dec2014
,3,Zomba 3,12,2014,03dec2014
,3,Zomba 3,12,2014,03dec2014
,3,Zomba 3,12,2014,03dec2014
,3,Zomba 3,12,2014,03dec2014
,3,Zomba 3,12,2014,01dec2014
,3,Zomba 3,12,2014,02dec2014
,3,Zomba 3,12,2014,02dec2014
,3,Zomba 3,3,2015,25mar2015
,3,Zomba 3,12,2014,06dec2014
,3,Zomba 3,12,2014,05dec2014
,3,Zomba 3,12,2014,05dec2014
,3,Zomba 3,12,2014,06dec2014
,3,Zomba 3,12,2014,01dec2014
,3,Zomba 3,12,2014,01dec2014
,3,Zomba 3,12,2014,05dec2014
,3,Zomba 3,3,2015,25mar2015
,3,Zomba 3,12,2014,02dec2014
,3,Zomba 3,12,2014,02dec2014
,3,Zomba 3,12,2014,01dec2014
,3,Zomba 3,11,2014,06dec2014
,3,Zomba 3,12,2014,02dec2014
,3,Zomba 3,12,2014,02dec2014
,3,Zomba 3,12,2014,01dec2014
,3,Zomba 3,12,2014,02dec2014
,3,Zomba 3,12,2014,03dec2014
,3,Zomba 3,12,2014,02dec2014
,3,Zomba 3,12,2014,02dec2014
,3,Zomba 3,12,2014,03dec2014
,3,Zomba 3,12,2014,03dec2014
,3,Zomba 3,12,2014,03dec2014
,3,Zomba 3,12,2014,03dec2014
,3,Zomba 3,12,2014,02dec2014
,3,Zomba 3,12,2014,02dec2014
,3,Zomba 3,12,2014,02dec2014
,3,Zomba 3,12,2014,02dec2014
,3,Zomba 3,12,2014,02dec2014
,3,Zomba 3,12,2014,04dec2014
,3,Zomba 3,12,2014,05dec2014
,3,Zomba 3,12,2014,05dec2014
,3,Zomba 3,12,2014,05dec2014
,3,Zomba 3,12,2014,05dec2014
,3,Zomba 3,12,2014,03dec2014
,3,Zomba 3,11,2014,29-Nov-14
,3,Zomba 3,11,2014,29-Nov-14
,3,Zomba 3,11,2014,29-Nov-14
,3,Zomba 3,12,2014,01dec2014
,3,Zomba 3,12,2014,06dec2014
,3,Zomba 3,12,2014,06dec2014
,3,Zomba 3,12,2014,06dec2014
,3,Zomba 3,12,2014,01dec2014
,3,Zomba 3,12,2014,04dec2014
,3,Zomba 3,12,2014,05dec2014
,3,Zomba 3,12,2014,05dec2014
,3,Zomba 3,12,2014,04dec2014
,3,Zomba 3,12,2014,04dec2014
,3,Zomba 3,12,2014,06dec2014
,3,Zomba 3,12,2014,06dec2014
,3,Zomba 3,12,2014,06dec2014
,3,Zomba 3,12,2014,05dec2014
,3,Zomba 3,12,2014,05dec2014
,3,Zomba 3,12,2014,04dec2014
,3,Zomba 3,12,2014,03dec2014
,3,Zomba 3,12,2014,03dec2014
,3,Zomba 3,12,2014,03dec2014
,3,Zomba 3,11,2014,29-Nov-14
,3,Zomba 3,11,2014,29-Nov-14
,3,Zomba 3,11,2014,29-Nov-14
,3,Zomba 3,12,2014,06dec2014
,3,Zomba 3,2,2015,20-Feb-15
,3,Zomba 3,12,2014,05dec2014
,3,Zomba 3,12,2014,05dec2014
,3,Zomba 3,12,2014,05dec2014
,3,Zomba 3,2,2015,20-Feb-15
,3,Zomba 3,12,2014,01dec2014
,3,Zomba 3,12,2014,01dec2014
,3,Zomba 3,12,2014,01dec2014
,3,Zomba 3,12,2014,03dec2014
,3,Zomba 3,12,2014,03dec2014
,3,Zomba 3,12,2014,03dec2014
,3,Zomba 3,12,2014,03dec2014
,3,Zomba 3,12,2014,05dec2014
,3,Zomba 3,11,2014,29-Nov-14
,3,Zomba 3,12,2014,01dec2014
,3,Zomba 3,11,2014,28-Nov-14
,3,Zomba 3,12,2014,05dec2014
,3,Zomba 3,12,2014,05dec2014
,3,Zomba 3,12,2014,05dec2014
,3,Zomba 3,12,2014,05dec2014
,3,Zomba 3,12,2014,02dec2014
,3,Zomba 3,12,2014,02dec2014
,3,Zomba 3,12,2014,01dec2014
,3,Zomba 3,11,2014,29-Nov-14
,3,Zomba 3,11,2014,29-Nov-14
,3,Zomba 3,11,2014,29-Nov-14
,3,Zomba 3,11,2014,29-Nov-14
,3,Zomba 3,11,2014,29-Nov-14
,3,Zomba 3,11,2014,29-Nov-14
,3,Zomba 3,11,2014,29-Nov-14
,3,Zomba 3,11,2014,29-Nov-14
,3,Zomba 3,12,2014,06dec2014
,3,Zomba 3,12,2014,01dec2014
,3,Zomba 3,12,2014,06dec2014
,3,Zomba 3,12,2014,02dec2014
,3,Zomba 3,12,2014,02dec2014
,3,Zomba 3,11,2014,29-Nov-14
,3,Zomba 3,11,2014,29-Nov-14
,3,Zomba 3,11,2014,29-Nov-14
,3,Zomba 3,12,2014,01dec2014
,3,Zomba 3,3,2015,25mar2015
,3,Zomba 3,11,2014,29-Nov-14
,3,Zomba 3,11,2014,29-Nov-14
,3,Zomba 3,11,2014,29-Nov-14
,3,Zomba 3,11,2014,29-Nov-14
,3,Zomba 3,12,2014,03dec2014
,3,Zomba 3,12,2014,04dec2014
,3,Zomba 3,11,2014,29-Nov-14
,3,Zomba 3,11,2014,29-Nov-14
,3,Zomba 3,11,2014,29-Nov-14
,3,Zomba 3,12,2014,04dec2014
,3,Zomba 3,11,2014,17-Nov-14
,3,Zomba 3,11,2014,21-Nov-14
,3,Zomba 3,11,2014,21-Nov-14
,3,Zomba 3,11,2014,18-Nov-14
,3,Zomba 3,11,2014,19-Nov-14
,3,Zomba 3,11,2014,20-Nov-14
,3,Zomba 3,11,2014,17-Nov-14
,3,Zomba 3,11,2014,21-Nov-14
,3,Zomba 3,11,2014,21-Nov-14
,3,Zomba 3,11,2014,19-Nov-14
,3,Zomba 3,11,2014,19-Nov-14
,3,Zomba 3,11,2014,19-Nov-14
,3,Zomba 3,11,2014,19-Nov-14
,3,Zomba 3,11,2014,17-Nov-14
,3,Zomba 3,11,2014,17-Nov-14
,3,Zomba 3,11,2014,17-Nov-14
,3,Zomba 3,11,2014,17-Nov-14
,3,Zomba 3,11,2014,17-Nov-14
,3,Zomba 3,11,2014,20-Nov-14
,3,Zomba 3,11,2014,20-Nov-14
,3,Zomba 3,11,2014,18-Nov-14
,3,Zomba 3,11,2014,18-Nov-14
,3,Zomba 3,11,2014,18-Nov-14
,3,Zomba 3,11,2014,18-Nov-14
,3,Zomba 3,11,2014,18-Nov-14
,3,Zomba 3,11,2014,18-Nov-14
,3,Zomba 3,11,2014,18-Nov-14
,3,Zomba 3,11,2014,19-Nov-14
,3,Zomba 3,11,2014,19-Nov-14
,3,Zomba 3,11,2014,19-Nov-14
,3,Zomba 3,11,2014,17-Nov-14
,3,Zomba 3,11,2014,19-Nov-14
,3,Zomba 3,11,2014,19-Nov-14
,3,Zomba 3,11,2014,18-Nov-14
,3,Zomba 3,11,2014,18-Nov-14
,3,Zomba 3,11,2014,18-Nov-14
,3,Zomba 3,11,2014,21-Nov-14
,3,Zomba 3,11,2014,20-Nov-14
,3,Zomba 3,11,2014,19-Nov-14
,3,Zomba 3,11,2014,17-Nov-14
,3,Zomba 3,11,2014,20-Nov-14
,3,Zomba 3,11,2014,21-Nov-14
,3,Zomba 3,11,2014,21-Nov-14
,3,Zomba 3,11,2014,18-Nov-14
,3,Zomba 3,11,2014,17-Nov-14
,3,Zomba 3,11,2014,17-Nov-14
,3,Zomba 3,11,2014,17-Nov-14
,3,Zomba 3,11,2014,17-Nov-14
,3,Zomba 3,11,2014,17-Nov-14
,3,Zomba 3,11,2014,17-Nov-14
,3,Zomba 3,11,2014,21-Nov-14
,3,Zomba 3,11,2014,19-Nov-14
,3,Zomba 3,11,2014,20-Nov-14
,3,Zomba 3,11,2014,19-Nov-14
,3,Zomba 3,11,2014,19-Nov-14
,3,Zomba 3,11,2014,21-Nov-14
,3,Zomba 3,11,2014,20-Nov-14
,3,Zomba 3,11,2014,20-Nov-14
,3,Zomba 3,11,2014,18-Nov-14
,3,Zomba 3,11,2014,20-Nov-14
,3,Zomba 3,11,2014,20-Nov-14
,3,Zomba 3,11,2014,18-Nov-14
,3,Zomba 3,11,2014,21-Nov-14
,3,Zomba 3,11,2014,20-Nov-14
,3,Zomba 3,11,2014,20-Nov-14
,3,Zomba 3,11,2014,21-Nov-14
,3,Zomba 3,11,2014,20-Nov-14
,3,Zomba 3,11,2014,20-Nov-14
,3,Zomba 3,11,2014,18-Nov-14
,3,Zomba 3,11,2014,20-Nov-14
,3,Zomba 3,11,2014,20-Nov-14
,3,Zomba 3,11,2014,20-Nov-14
,3,Zomba 3,11,2014,18-Nov-14
,3,Zomba 3,11,2014,17-Nov-14
,3,Zomba 3,11,2014,17-Nov-14
,3,Zomba 3,11,2014,19-Nov-14
,3,Zomba 3,11,2014,20-Nov-14
,3,Zomba 3,11,2014,19-Nov-14
,3,Zomba 3,11,2014,19-Nov-14
,3,Zomba 3,11,2014,19-Nov-14
,3,Zomba 3,11,2014,19-Nov-14
,3,Zomba 3,11,2014,20-Nov-14
,3,Zomba 3,11,2014,21-Nov-14
,3,Zomba 3,11,2014,21-Nov-14
,3,Zomba 3,11,2014,18-Nov-14
,3,Zomba 3,11,2014,21-Nov-14
,3,Zomba 3,11,2014,21-Nov-14
,3,Zomba 3,11,2014,20-Nov-14
,3,Zomba 3,11,2014,20-Nov-14
,3,Zomba 3,11,2014,20-Nov-14
,3,Zomba 3,11,2014,20-Nov-14
,3,Zomba 3,11,2014,19-Nov-14
,3,Zomba 3,11,2014,20-Nov-14
,3,Zomba 3,11,2014,21-Nov-14
,3,Zomba 3,11,2014,21-Nov-14
,3,Zomba 3,11,2014,21-Nov-14
,3,Zomba 3,11,2014,19-Nov-14
,3,Zomba 3,11,2014,17-Nov-14
,3,Zomba 3,11,2014,17-Nov-14
,3,Zomba 3,11,2014,18-Nov-14
,3,Zomba 3,11,2014,20-Nov-14
,3,Zomba 3,11,2014,20-Nov-14
,3,Zomba 3,11,2014,19-Nov-14
,3,Zomba 3,11,2014,18-Nov-14
,3,Zomba 3,11,2014,18-Nov-14
,3,Zomba 3,11,2014,18-Nov-14
,3,Zomba 3,11,2014,18-Nov-14
,3,Zomba 3,11,2014,19-Nov-14
,3,Zomba 3,11,2014,21-Nov-14
,3,Zomba 3,11,2014,21-Nov-14
,3,Zomba 3,11,2014,21-Nov-14
,3,Zomba 3,11,2014,21-Nov-14
,3,Zomba 3,11,2014,19-Nov-14
,3,Zomba 3,11,2014,19-Nov-14
,3,Zomba 3,11,2014,19-Nov-14
,3,Zomba 3,11,2014,20-Nov-14
,3,Zomba 3,3,2015,24mar2015
,3,Zomba 3,11,2014,20-Nov-14
,3,Zomba 3,11,2014,18-Nov-14
,3,Zomba 3,11,2014,18-Nov-14
,3,Zomba 3,11,2014,21-Nov-14
,3,Zomba 3,11,2014,19-Nov-14
,3,Zomba 3,11,2014,19-Nov-14
,3,Zomba 3,11,2014,19-Nov-14
,3,Zomba 3,11,2014,18-Nov-14
,3,Zomba 3,11,2014,20-Nov-14
,3,Zomba 3,11,2014,20-Nov-14
,3,Zomba 3,11,2014,18-Nov-14
,3,Zomba 3,11,2014,18-Nov-14
,3,Zomba 3,11,2014,18-Nov-14
,3,Zomba 3,3,2015,24mar2015
,3,Zomba 3,11,2014,18-Nov-14
,3,Zomba 3,11,2014,20-Nov-14
,3,Zomba 3,11,2014,18-Nov-14
,3,Zomba 3,11,2014,18-Nov-14
,3,Zomba 3,11,2014,21-Nov-14
,3,Zomba 3,11,2014,20-Nov-14
,3,Zomba 3,11,2014,21-Nov-14
,3,Zomba 3,11,2014,21-Nov-14
,3,Zomba 3,11,2014,21-Nov-14
,3,Zomba 3,11,2014,19-Nov-14
,3,Zomba 3,11,2014,19-Nov-14
,3,Zomba 3,11,2014,27-Nov-14
,3,Zomba 3,11,2014,27-Nov-14
,3,Zomba 3,11,2014,27-Nov-14
,3,Zomba 3,11,2014,25-Nov-14
,3,Zomba 3,3,2015,24mar2015
,3,Zomba 3,11,2014,27-Nov-14
,3,Zomba 3,11,2014,24-Nov-14
,3,Zomba 3,11,2014,27-Nov-14
,3,Zomba 3,11,2014,27-Nov-14
,3,Zomba 3,11,2014,27-Nov-14
,3,Zomba 3,11,2014,27-Nov-14
,3,Zomba 3,11,2014,28-Nov-14
,3,Zomba 3,11,2014,27-Nov-14
,3,Zomba 3,11,2014,27-Nov-14
,3,Zomba 3,11,2014,27-Nov-14
,3,Zomba 3,11,2014,26-Nov-14
,3,Zomba 3,11,2014,26-Nov-14
,3,Zomba 3,11,2014,26-Nov-14
,3,Zomba 3,11,2014,25-Nov-14
,3,Zomba 3,11,2014,25-Nov-14
,3,Zomba 3,11,2014,25-Nov-14
,3,Zomba 3,11,2014,25-Nov-14
,3,Zomba 3,11,2014,25-Nov-14
,3,Zomba 3,11,2014,25-Nov-14
,3,Zomba 3,11,2014,25-Nov-14
,3,Zomba 3,11,2014,27-Nov-14
,3,Zomba 3,11,2014,25-Nov-14
,3,Zomba 3,11,2014,25-Nov-14
,3,Zomba 3,11,2014,25-Nov-14
,3,Zomba 3,11,2014,28-Nov-14
,3,Zomba 3,11,2014,27-Nov-14
,3,Zomba 3,11,2014,25-Nov-14
,3,Zomba 3,11,2014,25-Nov-14
,3,Zomba 3,11,2014,25-Nov-14
,3,Zomba 3,3,2015,24mar2015
,3,Zomba 3,11,2014,27-Nov-14
,3,Zomba 3,11,2014,28-Nov-14
,3,Zomba 3,11,2014,28-Nov-14
,3,Zomba 3,11,2014,28-Nov-14
,3,Zomba 3,11,2014,27-Nov-14
,3,Zomba 3,11,2014,28-Nov-14
,3,Zomba 3,11,2014,27-Nov-14
,3,Zomba 3,11,2014,28-Nov-14
,3,Zomba 3,11,2014,25-Nov-14
,3,Zomba 3,11,2014,25-Nov-14
,3,Zomba 3,11,2014,25-Nov-14
,3,Zomba 3,11,2014,25-Nov-14
,3,Zomba 3,11,2014,25-Nov-14
,3,Zomba 3,11,2014,25-Nov-14
,3,Zomba 3,11,2014,27-Nov-14
,3,Zomba 3,11,2014,26-Nov-14
,3,Zomba 3,11,2014,26-Nov-14
,3,Zomba 3,11,2014,28-Nov-14
,3,Zomba 3,11,2014,28-Nov-14
,3,Zomba 3,11,2014,28-Nov-14
,3,Zomba 3,11,2014,28-Nov-14
,3,Zomba 3,11,2014,27-Nov-14
,3,Zomba 3,11,2014,28-Nov-14
,3,Zomba 3,11,2014,27-Nov-14
,3,Zomba 3,11,2014,28-Nov-14
,3,Zomba 3,11,2014,25-Nov-14
,3,Zomba 3,11,2014,26-Nov-14
,3,Zomba 3,11,2014,26-Nov-14
,3,Zomba 3,11,2014,26-Nov-14
,3,Zomba 3,11,2014,26-Nov-14
,3,Zomba 3,11,2014,26-Nov-14
,3,Zomba 3,11,2014,27-Nov-14
,3,Zomba 3,11,2014,25-Nov-14
,3,Zomba 3,11,2014,25-Nov-14
,3,Zomba 3,11,2014,26-Nov-14
,3,Zomba 3,11,2014,26-Nov-14
,3,Zomba 3,11,2014,26-Nov-14
,3,Zomba 3,11,2014,26-Nov-14
,3,Zomba 3,11,2014,26-Nov-14
,3,Zomba 3,11,2014,26-Nov-14
,3,Zomba 3,11,2014,26-Nov-14
,3,Zomba 3,11,2014,26-Nov-14
,3,Zomba 3,11,2014,25-Nov-14
,3,Zomba 3,3,2015,24mar2015
,3,Zomba 3,11,2014,26-Nov-14
,3,Zomba 3,11,2014,25-Nov-14
,3,Zomba 3,11,2014,27-Nov-14
,3,Zomba 3,11,2014,27-Nov-14
,3,Zomba 3,11,2014,27-Nov-14
,3,Zomba 3,11,2014,27-Nov-14
,3,Zomba 3,11,2014,27-Nov-14
,3,Zomba 3,11,2014,26-Nov-14
,3,Zomba 3,11,2014,27-Nov-14
,3,Zomba 3,11,2014,28-Nov-14
,3,Zomba 3,11,2014,26-Nov-14
,3,Zomba 3,11,2014,28-Nov-14
,3,Zomba 3,11,2014,28-Nov-14
,3,Zomba 3,11,2014,28-Nov-14
,3,Zomba 3,11,2014,28-Nov-14
,3,Zomba 3,11,2014,27-Nov-14
,3,Zomba 3,11,2014,25-Nov-14
,3,Zomba 3,11,2014,25-Nov-14
,3,Zomba 3,11,2014,25-Nov-14
,3,Zomba 3,11,2014,27-Nov-14
,3,Zomba 3,11,2014,26-Nov-14
,3,Zomba 3,11,2014,26-Nov-14
,3,Zomba 3,11,2014,25-Nov-14
,3,Zomba 3,11,2014,28-Nov-14
,3,Zomba 3,11,2014,26-Nov-14
,3,Zomba 3,11,2014,28-Nov-14
,3,Zomba 3,11,2014,28-Nov-14
,3,Zomba 3,3,2015,24mar2015
,3,Zomba 3,11,2014,26-Nov-14
,3,Zomba 3,11,2014,26-Nov-14
,3,Zomba 3,11,2014,27-Nov-14
,3,Zomba 3,11,2014,27-Nov-14
,3,Zomba 3,11,2014,27-Nov-14
,3,Zomba 3,11,2014,27-Nov-14
,3,Zomba 3,11,2014,25-Nov-14
,3,Zomba 3,11,2014,26-Nov-14
,3,Zomba 4,12,2014,09dec2014
,3,Zomba 4,12,2014,08dec2014
,3,Zomba 4,12,2014,06dec2014
,3,Zomba 4,12,2014,06dec2014
,3,Zomba 4,12,2014,08dec2014
,3,Zomba 4,12,2014,06dec2014
,3,Zomba 4,12,2014,06dec2014
,3,Zomba 4,3,2015,17mar2015
,3,Zomba 4,2,2015,26-Feb-15
,3,Zomba 4,2,2015,26-Feb-15
,3,Zomba 4,2,2015,26-Feb-15
,3,Zomba 4,2,2015,26-Feb-15
,3,Zomba 4,3,2015,02mar2015
,3,Zomba 4,2,2015,26-Feb-15
,3,Zomba 4,2,2015,27-Feb-15
,3,Zomba 4,3,2015,02mar2015
,3,Zomba 4,2,2015,26-Feb-15
,3,Zomba 4,2,2015,26-Feb-15
,3,Zomba 4,2,2015,26-Feb-15
,3,Zomba 4,2,2015,28-Feb-15
,3,Zomba 4,2,2015,28-Feb-15
,3,Zomba 4,2,2015,27-Feb-15
,3,Zomba 4,3,2015,26mar2015
,3,Zomba 4,2,2015,27-Feb-15
,3,Zomba 4,2,2015,27-Feb-15
,3,Zomba 4,3,2015,02mar2015
,3,Zomba 4,3,2015,02mar2015
,3,Zomba 4,3,2015,02mar2015
,3,Zomba 4,3,2015,02mar2015
,3,Zomba 4,3,2015,02mar2015
,3,Zomba 4,3,2015,02mar2015
,3,Zomba 4,3,2015,02mar2015
,3,Zomba 4,3,2015,02mar2015
,3,Zomba 4,3,2015,02mar2015
,3,Zomba 4,3,2015,02mar2015
,3,Zomba 4,2,2015,28-Feb-15
,3,Zomba 4,2,2015,28-Feb-15
,3,Zomba 4,3,2015,02mar2015
,3,Zomba 4,2,2015,28-Feb-15
,3,Zomba 4,2,2015,28-Feb-15
,3,Zomba 4,3,2015,02mar2015
,3,Zomba 4,3,2015,02mar2015
,3,Zomba 4,3,2015,13mar2015
,3,Zomba 4,3,2015,13mar2015
,3,Zomba 4,3,2015,17mar2015
,3,Zomba 4,3,2015,17mar2015
,3,Zomba 4,2,2015,26-Feb-15
,3,Zomba 4,2,2015,28-Feb-15
,3,Zomba 4,2,2015,28-Feb-15
,3,Zomba 4,2,2015,28-Feb-15
,3,Zomba 4,2,2015,27-Feb-15
,3,Zomba 4,2,2015,28-Feb-15
,3,Zomba 4,2,2015,25-Feb-15
,3,Zomba 4,2,2015,28-Feb-15
,3,Zomba 4,2,2015,28-Feb-15
,3,Zomba 4,2,2015,28-Feb-15
,3,Zomba 4,2,2015,28-Feb-15
,3,Zomba 4,2,2015,28-Feb-15
,3,Zomba 4,3,2015,02mar2015
,3,Zomba 4,3,2015,02mar2015
,3,Zomba 4,3,2015,02mar2015
,3,Zomba 4,2,2015,28-Feb-15
,3,Zomba 4,2,2015,28-Feb-15
,3,Zomba 4,2,2015,28-Feb-15
,3,Zomba 4,2,2015,28-Feb-15
,3,Zomba 4,3,2015,24mar2015
,3,Zomba 4,3,2015,18mar2015
,3,Zomba 4,2,2015,27-Jan-15
,3,Zomba 4,2,2015,27-Feb-15
,3,Zomba 4,2,2015,27-Feb-15
,3,Zomba 4,3,2015,24mar2015
,3,Zomba 4,2,2015,27-Feb-15
,3,Zomba 4,2,2015,27-Feb-15
,3,Zomba 4,2,2015,27-Feb-15
,3,Zomba 4,2,2015,27-Feb-15
,3,Zomba 4,2,2015,27-Feb-15
,3,Zomba 4,2,2015,27-Feb-15
,3,Zomba 4,2,2015,27-Feb-15
,3,Zomba 4,2,2015,27-Feb-15
,3,Zomba 4,2,2015,27-Feb-15
,3,Zomba 4,3,2015,02mar2015
,3,Zomba 4,3,2015,02mar2015
,3,Zomba 4,2,2015,28-Feb-15
,3,Zomba 4,3,2015,02mar2015
,3,Zomba 4,2,2015,27-Feb-15
,3,Zomba 4,2,2015,28-Feb-15
,3,Zomba 4,2,2015,28-Feb-15
,3,Zomba 4,2,2015,27-Feb-15
,3,Zomba 4,2,2015,27-Feb-15
,3,Zomba 4,2,2015,26-Feb-15
,3,Zomba 4,3,2015,26mar2015
,3,Zomba 4,2,2015,26-Feb-15
,3,Zomba 4,2,2015,27-Feb-15
,3,Zomba 4,2,2015,28-Feb-15
,3,Zomba 4,2,2015,28-Feb-15
,3,Zomba 4,2,2015,28-Feb-15
,3,Zomba 4,2,2015,27-Feb-15
,3,Zomba 4,2,2015,28-Feb-15
,3,Zomba 4,2,2015,28-Feb-15
,3,Zomba 4,2,2015,28-Feb-15
,3,Zomba 4,3,2015,24mar2015
,3,Zomba 4,3,2015,24mar2015
,3,Zomba 4,12,2014,06dec2014
,3,Zomba 4,12,2014,08dec2014
,3,Zomba 4,12,2014,08dec2014
,3,Zomba 4,12,2014,08dec2014
,3,Zomba 4,3,2015,24mar2015
,3,Zomba 4,12,2014,08dec2014
,3,Zomba 4,12,2014,08dec2014
,3,Zomba 4,12,2014,08dec2014
,3,Zomba 4,12,2014,08dec2014
,3,Zomba 4,12,2014,08dec2014
,3,Zomba 4,12,2014,09dec2014
,3,Zomba 4,12,2014,09dec2014
,3,Zomba 4,12,2014,06dec2014
,3,Zomba 4,12,2014,08dec2014
,3,Zomba 4,12,2014,06dec2014
,3,Zomba 4,12,2014,08dec2014
,3,Zomba 4,3,2015,24mar2015
,3,Zomba 4,12,2014,09dec2014
,3,Zomba 4,12,2014,09dec2014
,3,Zomba 4,12,2014,09dec2014
,3,Zomba 4,12,2014,06dec2014
,3,Zomba 4,12,2014,06dec2014
,3,Zomba 4,12,2014,08dec2014
,3,Zomba 4,12,2014,06dec2014
,3,Zomba 4,12,2014,06dec2014
,3,Zomba 4,12,2014,06dec2014
,3,Zomba 4,12,2014,06dec2014
,3,Zomba 4,12,2014,08dec2014
,3,Zomba 4,12,2014,08dec2014
,3,Zomba 4,12,2014,08dec2014
,3,Zomba 4,12,2014,08dec2014
,3,Zomba 4,12,2014,08dec2014
,3,Zomba 4,12,2014,08dec2014
,3,Zomba 4,12,2014,08dec2014
,3,Zomba 4,12,2014,08dec2014
,3,Zomba 4,12,2014,08dec2014
,3,Zomba 4,12,2014,08dec2014
,3,Zomba 4,12,2014,08dec2014
,3,Zomba 4,12,2014,08dec2014
,3,Zomba 4,12,2014,10dec2014
,3,Zomba 4,12,2014,09dec2014
,3,Zomba 4,12,2014,09dec2014
,3,Zomba 4,12,2014,09dec2014
,3,Zomba 4,12,2014,09dec2014
,3,Zomba 4,12,2014,09dec2014
,3,Zomba 4,12,2014,09dec2014
,3,Zomba 4,3,2015,23mar2015
,3,Zomba 4,3,2015,23mar2015
,3,Zomba 4,12,2014,10dec2014
,3,Zomba 4,12,2014,10dec2014
,3,Zomba 4,12,2014,09dec2014
,3,Zomba 4,2,2015,26-Feb-15
,3,Zomba 4,12,2014,10dec2014
,3,Zomba 4,12,2014,09dec2014
,3,Zomba 4,12,2014,09dec2014
,3,Zomba 4,12,2014,09dec2014
,3,Zomba 4,12,2014,10dec2014
,3,Zomba 4,3,2015,04mar2015
,3,Zomba 4,3,2015,04mar2015
,3,Zomba 4,3,2015,04mar2015
,3,Zomba 4,3,2015,04mar2015
,3,Zomba 4,3,2015,04mar2015
,3,Zomba 4,3,2015,04mar2015
,3,Zomba 4,3,2015,04mar2015
,3,Zomba 4,2,2015,25-Feb-15
,3,Zomba 4,2,2015,25-Feb-15
,3,Zomba 4,2,2015,25-Feb-15
,3,Zomba 4,12,2014,10dec2014
,3,Zomba 4,3,2015,04mar2015
,3,Zomba 4,12,2014,10dec2014
,3,Zomba 4,2,2015,25-Feb-15
,3,Zomba 4,12,2014,10dec2014
,3,Zomba 4,2,2015,25-Feb-15
,3,Zomba 4,12,2014,09dec2014
,3,Zomba 4,12,2014,09dec2014
,3,Zomba 4,3,2015,23mar2015
,3,Zomba 4,2,2015,26-Feb-15
,3,Zomba 4,3,2015,26mar2015
,3,Zomba 4,2,2015,25-Feb-15
,3,Zomba 4,12,2014,10dec2014
,3,Zomba 4,12,2014,10dec2014
,3,Zomba 4,12,2014,10dec2014
,3,Zomba 4,12,2014,10dec2014
,3,Zomba 4,12,2014,10dec2014
,3,Zomba 4,12,2014,10dec2014
,3,Zomba 4,12,2014,09dec2014
,3,Zomba 4,3,2015,23mar2015
,3,Zomba 4,12,2014,10dec2014
,3,Zomba 4,12,2014,09dec2014
,3,Zomba 4,12,2014,10dec2014
,3,Zomba 4,12,2014,09dec2014
,3,Zomba 4,12,2014,10dec2014
,3,Zomba 4,12,2014,10dec2014
,3,Zomba 4,12,2014,10dec2014
,3,Zomba 4,12,2014,10dec2014
,3,Zomba 4,3,2015,23mar2015
,3,Zomba 4,12,2014,10dec2014
,3,Zomba 4,2,2015,26-Feb-15
,3,Zomba 4,12,2014,09dec2014
,3,Zomba 4,12,2014,10dec2014
,3,Zomba 4,12,2014,10dec2014
,3,Zomba 4,12,2014,10dec2014
,3,Zomba 4,12,2014,10dec2014
,3,Zomba 4,12,2014,10dec2014
,3,Zomba 4,12,2014,10dec2014
,3,Zomba 4,12,2014,09dec2014
,3,Zomba 4,12,2014,09dec2014
,3,Zomba 4,12,2014,09dec2014
,3,Zomba 4,12,2014,09dec2014
,3,Zomba 4,12,2014,09dec2014
,3,Zomba 4,2,2015,27-Feb-15
,3,Zomba 4,2,2015,27-Feb-15
,3,Zomba 4,2,2015,28-Feb-15
,3,Zomba 4,2,2015,27-Feb-15
,3,Zomba 4,2,2015,28-Feb-15
,3,Zomba 4,3,2015,02mar2015
,3,Zomba 4,3,2015,17mar2015
,3,Zomba 4,3,2015,18mar2015
,3,Zomba 4,3,2015,17mar2015
,3,Zomba 4,3,2015,17mar2015
,3,Zomba 4,3,2015,18mar2015
,3,Zomba 4,3,2015,18mar2015
,3,Zomba 4,3,2015,13mar2015
,3,Zomba 4,3,2015,17mar2015
,3,Zomba 4,3,2015,17mar2015
,3,Zomba 4,3,2015,17mar2015
,3,Zomba 4,3,2015,17mar2015
,3,Zomba 4,3,2015,17mar2015
,3,Zomba 4,3,2015,18mar2015
,3,Zomba 4,3,2015,16mar2015
,3,Zomba 4,3,2015,16mar2015
,3,Zomba 4,3,2015,17mar2015
,3,Zomba 4,3,2015,18mar2015
,3,Zomba 4,3,2015,17mar2015
,3,Zomba 4,3,2015,17mar2015
,3,Zomba 4,3,2015,16mar2015
,3,Zomba 4,3,2015,16mar2015
,3,Zomba 4,3,2015,16mar2015
,3,Zomba 4,3,2015,16mar2015
,3,Zomba 4,3,2015,16mar2015
,3,Zomba 4,3,2015,17mar2015
,3,Zomba 4,3,2015,17mar2015
,3,Zomba 4,3,2015,17mar2015
,3,Zomba 4,3,2015,17mar2015
,3,Zomba 4,3,2015,17mar2015
,3,Zomba 4,3,2015,17mar2015
,3,Zomba 4,3,2015,17mar2015
,3,Zomba 4,3,2015,17mar2015
,3,Zomba 4,3,2015,17mar2015
,3,Zomba 4,3,2015,17mar2015
,3,Zomba 4,3,2015,13mar2015
,3,Zomba 4,3,2015,13mar2015
,3,Zomba 4,3,2015,13mar2015
,3,Zomba 4,12,2014,08dec2014
,3,Zomba 4,12,2014,08dec2014
,3,Zomba 4,12,2014,08dec2014
,3,Zomba 4,12,2014,08dec2014
,3,Zomba 4,12,2014,08dec2014
,3,Zomba 4,12,2014,08dec2014
,3,Zomba 4,3,2015,13mar2015
,3,Zomba 4,3,2015,13mar2015
,3,Zomba 4,3,2015,13mar2015
,3,Zomba 4,3,2015,13mar2015
,3,Zomba 4,3,2015,13mar2015
,3,Zomba 4,3,2015,18mar2015
,3,Zomba 4,3,2015,13mar2015
,3,Zomba 4,3,2015,13mar2015
,3,Zomba 4,3,2015,13mar2015
,3,Zomba 4,3,2015,13mar2015
,3,Zomba 4,3,2015,13mar2015
,3,Zomba 4,3,2015,13mar2015
,3,Zomba 4,3,2015,16mar2015
,3,Zomba 4,3,2015,16mar2015
,3,Zomba 4,3,2015,16mar2015
,3,Zomba 4,3,2015,16mar2015
,3,Zomba 4,3,2015,16mar2015
,3,Zomba 4,3,2015,16mar2015
,3,Zomba 4,3,2015,11mar2015
,3,Zomba 4,3,2015,17mar2015
,3,Zomba 4,3,2015,16mar2015
,3,Zomba 4,3,2015,17mar2015
,3,Zomba 4,3,2015,16mar2015
,3,Zomba 4,3,2015,16mar2015
,3,Zomba 4,3,2015,13mar2015
,3,Zomba 4,3,2015,16mar2015
,3,Zomba 4,3,2015,16mar2015
,3,Zomba 4,3,2015,13mar2015
,3,Zomba 4,3,2015,13mar2015
,3,Zomba 4,3,2015,13mar2015
,3,Zomba 4,3,2015,13mar2015
,3,Zomba 4,3,2015,13mar2015
,3,Zomba 4,3,2015,13mar2015
,3,Zomba 4,3,2015,13mar2015
,3,Zomba 4,3,2015,13mar2015
,3,Zomba 4,3,2015,16mar2015
,3,Zomba 4,3,2015,16mar2015
,3,Zomba 4,3,2015,16mar2015
,3,Zomba 4,3,2015,16mar2015
,3,Zomba 4,3,2015,16mar2015
,3,Zomba 4,3,2015,16mar2015
,3,Zomba 4,3,2015,16mar2015
,3,Zomba 4,3,2015,16mar2015
,3,Zomba 4,3,2015,16mar2015
,3,Zomba 4,3,2015,16mar2015
,3,Zomba 4,3,2015,17mar2015
,3,Zomba 4,12,2014,09dec2014
,3,Zomba 4,12,2014,10dec2014
,3,Zomba 4,12,2014,06dec2014
,3,Zomba 4,2,2015,25-Feb-15
,3,Zomba 4,3,2015,23mar2015
,3,Zomba 4,2,2015,25-Feb-15
,3,Zomba 4,2,2015,25-Feb-15
,3,Zomba 4,2,2015,25-Feb-15
,3,Zomba 4,2,2015,27-Feb-15
,3,Zomba 4,2,2015,27-Feb-15
,3,Zomba 4,2,2015,27-Feb-15
,3,Zomba 4,3,2015,21mar2015
,3,Zomba 4,3,2015,18mar2015
,3,Zomba 4,3,2015,19mar2015
,3,Zomba 4,3,2015,18mar2015
,3,Zomba 4,3,2015,18mar2015
,3,Zomba 4,3,2015,20mar2015
,3,Zomba 4,3,2015,20mar2015
,3,Zomba 4,3,2015,20mar2015
,3,Zomba 4,3,2015,19mar2015
,3,Zomba 4,3,2015,20mar2015
,3,Zomba 4,3,2015,18mar2015
,3,Zomba 4,3,2015,18mar2015
,3,Zomba 4,3,2015,18mar2015
,3,Zomba 4,3,2015,18mar2015
,3,Zomba 4,3,2015,20mar2015
,3,Zomba 4,3,2015,19mar2015
,3,Zomba 4,3,2015,19mar2015
,3,Zomba 4,3,2015,20mar2015
,3,Zomba 4,3,2015,21mar2015
,3,Zomba 4,3,2015,20mar2015
,3,Zomba 4,3,2015,19mar2015
,3,Zomba 4,3,2015,19mar2015
,3,Zomba 4,3,2015,19mar2015
,3,Zomba 4,3,2015,19mar2015
,3,Zomba 4,3,2015,18mar2015
,3,Zomba 4,3,2015,18mar2015
,3,Zomba 4,3,2015,24mar2015
,3,Zomba 4,3,2015,19mar2015
,3,Zomba 4,3,2015,19mar2015
,3,Zomba 4,3,2015,19mar2015
,3,Zomba 4,3,2015,20mar2015
,3,Zomba 4,3,2015,20mar2015
,3,Zomba 4,3,2015,20mar2015
,3,Zomba 4,3,2015,19mar2015
,3,Zomba 4,3,2015,19mar2015
,3,Zomba 4,3,2015,20mar2015
,3,Zomba 4,3,2015,20mar2015
,3,Zomba 4,3,2015,19mar2015
,3,Zomba 4,3,2015,20mar2015
,3,Zomba 4,3,2015,18mar2015
,3,Zomba 4,3,2015,18mar2015
,3,Zomba 4,3,2015,18mar2015
,3,Zomba 4,3,2015,18mar2015
,3,Zomba 4,3,2015,18mar2015
,3,Zomba 4,3,2015,19mar2015
,3,Zomba 4,3,2015,20mar2015
,3,Zomba 4,3,2015,19mar2015
,3,Zomba 4,3,2015,19mar2015
,3,Zomba 4,3,2015,19mar2015
,3,Zomba 4,3,2015,19mar2015
,3,Zomba 4,3,2015,18mar2015
,3,Zomba 4,3,2015,18mar2015
,3,Zomba 4,3,2015,20mar2015
,3,Zomba 4,3,2015,20mar2015
,3,Zomba 4,3,2015,20mar2015
,3,Zomba 4,3,2015,20mar2015
,3,Zomba 4,3,2015,20mar2015
,3,Zomba 4,3,2015,19mar2015
,3,Zomba 4,3,2015,19mar2015
,3,Zomba 4,3,2015,19mar2015
,3,Zomba 4,3,2015,20mar2015
,3,Zomba 4,3,2015,18mar2015
,3,Zomba 4,3,2015,18mar2015
,3,Zomba 4,3,2015,18mar2015
,3,Zomba 4,3,2015,18mar2015
,3,Zomba 4,3,2015,18mar2015
,3,Zomba 4,3,2015,18mar2015
,3,Zomba 4,3,2015,19mar2015
,3,Zomba 4,3,2015,24mar2015
,3,Zomba 4,3,2015,20mar2015
,3,Zomba 4,3,2015,20mar2015
,3,Zomba 4,3,2015,19mar2015
,3,Zomba 4,3,2015,18mar2015
,3,Zomba 4,3,2015,18mar2015
,3,Zomba 4,3,2015,20mar2015
,3,Zomba 4,3,2015,20mar2015
,3,Zomba 4,3,2015,21mar2015
,3,Zomba 4,3,2015,19mar2015
,3,Zomba 4,3,2015,19mar2015
,3,Zomba 4,3,2015,19mar2015
,3,Zomba 4,3,2015,20mar2015
,3,Zomba 4,3,2015,20mar2015
,3,Zomba 4,3,2015,20mar2015
,3,Zomba 4,3,2015,20mar2015
,3,Zomba 4,3,2015,20mar2015
,3,Zomba 4,3,2015,20mar2015
,3,Zomba 4,3,2015,19mar2015
,3,Zomba 4,3,2015,19mar2015
,3,Zomba 4,3,2015,19mar2015
,3,Zomba 4,3,2015,19mar2015
,3,Zomba 4,3,2015,18mar2015
,3,Zomba 4,3,2015,10mar2015
,3,Zomba 4,3,2015,10mar2015
,3,Zomba 4,3,2015,07mar2015
,3,Zomba 4,3,2015,11mar2015
,3,Zomba 4,3,2015,07mar2015
,3,Zomba 4,3,2015,07mar2015
,3,Zomba 4,3,2015,07mar2015
,3,Zomba 4,3,2015,07mar2015
,3,Zomba 4,3,2015,02mar2015
,3,Zomba 4,3,2015,07mar2015
,3,Zomba 4,3,2015,07mar2015
,3,Zomba 4,3,2015,07mar2015
,3,Zomba 4,3,2015,06mar2015
,3,Zomba 4,3,2015,07mar2015
,3,Zomba 4,3,2015,07mar2015
,3,Zomba 4,3,2015,10mar2015
,3,Zomba 4,3,2015,07mar2015
,3,Zomba 4,3,2015,07mar2015
,3,Zomba 4,3,2015,10mar2015
,3,Zomba 4,3,2015,06mar2015
,3,Zomba 4,3,2015,07mar2015
,3,Zomba 4,3,2015,04mar2015
,3,Zomba 4,3,2015,04mar2015
,3,Zomba 4,3,2015,07mar2015
,3,Zomba 4,3,2015,02mar2015
,3,Zomba 4,3,2015,05mar2015
,3,Zomba 4,3,2015,05mar2015
,3,Zomba 4,3,2015,05mar2015
,3,Zomba 4,3,2015,05mar2015
,3,Zomba 4,3,2015,11mar2015
,3,Zomba 4,3,2015,11mar2015
,3,Zomba 4,3,2015,11mar2015
,3,Zomba 4,3,2015,11mar2015
,3,Zomba 4,3,2015,11mar2015
,3,Zomba 4,3,2015,12mar2015
,3,Zomba 4,3,2015,12mar2015
,3,Zomba 4,3,2015,12mar2015
,3,Zomba 4,3,2015,12mar2015
,3,Zomba 4,3,2015,12mar2015
,3,Zomba 4,3,2015,04mar2015
,3,Zomba 4,3,2015,06mar2015
,3,Zomba 4,3,2015,10mar2015
,3,Zomba 4,3,2015,04mar2015
,3,Zomba 4,3,2015,04mar2015
,3,Zomba 4,3,2015,04mar2015
,3,Zomba 4,3,2015,04mar2015
,3,Zomba 4,3,2015,04mar2015
,3,Zomba 4,3,2015,04mar2015
,3,Zomba 4,3,2015,04mar2015
,3,Zomba 4,3,2015,04mar2015
,3,Zomba 4,3,2015,04mar2015
,3,Zomba 4,3,2015,04mar2015
,3,Zomba 4,3,2015,04mar2015
,3,Zomba 4,3,2015,07mar2015
,3,Zomba 4,3,2015,04mar2015
,3,Zomba 4,3,2015,02mar2015
,3,Zomba 4,3,2015,02mar2015
,3,Zomba 4,3,2015,04mar2015
,3,Zomba 4,3,2015,02mar2015
,3,Zomba 4,3,2015,04mar2015
,3,Zomba 4,3,2015,04mar2015
,3,Zomba 4,3,2015,04mar2015
,3,Zomba 4,3,2015,02mar2015
,3,Zomba 4,3,2015,04mar2015
,3,Zomba 4,3,2015,02mar2015
,3,Zomba 4,3,2015,12mar2015
,3,Zomba 4,3,2015,10mar2015
,3,Zomba 4,3,2015,07mar2015
,3,Zomba 4,3,2015,07mar2015
,3,Zomba 4,3,2015,10mar2015
,3,Zomba 4,3,2015,10mar2015
,3,Zomba 4,3,2015,07mar2015
,3,Zomba 4,3,2015,06mar2015
,3,Zomba 4,3,2015,06mar2015
,3,Zomba 4,3,2015,12mar2015
,3,Zomba 4,3,2015,06mar2015
,3,Zomba 4,3,2015,06mar2015
,3,Zomba 4,3,2015,06mar2015
,3,Zomba 4,3,2015,06mar2015
,3,Zomba 4,3,2015,06mar2015
,3,Zomba 4,3,2015,11mar2015
,3,Zomba 4,3,2015,11mar2015
,3,Zomba 4,3,2015,26mar2015
,3,Zomba 4,3,2015,06mar2015
,3,Zomba 4,3,2015,05mar2015
,3,Zomba 4,3,2015,05mar2015
,3,Zomba 4,3,2015,05mar2015
,3,Zomba 4,3,2015,05mar2015
,3,Zomba 4,3,2015,05mar2015
,3,Zomba 4,3,2015,05mar2015
,3,Zomba 4,3,2015,10mar2015
,3,Zomba 4,3,2015,05mar2015
,3,Zomba 4,3,2015,11mar2015
,3,Zomba 4,3,2015,11mar2015
,3,Zomba 4,3,2015,11mar2015
,3,Zomba 4,3,2015,10mar2015
,3,Zomba 4,3,2015,05mar2015
,3,Zomba 4,3,2015,05mar2015
,3,Zomba 4,3,2015,05mar2015
,3,Zomba 4,3,2015,10mar2015
,3,Zomba 4,3,2015,10mar2015
,3,Zomba 4,3,2015,10mar2015
,3,Zomba 4,3,2015,06mar2015
,3,Zomba 4,3,2015,06mar2015
,3,Zomba 4,3,2015,11mar2015
,3,Zomba 4,3,2015,11mar2015
,3,Zomba 4,3,2015,12mar2015
,3,Zomba 4,3,2015,12mar2015
,3,Zomba 4,3,2015,12mar2015
,3,Zomba 4,3,2015,12mar2015
,3,Zomba 4,3,2015,12mar2015
,3,Zomba 4,3,2015,12mar2015
,3,Zomba 4,3,2015,12mar2015
,3,Zomba 4,3,2015,12mar2015
,3,Zomba 4,3,2015,12mar2015
,3,Zomba 4,3,2015,12mar2015
,3,Zomba 4,3,2015,10mar2015
,3,Zomba 4,3,2015,10mar2015
,3,Zomba 4,3,2015,10mar2015
,3,Zomba 4,3,2015,10mar2015
,3,Zomba 4,3,2015,10mar2015
,3,Zomba 4,3,2015,07mar2015
,3,Zomba 4,3,2015,07mar2015
,3,Zomba 4,3,2015,07mar2015
,3,Zomba 4,3,2015,07mar2015
,3,Zomba 4,3,2015,07mar2015
,3,Zomba 4,3,2015,12mar2015
,3,Zomba 4,3,2015,12mar2015
,3,Zomba 4,3,2015,12mar2015
,3,Zomba 4,3,2015,10mar2015
,3,Zomba 4,3,2015,05mar2015
,3,Zomba 4,3,2015,05mar2015
,3,Zomba 4,3,2015,05mar2015
,3,Zomba 4,3,2015,05mar2015
,3,Zomba 4,3,2015,05mar2015
,3,Zomba 4,3,2015,05mar2015
,3,Zomba 4,3,2015,05mar2015
,3,Zomba 4,3,2015,05mar2015
,3,Zomba 4,3,2015,05mar2015
,3,Zomba 4,3,2015,05mar2015
,3,Zomba 4,3,2015,05mar2015
,3,Zomba 4,3,2015,06mar2015
,3,Zomba 4,3,2015,06mar2015
,3,Zomba 4,3,2015,10mar2015
,3,Zomba 4,3,2015,10mar2015
,3,Zomba 4,3,2015,10mar2015
,3,Zomba 4,3,2015,07mar2015
,3,Zomba 4,3,2015,07mar2015
,3,Zomba 4,3,2015,11mar2015
,3,Zomba 4,3,2015,11mar2015
,3,Zomba 4,3,2015,11mar2015
,3,Zomba 4,3,2015,10mar2015
,3,Zomba 4,3,2015,10mar2015
,3,Zomba 4,3,2015,10mar2015
,3,Zomba 4,3,2015,12mar2015
,3,Zomba 4,3,2015,12mar2015
,3,Zomba 4,3,2015,25mar2015
,3,Zomba 4,3,2015,05mar2015
,3,Zomba 4,3,2015,05mar2015
,3,Zomba 4,3,2015,05mar2015
,3,Zomba 4,3,2015,11mar2015
,3,Zomba 4,3,2015,11mar2015
,3,Zomba 4,3,2015,12mar2015
,3,Zomba 4,3,2015,11mar2015
,3,Zomba 4,3,2015,07mar2015
,3,Zomba 4,3,2015,06mar2015
,3,Zomba 4,3,2015,06mar2015
,3,Zomba 4,3,2015,06mar2015
,3,Zomba 4,3,2015,06mar2015
,3,Zomba 4,3,2015,06mar2015
,3,Zomba 4,3,2015,06mar2015
,3,Zomba 4,3,2015,06mar2015
,3,Zomba 4,3,2015,06mar2015
,3,Zomba 4,3,2015,12mar2015
,3,Zomba 4,3,2015,11mar2015
,3,Zomba 4,3,2015,11mar2015
,3,Zomba 4,3,2015,12mar2015
,3,Zomba 4,3,2015,11mar2015
,3,Zomba 4,3,2015,11mar2015
,3,Zomba 4,3,2015,11mar2015
,3,Zomba 4,3,2015,06mar2015
,3,Zomba 4,3,2015,05mar2015
,3,Zomba 4,3,2015,04mar2015
,3,Zomba 4,3,2015,04mar2015
,3,Zomba 4,3,2015,05mar2015
,3,Zomba 4,3,2015,04mar2015
,3,Zomba 4,3,2015,04mar2015
,3,Zomba 4,3,2015,12mar2015
,3,Zomba 4,3,2015,11mar2015
,3,Zomba 4,3,2015,11mar2015
,3,Zomba 4,3,2015,06mar2015
,3,Zomba 4,3,2015,06mar2015
,3,Zomba 4,3,2015,12mar2015
,3,Zomba 4,3,2015,06mar2015
,3,Zomba 4,3,2015,10mar2015
,3,Zomba 4,3,2015,10mar2015
,3,Zomba 4,3,2015,07mar2015
,3,Zomba 4,3,2015,07mar2015
,3,Zomba 4,3,2015,11mar2015
,3,Zomba 4,3,2015,11mar2015
,3,Zomba 4,3,2015,10mar2015
,3,Zomba 4,3,2015,10mar2015
,3,Zomba 4,3,2015,10mar2015
,3,Zomba 4,3,2015,10mar2015
,3,Zomba 4,3,2015,10mar2015
,3,Zomba 4,3,2015,11mar2015
,3,Zomba 4,3,2015,11mar2015
,3,Zomba 4,3,2015,02mar2015
,3,Zomba 4,3,2015,07mar2015
,3,Zomba 4,3,2015,02mar2015
,3,Zomba 4,3,2015,02mar2015
,3,Zomba 5,5,2015,15may2015
,3,Zomba 5,5,2015,15may2015
,3,Zomba 5,5,2015,13may2015
,3,Zomba 5,5,2015,13may2015
,3,Zomba 5,5,2015,16may2015
,3,Zomba 5,5,2015,15may2015
,3,Zomba 5,5,2015,16may2015
,3,Zomba 5,5,2015,15may2015
,3,Zomba 5,5,2015,15may2015
,3,Zomba 5,5,2015,16may2015
,3,Zomba 5,5,2015,14may2015
,3,Zomba 5,5,2015,14may2015
,3,Zomba 5,5,2015,14may2015
,3,Zomba 5,5,2015,14may2015
,3,Zomba 5,5,2015,13may2015
,3,Zomba 5,5,2015,13may2015
,3,Zomba 5,5,2015,16may2015
,3,Zomba 5,5,2015,16may2015
,3,Zomba 5,5,2015,16may2015
,3,Zomba 5,5,2015,14may2015
,3,Zomba 5,5,2015,14may2015
,3,Zomba 5,5,2015,14may2015
,3,Zomba 5,5,2015,14may2015
,3,Zomba 5,5,2015,16may2015
,3,Zomba 5,5,2015,16may2015
,3,Zomba 5,5,2015,16may2015
,3,Zomba 5,5,2015,16may2015
,3,Zomba 5,5,2015,16may2015
,3,Zomba 5,5,2015,16may2015
,3,Zomba 5,5,2015,14may2015
,3,Zomba 5,5,2015,15may2015
,3,Zomba 5,5,2015,15may2015
,3,Zomba 5,5,2015,14may2015
,3,Zomba 5,5,2015,14may2015
,3,Zomba 5,5,2015,14may2015
,3,Zomba 5,5,2015,14may2015
,3,Zomba 5,5,2015,14may2015
,3,Zomba 5,5,2015,15may2015
,3,Zomba 5,5,2015,13may2015
,3,Zomba 5,5,2015,13may2015
,3,Zomba 5,5,2015,13may2015
,3,Zomba 5,5,2015,13may2015
,3,Zomba 5,5,2015,13may2015
,3,Zomba 5,5,2015,13may2015
,3,Zomba 5,5,2015,13may2015
,3,Zomba 5,5,2015,13may2015
,3,Zomba 5,5,2015,16may2015
,3,Zomba 5,5,2015,16may2015
,3,Zomba 5,5,2015,13may2015
,3,Zomba 5,5,2015,13may2015
,3,Zomba 5,5,2015,15may2015
,3,Zomba 5,5,2015,15may2015
,3,Zomba 5,5,2015,15may2015
,3,Zomba 5,5,2015,15may2015
,3,Zomba 5,5,2015,15may2015
,3,Zomba 5,5,2015,15may2015
,3,Zomba 5,5,2015,15may2015
,3,Zomba 5,5,2015,16may2015
,3,Zomba 5,5,2015,16may2015
,3,Zomba 5,5,2015,16may2015
,3,Zomba 5,5,2015,16may2015
,3,Zomba 5,5,2015,14may2015
,3,Zomba 5,5,2015,14may2015
,3,Zomba 5,5,2015,14may2015
,3,Zomba 5,5,2015,14may2015
,3,Zomba 5,5,2015,16may2015
,3,Zomba 5,5,2015,16may2015
,3,Zomba 5,5,2015,16may2015
,3,Zomba 5,5,2015,16may2015
,3,Zomba 5,5,2015,14may2015
,3,Zomba 5,5,2015,14may2015
,3,Zomba 5,5,2015,14may2015
,3,Zomba 5,5,2015,14may2015
,3,Zomba 5,5,2015,14may2015
,3,Zomba 5,5,2015,16may2015
,3,Zomba 5,5,2015,14may2015
,3,Zomba 5,5,2015,14may2015
,3,Zomba 5,5,2015,14may2015
,3,Zomba 5,5,2015,14may2015
,3,Zomba 5,5,2015,14may2015
,3,Zomba 5,5,2015,14may2015
,3,Zomba 5,5,2015,14may2015
,3,Zomba 5,5,2015,14may2015
,3,Zomba 5,5,2015,14may2015
,3,Zomba 5,5,2015,14may2015
,3,Zomba 5,5,2015,13may2015
,3,Zomba 5,5,2015,13may2015
,3,Zomba 5,5,2015,13may2015
,3,Zomba 5,5,2015,13may2015
,3,Zomba 5,5,2015,13may2015
,3,Zomba 5,5,2015,13may2015
,3,Zomba 5,5,2015,14may2015
,3,Zomba 5,5,2015,14may2015
,3,Zomba 5,5,2015,13may2015
,3,Zomba 5,5,2015,14may2015
,3,Zomba 5,5,2015,13may2015
,3,Zomba 5,5,2015,16may2015
,3,Zomba 5,5,2015,16may2015
,3,Zomba 5,5,2015,13may2015
,3,Zomba 5,5,2015,13may2015
,3,Zomba 5,5,2015,13may2015
,3,Zomba 5,5,2015,16may2015
,3,Zomba 5,5,2015,13may2015
,3,Zomba 5,5,2015,13may2015
,3,Zomba 5,5,2015,16may2015
,3,Zomba 5,5,2015,16may2015
,3,Zomba 5,5,2015,13may2015
,3,Zomba 5,5,2015,13may2015
,3,Zomba 5,5,2015,13may2015
,3,Zomba 5,5,2015,16may2015
,3,Zomba 5,5,2015,16may2015
,3,Zomba 5,5,2015,22may2015
,3,Zomba 5,5,2015,22may2015
,3,Zomba 5,5,2015,22may2015
,3,Zomba 5,5,2015,22may2015
,3,Zomba 5,5,2015,22may2015
,3,Zomba 5,5,2015,22may2015
,3,Zomba 5,5,2015,22may2015
,3,Zomba 5,5,2015,22may2015
,3,Zomba 5,5,2015,22may2015
,3,Zomba 5,5,2015,22may2015
,3,Zomba 5,5,2015,22may2015
,3,Zomba 5,5,2015,22may2015
,3,Zomba 5,5,2015,22may2015
,3,Zomba 5,5,2015,21may2015
,3,Zomba 5,5,2015,22may2015
,3,Zomba 5,5,2015,22may2015
,3,Zomba 5,5,2015,23may2015
,3,Zomba 5,5,2015,23may2015
,3,Zomba 5,5,2015,23may2015
,3,Zomba 5,5,2015,23may2015
,3,Zomba 5,5,2015,23may2015
,3,Zomba 5,5,2015,23may2015
,3,Zomba 5,5,2015,23may2015
,3,Zomba 5,5,2015,23may2015
,3,Zomba 5,5,2015,23may2015
,3,Zomba 5,5,2015,23may2015
,3,Zomba 5,5,2015,23may2015
,3,Zomba 5,5,2015,25may2015
,3,Zomba 5,5,2015,23may2015
,3,Zomba 5,5,2015,23may2015
,3,Zomba 5,5,2015,23may2015
,3,Zomba 5,5,2015,23may2015
,3,Zomba 5,5,2015,23may2015
,3,Zomba 5,5,2015,23may2015
,3,Zomba 5,5,2015,23may2015
,3,Zomba 5,5,2015,23may2015
,3,Zomba 5,5,2015,23may2015
,3,Zomba 5,5,2015,23may2015
,3,Zomba 5,5,2015,25may2015
,3,Zomba 5,5,2015,22may2015
,3,Zomba 5,5,2015,23may2015
,3,Zomba 5,5,2015,23may2015
,3,Zomba 5,5,2015,23may2015
,3,Zomba 5,5,2015,23may2015
,3,Zomba 5,5,2015,26may2015
,3,Zomba 5,5,2015,25may2015
,3,Zomba 5,5,2015,22may2015
,3,Zomba 5,5,2015,22may2015
,3,Zomba 5,5,2015,22may2015
,3,Zomba 5,5,2015,22may2015
,3,Zomba 5,5,2015,23may2015
,3,Zomba 5,5,2015,23may2015
,3,Zomba 5,5,2015,23may2015
,3,Zomba 5,5,2015,21may2015
,3,Zomba 5,5,2015,23may2015
,3,Zomba 5,6,2015,26may2015
,3,Zomba 5,5,2015,23may2015
,3,Zomba 5,5,2015,25may2015
,3,Zomba 5,6,2015,25may2015
,3,Zomba 5,6,2015,26may2015
,3,Zomba 5,6,2015,22may2015
,3,Zomba 5,6,2015,22may2015
,3,Zomba 5,5,2015,25may2015
,3,Zomba 5,5,2015,25may2015
,3,Zomba 5,5,2015,22may2015
,3,Zomba 5,5,2015,22may2015
,3,Zomba 5,5,2015,22may2015
,3,Zomba 5,5,2015,25may2015
,3,Zomba 5,5,2015,22may2015
,3,Zomba 5,5,2015,22may2015
,3,Zomba 5,5,2015,22may2015
,3,Zomba 5,5,2015,21may2015
,3,Zomba 5,6,2015,25may2015
,3,Zomba 5,5,2015,21may2015
,3,Zomba 5,5,2015,25may2015
,3,Zomba 5,5,2015,25may2015
,3,Zomba 5,6,2015,26-Apr-15
,3,Zomba 5,6,2015,21may2015
,3,Zomba 5,6,2015,21may2015
,3,Zomba 5,6,2015,26-Apr-15
,3,Zomba 5,6,2015,26-Apr-15
,3,Zomba 5,5,2015,21may2015
,3,Zomba 5,5,2015,21may2015
,3,Zomba 5,5,2015,21may2015
,3,Zomba 5,6,2015,27may2015
,3,Zomba 5,5,2015,20may2015
,3,Zomba 5,5,2015,21may2015
,3,Zomba 5,5,2015,25may2015
,3,Zomba 5,5,2015,26may2015
,3,Zomba 5,5,2015,22may2015
,3,Zomba 5,5,2015,27may2015
,3,Zomba 5,5,2015,21may2015
,3,Zomba 5,5,2015,22may2015
,3,Zomba 5,5,2015,21may2015
,3,Zomba 5,5,2015,22may2015
,3,Zomba 5,5,2015,21may2015
,3,Zomba 5,5,2015,22may2015
,3,Zomba 5,5,2015,22may2015
,3,Zomba 5,5,2015,22may2015
,3,Zomba 5,5,2015,22may2015
,3,Zomba 5,5,2015,21may2015
,3,Zomba 5,5,2015,22may2015
,3,Zomba 5,5,2015,21may2015
,3,Zomba 5,5,2015,21may2015
,3,Zomba 5,5,2015,26-Apr-15
,3,Zomba 5,5,2015,26-Apr-15
,3,Zomba 5,5,2015,21may2015
,3,Zomba 5,5,2015,22may2015
,3,Zomba 5,5,2015,21may2015
,3,Zomba 5,5,2015,22may2015
,3,Zomba 5,5,2015,22may2015
,3,Zomba 5,5,2015,22may2015
,3,Zomba 5,5,2015,22may2015
,3,Zomba 5,5,2015,26may2015
,3,Zomba 5,5,2015,25may2015
,3,Zomba 5,5,2015,25may2015
,3,Zomba 5,5,2015,25may2015
,3,Zomba 5,6,2015,21may2015
,3,Zomba 5,6,2015,21may2015
,3,Zomba 5,6,2015,21may2015
,3,Zomba 5,5,2015,21may2015
,3,Zomba 5,5,2015,21may2015
,3,Zomba 5,5,2015,21may2015
,3,Zomba 5,5,2015,21may2015
,3,Zomba 5,5,2015,21may2015
,3,Zomba 5,5,2015,21may2015
,3,Zomba 5,5,2015,21may2015
,3,Zomba 5,5,2015,21may2015
,3,Zomba 5,5,2015,21may2015
,3,Zomba 5,5,2015,21may2015
,3,Zomba 5,5,2015,21may2015
,3,Zomba 5,7,2015,24-Jun-15
,3,Zomba 5,7,2015,22-Jun-15
,3,Zomba 5,7,2015,22-Jun-15
,3,Zomba 5,7,2015,22-Jun-15
,3,Zomba 5,7,2015,22-Jun-15
,3,Zomba 5,7,2015,22-Jun-15
,3,Zomba 5,7,2015,23-Jun-15
,3,Zomba 5,7,2015,23-Jun-15
,3,Zomba 5,7,2015,23-Jun-15
,3,Zomba 5,7,2015,23-Jun-15
,3,Zomba 5,7,2015,23-Jun-15
,3,Zomba 5,7,2015,20-Jun-15
,3,Zomba 5,7,2015,20-Jun-15
,3,Zomba 5,7,2015,20-Jun-15
,3,Zomba 5,7,2015,20-Jun-15
,3,Zomba 5,7,2015,21-Jun-15
,3,Zomba 5,7,2015,20-Jun-15
,3,Zomba 5,7,2015,21-Jun-15
,3,Zomba 5,7,2015,22-Jun-15
,3,Zomba 5,7,2015,22-Jun-15
,3,Zomba 5,7,2015,22-Jun-15
,3,Zomba 5,7,2015,22-Jun-15
,3,Zomba 5,7,2015,22-Jun-15
,3,Zomba 5,7,2015,22-Jun-15
,3,Zomba 5,7,2015,22-Jun-15
,3,Zomba 5,7,2015,22-Jun-15
,3,Zomba 5,7,2015,22-Jun-15
,3,Zomba 5,7,2015,22-Jun-15
,3,Zomba 5,7,2015,22-Jun-15
,3,Zomba 5,7,2015,22-Jun-15
,3,Zomba 5,7,2015,22-Jun-15
,3,Zomba 5,7,2015,20-Jun-15
,3,Zomba 5,7,2015,23-Jun-15
,3,Zomba 5,7,2015,20-Jun-15
,3,Zomba 5,7,2015,21-Jun-15
,3,Zomba 5,7,2015,20-Jun-15
,3,Zomba 5,7,2015,21-Jun-15
,3,Zomba 5,7,2015,21-Jun-15
,3,Zomba 5,7,2015,21-Jun-15
,3,Zomba 5,7,2015,20-Jun-15
,3,Zomba 5,7,2015,22-Jun-15
,3,Zomba 5,7,2015,22-Jun-15
,3,Zomba 5,7,2015,22-Jun-15
,3,Zomba 5,7,2015,22-Jun-15
,3,Zomba 5,7,2015,22-Jun-15
,3,Zomba 5,7,2015,20-Jun-15
,3,Zomba 5,7,2015,20-Jun-15
,3,Zomba 5,7,2015,20-Jun-15
,3,Zomba 5,7,2015,20-Jun-15
,3,Zomba 5,7,2015,20-Jun-15
,3,Zomba 5,7,2015,20-Jun-15
,3,Zomba 5,7,2015,20-Jun-15
,3,Zomba 5,7,2015,25-Jun-15
,3,Zomba 5,7,2015,25-Jun-15
,3,Zomba 5,7,2015,20-Jun-15
,3,Zomba 5,7,2015,20-Jun-15
,3,Zomba 5,7,2015,20-Jun-15
,3,Zomba 5,7,2015,23-Jun-15
,3,Zomba 5,7,2015,20-Jun-15
,3,Zomba 5,7,2015,22-Jun-15
,3,Zomba 5,7,2015,20-Jun-15
,3,Zomba 5,7,2015,20-Jun-15
,3,Zomba 5,7,2015,20-Jun-15
,3,Zomba 5,7,2015,20-Jun-15
,3,Zomba 5,7,2015,23-Jun-15
,3,Zomba 5,7,2015,23-Jun-15
,3,Zomba 5,7,2015,23-Jun-15
,3,Zomba 5,7,2015,23-Jun-15
,3,Zomba 5,7,2015,23-Jun-15
,3,Zomba 5,7,2015,20-Jun-15
,3,Zomba 5,7,2015,20-Jun-15
,3,Zomba 5,7,2015,20-Jun-15
,3,Zomba 5,7,2015,20-Jun-15
,3,Zomba 5,7,2015,20-Jun-15
,3,Zomba 5,7,2015,20-Jun-15
,3,Zomba 5,7,2015,21-Jun-15
,3,Zomba 5,7,2015,20-Jun-15
,3,Zomba 5,7,2015,19-Jun-15
,3,Zomba 5,7,2015,19-Jun-15
,3,Zomba 5,7,2015,19-Jun-15
,3,Zomba 5,7,2015,19-Jun-15
,3,Zomba 5,7,2015,19-Jun-15
,3,Zomba 5,7,2015,20-Jun-15
,3,Zomba 5,7,2015,20-Jun-15
,3,Zomba 5,7,2015,20-Jun-15
,3,Zomba 5,7,2015,20-Jun-15
,3,Zomba 5,7,2015,20-Jun-15
,3,Zomba 5,7,2015,20-Jun-15
,3,Zomba 5,7,2015,20-Jun-15
,3,Zomba 5,7,2015,24-Jun-15
,3,Zomba 5,7,2015,20-Jun-15
,3,Zomba 5,7,2015,21-Jun-15
,3,Zomba 5,7,2015,21-Jun-15
,3,Zomba 5,7,2015,21-Jun-15
,3,Zomba 5,7,2015,21-Jun-15
,3,Zomba 5,7,2015,21-Jun-15
,3,Zomba 5,7,2015,23-Jun-15
,3,Zomba 5,7,2015,21-Jun-15
,3,Zomba 5,7,2015,21-Jun-15
,3,Zomba 5,7,2015,21-Jun-15
,3,Zomba 5,7,2015,21-Jun-15
,3,Zomba 5,7,2015,21-Jun-15
,3,Zomba 5,7,2015,21-Jun-15
,3,Zomba 5,7,2015,21-Jun-15
,3,Zomba 5,7,2015,21-Jun-15
,3,Zomba 5,5,2015,20may2015
,3,Zomba 5,5,2015,20may2015
,3,Zomba 5,5,2015,21may2015
,3,Zomba 5,5,2015,21may2015
,3,Zomba 5,5,2015,18may2015
,3,Zomba 5,5,2015,18may2015
,3,Zomba 5,5,2015,20may2015
,3,Zomba 5,5,2015,18may2015
,3,Zomba 5,5,2015,20may2015
,3,Zomba 5,5,2015,18may2015
,3,Zomba 5,5,2015,20may2015
,3,Zomba 5,5,2015,18may2015
,3,Zomba 5,5,2015,19may2015
,3,Zomba 5,5,2015,19may2015
,3,Zomba 5,5,2015,18may2015
,3,Zomba 5,5,2015,19may2015
,3,Zomba 5,5,2015,18may2015
,3,Zomba 5,5,2015,18may2015
,3,Zomba 5,5,2015,18may2015
,3,Zomba 5,5,2015,18may2015
,3,Zomba 5,5,2015,18may2015
,3,Zomba 5,5,2015,18may2015
,3,Zomba 5,5,2015,19may2015
,3,Zomba 5,5,2015,19may2015
,3,Zomba 5,5,2015,19may2015
,3,Zomba 5,5,2015,19may2015
,3,Zomba 5,5,2015,17may2015
,3,Zomba 5,5,2015,17may2015
,3,Zomba 5,5,2015,17may2015
,3,Zomba 5,5,2015,17may2015
,3,Zomba 5,5,2015,17may2015
,3,Zomba 5,5,2015,17may2015
,3,Zomba 5,5,2015,17may2015
,3,Zomba 5,5,2015,19may2015
,3,Zomba 5,5,2015,19may2015
,3,Zomba 5,5,2015,19may2015
,3,Zomba 5,5,2015,19may2015
,3,Zomba 5,5,2015,19may2015
,3,Zomba 5,5,2015,17may2015
,3,Zomba 5,5,2015,17may2015
,3,Zomba 5,5,2015,16may2015
,3,Zomba 5,5,2015,21may2015
,3,Zomba 5,5,2015,17may2015
,3,Zomba 5,5,2015,17may2015
,3,Zomba 5,5,2015,17may2015
,3,Zomba 5,5,2015,19may2015
,3,Zomba 5,5,2015,19may2015
,3,Zomba 5,5,2015,18may2015
,3,Zomba 5,5,2015,18may2015
,3,Zomba 5,5,2015,19may2015
,3,Zomba 5,5,2015,19may2015
,3,Zomba 5,5,2015,19may2015
,3,Zomba 5,5,2015,19may2015
,3,Zomba 5,5,2015,19may2015
,3,Zomba 5,5,2015,20may2015
,3,Zomba 5,5,2015,20may2015
,3,Zomba 5,5,2015,20may2015
,3,Zomba 5,5,2015,18may2015
,3,Zomba 5,5,2015,18may2015
,3,Zomba 5,5,2015,20may2015
,3,Zomba 5,5,2015,19may2015
,3,Zomba 5,5,2015,19may2015
,3,Zomba 5,5,2015,21may2015
,3,Zomba 5,5,2015,18may2015
,3,Zomba 5,5,2015,19may2015
,3,Zomba 5,5,2015,18may2015
,3,Zomba 5,5,2015,18may2015
,3,Zomba 5,5,2015,18may2015
,3,Zomba 5,5,2015,18may2015
,3,Zomba 5,5,2015,18may2015
,3,Zomba 5,5,2015,18may2015
,3,Zomba 5,5,2015,18may2015
,3,Zomba 5,5,2015,18may2015
,3,Zomba 5,5,2015,18may2015
,3,Zomba 5,5,2015,18may2015
,3,Zomba 5,5,2015,18may2015
,3,Zomba 5,5,2015,20may2015
,3,Zomba 5,5,2015,20may2015
,3,Zomba 5,5,2015,19may2015
,3,Zomba 5,5,2015,17may2015
,3,Zomba 5,5,2015,17may2015
,3,Zomba 5,5,2015,19may2015
,3,Zomba 5,5,2015,19may2015
,3,Zomba 5,5,2015,21may2015
,3,Zomba 5,5,2015,17may2015
,3,Zomba 5,5,2015,19may2015
,3,Zomba 5,5,2015,19may2015
,3,Zomba 5,5,2015,17may2015
,3,Zomba 5,5,2015,18may2015
,3,Zomba 5,5,2015,18may2015
,3,Zomba 5,5,2015,18may2015
,3,Zomba 5,5,2015,18may2015
,3,Zomba 5,5,2015,18may2015
,3,Zomba 5,5,2015,18may2015
,3,Zomba 5,5,2015,17may2015
,3,Zomba 5,5,2015,17may2015
,3,Zomba 5,5,2015,17may2015
,3,Zomba 5,5,2015,18may2015
,3,Zomba 5,5,2015,20may2015
,3,Zomba 5,5,2015,17may2015
,3,Zomba 5,5,2015,18may2015
,3,Zomba 5,5,2015,18may2015
,3,Zomba 5,5,2015,19may2015
,3,Zomba 5,5,2015,19may2015
,3,Zomba 5,5,2015,18may2015
,3,Zomba 5,5,2015,17may2015
,3,Zomba 5,5,2015,17may2015
,3,Zomba 5,5,2015,18may2015
,3,Zomba 5,5,2015,18may2015
,3,Zomba 5,5,2015,17may2015
,3,Zomba 5,5,2015,17may2015
,3,Zomba 5,5,2015,17may2015
,3,Zomba 5,5,2015,18may2015
,3,Zomba 5,5,2015,18may2015
,3,Zomba 5,5,2015,18may2015
,3,Zomba 5,5,2015,18may2015
,3,Zomba 5,5,2015,18may2015
,3,Zomba 5,5,2015,18may2015
,3,Zomba 5,5,2015,18may2015
,3,Zomba 5,5,2015,18may2015
,3,Zomba 5,5,2015,18may2015
,3,Zomba 5,5,2015,18may2015
,3,Zomba 5,5,2015,18may2015
,3,Zomba 5,5,2015,18may2015
,3,Zomba 5,5,2015,18may2015
,3,Zomba 5,5,2015,18may2015
,3,Zomba 5,5,2015,18may2015
,3,Zomba 5,5,2015,19may2015
,3,Zomba 5,5,2015,19may2015
,3,Zomba 5,5,2015,19may2015
,3,Zomba 5,5,2015,19may2015
,3,Zomba 5,5,2015,19may2015
,3,Zomba 5,5,2015,19may2015
,3,Zomba 5,5,2015,19may2015
,3,Zomba 5,5,2015,19may2015
,3,Zomba 5,5,2015,19may2015
,3,Zomba 5,5,2015,17may2015
,3,Zomba 5,5,2015,17may2015
,3,Zomba 5,5,2015,17may2015
,3,Zomba 5,5,2015,17may2015
,3,Zomba 5,5,2015,17may2015
,3,Zomba 5,5,2015,17may2015
,3,Zomba 5,5,2015,17may2015
,3,Zomba 5,7,2015,21-Jun-15
,3,Zomba 5,7,2015,21-Jun-15
,3,Zomba 5,7,2015,21-Jun-15
,3,Zomba 5,7,2015,21-Jun-15
,3,Zomba 5,7,2015,21-Jun-15
,3,Zomba 5,7,2015,21-Jun-15
,3,Zomba 5,7,2015,24-Jun-15
,3,Zomba 5,7,2015,21-Jun-15
,3,Zomba 5,7,2015,21-Jun-15
,3,Zomba 5,7,2015,24-Jun-15
,3,Zomba 5,7,2015,24-Jun-15
,3,Zomba 5,7,2015,24-Jun-15
,3,Zomba 5,7,2015,24-Jun-15
,3,Zomba 5,7,2015,24-Jun-15
,3,Zomba 5,7,2015,24-Jun-15
,3,Zomba 5,7,2015,20-Jun-15
,3,Zomba 5,7,2015,20-Jun-15
,3,Zomba 5,7,2015,20-Jun-15
,3,Zomba 5,7,2015,21-Jun-15
,3,Zomba 5,7,2015,20-Jun-15
,3,Zomba 5,7,2015,20-Jun-15
,3,Zomba 5,7,2015,20-Jun-15
,3,Zomba 5,7,2015,19-Jun-15
,3,Zomba 5,7,2015,24-Jun-15
,3,Zomba 5,7,2015,19-Jun-15
,3,Zomba 5,7,2015,19-Jun-15
,3,Zomba 5,7,2015,19-Jun-15
,3,Zomba 5,7,2015,19-Jun-15
,3,Zomba 5,7,2015,19-Jun-15
,3,Zomba 5,7,2015,20-Jun-15
,3,Zomba 5,7,2015,19-Jun-15
,3,Zomba 5,7,2015,19-Jun-15
,3,Zomba 5,7,2015,22-Jun-15
,3,Zomba 5,7,2015,22-Jun-15
,3,Zomba 5,7,2015,22-Jun-15
,3,Zomba 5,7,2015,22-Jun-15
,3,Zomba 5,7,2015,22-Jun-15
,3,Zomba 5,7,2015,22-Jun-15
,3,Zomba 5,7,2015,22-Jun-15
,3,Zomba 5,7,2015,22-Jun-15
,3,Zomba 5,7,2015,22-Jun-15
,3,Zomba 5,7,2015,22-Jun-15
,3,Zomba 5,7,2015,23-Jun-15
,3,Zomba 5,7,2015,22-Jun-15
,3,Zomba 5,7,2015,23-Jun-15
,3,Zomba 5,7,2015,22-Jun-15
,3,Zomba 5,7,2015,23-Jun-15
,3,Zomba 5,7,2015,23-Jun-15
,3,Zomba 5,7,2015,23-Jun-15
,3,Zomba 5,7,2015,22-Jun-15
,3,Zomba 5,7,2015,22-Jun-15
,3,Zomba 5,7,2015,22-Jun-15
,3,Zomba 5,7,2015,23-Jun-15
,3,Zomba 5,7,2015,23-Jun-15
,3,Zomba 5,7,2015,22-Jun-15
,3,Zomba 5,7,2015,22-Jun-15
,3,Zomba 5,7,2015,22-Jun-15
,3,Zomba 5,7,2015,22-Jun-15
,3,Zomba 5,7,2015,22-Jun-15
,3,Zomba 5,7,2015,22-Jun-15
,3,Zomba 5,7,2015,22-Jun-15
,3,Zomba 5,7,2015,22-Jun-15
,3,Zomba 5,7,2015,22-Jun-15
,3,Zomba 5,7,2015,19-Jun-15
,3,Zomba 5,7,2015,19-Jun-15
,3,Zomba 5,7,2015,19-Jun-15
,3,Zomba 5,7,2015,19-Jun-15
,3,Zomba 5,7,2015,19-Jun-15
,3,Zomba 5,7,2015,23-Jun-15
,3,Zomba 5,7,2015,19-Jun-15
,3,Zomba 5,7,2015,20-Jun-15
,3,Zomba 5,7,2015,19-Jun-15
,3,Zomba 5,7,2015,19-Jun-15
,3,Zomba 5,7,2015,19-Jun-15
,3,Zomba 5,7,2015,19-Jun-15
,3,Zomba 5,7,2015,19-Jun-15
,3,Zomba 5,7,2015,23-Jun-15
,3,Zomba 5,7,2015,22-Jun-15
,3,Zomba 5,7,2015,21-Jun-15
,3,Zomba 5,7,2015,21-Jun-15
,3,Zomba 5,7,2015,23-Jun-15
,3,Zomba 5,7,2015,21-Jun-15
,3,Zomba 5,7,2015,23-Jun-15
,3,Zomba 5,7,2015,21-Jun-15
,3,Zomba 5,7,2015,20-Jun-15
,3,Zomba 5,7,2015,21-Jun-15
,3,Zomba 5,7,2015,20-Jun-15
,3,Zomba 5,7,2015,20-Jun-15
,3,Zomba 5,7,2015,20-Jun-15
,3,Zomba 5,7,2015,21-Jun-15
,3,Zomba 5,7,2015,21-Jun-15
,3,Zomba 5,7,2015,21-Jun-15
,3,Zomba 5,7,2015,21-Jun-15
,3,Zomba 5,7,2015,21-Jun-15
,3,Zomba 5,7,2015,21-Jun-15
,3,Zomba 5,7,2015,21-Jun-15
,3,Zomba 5,7,2015,21-Jun-15
,3,Zomba 5,7,2015,21-Jun-15
,3,Zomba 5,7,2015,21-Jun-15
,3,Zomba 5,7,2015,21-Jun-15
,3,Zomba 5,7,2015,20-Jun-15
,3,Zomba 5,7,2015,23-Jun-15
,3,Zomba 5,7,2015,20-Jun-15
,3,Zomba 5,7,2015,20-Jun-15
,3,Zomba 5,7,2015,20-Jun-15
,3,Zomba 5,7,2015,22-Jun-15
,3,Zomba 5,7,2015,22-Jun-15
,3,Zomba 5,7,2015,19-Jun-15
,3,Zomba 5,7,2015,19-Jun-15
,3,Zomba 5,7,2015,19-Jun-15
,3,Zomba 5,7,2015,19-Jun-15
,3,Zomba 5,7,2015,19-Jun-15
,3,Zomba 5,7,2015,19-Jun-15
,3,Zomba 5,7,2015,22-Jun-15
,3,Zomba 5,7,2015,22-Jun-15
,3,Zomba 6,6,2015,06may2015
,3,Zomba 6,6,2015,29-Apr-15
,3,Zomba 6,6,2015,03-Jun-15
,3,Zomba 6,6,2015,29-Apr-15
,3,Zomba 6,6,2015,29-Apr-15
,3,Zomba 6,6,2015,29-Apr-15
,3,Zomba 6,6,2015,02-Jun-15
,3,Zomba 6,6,2015,29-Apr-15
,3,Zomba 6,6,2015,29-Apr-15
,3,Zomba 6,6,2015,29may2015
,3,Zomba 6,6,2015,29may2015
,3,Zomba 6,6,2015,29may2015
,3,Zomba 6,6,2015,29may2015
,3,Zomba 6,6,2015,26may2015
,3,Zomba 6,6,2015,30may2015
,3,Zomba 6,6,2015,26may2015
,3,Zomba 6,6,2015,26may2015
,3,Zomba 6,6,2015,26may2015
,3,Zomba 6,6,2015,28may2015
,3,Zomba 6,6,2015,29may2015
,3,Zomba 6,6,2015,26may2015
,3,Zomba 6,6,2015,26may2015
,3,Zomba 6,6,2015,30may2015
,3,Zomba 6,6,2015,29may2015
,3,Zomba 6,6,2015,29may2015
,3,Zomba 6,6,2015,29may2015
,3,Zomba 6,6,2015,29may2015
,3,Zomba 6,6,2015,29may2015
,3,Zomba 6,6,2015,29may2015
,3,Zomba 6,6,2015,29may2015
,3,Zomba 6,6,2015,29may2015
,3,Zomba 6,6,2015,30may2015
,3,Zomba 6,6,2015,30may2015
,3,Zomba 6,6,2015,26may2015
,3,Zomba 6,6,2015,26-Jun-15
,3,Zomba 6,6,2015,30may2015
,3,Zomba 6,6,2015,26may2015
,3,Zomba 6,6,2015,26-Jun-15
,3,Zomba 6,6,2015,26may2015
,3,Zomba 6,6,2015,30may2015
,3,Zomba 6,6,2015,27may2015
,3,Zomba 6,6,2015,27may2015
,3,Zomba 6,6,2015,27may2015
,3,Zomba 6,6,2015,28-Apr-15
,3,Zomba 6,6,2015,28may2015
,3,Zomba 6,6,2015,28-Apr-15
,3,Zomba 6,6,2015,27may2015
,3,Zomba 6,6,2015,28-Apr-15
,3,Zomba 6,6,2015,27may2015
,3,Zomba 6,6,2015,26may2015
,3,Zomba 6,6,2015,30may2015
,3,Zomba 6,6,2015,27may2015
,3,Zomba 6,6,2015,27may2015
,3,Zomba 6,6,2015,26may2015
,3,Zomba 6,6,2015,26may2015
,3,Zomba 6,6,2015,27may2015
,3,Zomba 6,6,2015,26may2015
,3,Zomba 6,6,2015,03-Jun-15
,3,Zomba 6,6,2015,05-Jun-15
,3,Zomba 6,6,2015,05-Jun-15
,3,Zomba 6,6,2015,05-Jun-15
,3,Zomba 6,6,2015,05-Jun-15
,3,Zomba 6,6,2015,10-Jun-15
,3,Zomba 6,6,2015,05-Jun-15
,3,Zomba 6,6,2015,10-Jun-15
,3,Zomba 6,6,2015,10-Jun-15
,3,Zomba 6,6,2015,05-Jun-15
,3,Zomba 6,6,2015,05-Jun-15
,3,Zomba 6,6,2015,05-Jun-15
,3,Zomba 6,6,2015,10-Jun-15
,3,Zomba 6,6,2015,10-Jun-15
,3,Zomba 6,6,2015,10-Jun-15
,3,Zomba 6,6,2015,08-Jun-15
,3,Zomba 6,6,2015,05-Jun-15
,3,Zomba 6,6,2015,09-Jun-15
,3,Zomba 6,6,2015,09-Jun-15
,3,Zomba 6,6,2015,06-Jun-15
,3,Zomba 6,6,2015,06-Jun-15
,3,Zomba 6,6,2015,06-Jun-15
,3,Zomba 6,6,2015,09-Jun-15
,3,Zomba 6,6,2015,09-Jun-15
,3,Zomba 6,6,2015,06-Jun-15
,3,Zomba 6,6,2015,05-Jun-15
,3,Zomba 6,6,2015,05-Jun-15
,3,Zomba 6,6,2015,06-Jun-15
,3,Zomba 6,6,2015,05-Jun-15
,3,Zomba 6,6,2015,06-Jun-15
,3,Zomba 6,6,2015,06-Jun-15
,3,Zomba 6,6,2015,10-Jun-15
,3,Zomba 6,6,2015,06-Jun-15
,3,Zomba 6,6,2015,10-Jun-15
,3,Zomba 6,6,2015,10-Jun-15
,3,Zomba 6,6,2015,05-Jun-15
,3,Zomba 6,6,2015,05-Jun-15
,3,Zomba 6,6,2015,05-Jun-15
,3,Zomba 6,6,2015,05-Jun-15
,3,Zomba 6,6,2015,05-Jun-15
,3,Zomba 6,6,2015,06-Jun-15
,3,Zomba 6,6,2015,06-Jun-15
,3,Zomba 6,6,2015,06-Jun-15
,3,Zomba 6,6,2015,10-Jun-15
,3,Zomba 6,6,2015,05-Jun-15
,3,Zomba 6,6,2015,10-Jun-15
,3,Zomba 6,6,2015,04-Jun-15
,3,Zomba 6,6,2015,05-Jun-15
,3,Zomba 6,6,2015,04-Jun-15
,3,Zomba 6,6,2015,05-Jun-15
,3,Zomba 6,6,2015,05-Jun-15
,3,Zomba 6,6,2015,05-Jun-15
,3,Zomba 6,6,2015,05-Jun-15
,3,Zomba 6,6,2015,05-Jun-15
,3,Zomba 6,6,2015,08-Jun-15
,3,Zomba 6,6,2015,08-Jun-15
,3,Zomba 6,6,2015,08-Jun-15
,3,Zomba 6,6,2015,05-Jun-15
,3,Zomba 6,6,2015,10-Jun-15
,3,Zomba 6,6,2015,08-Jun-15
,3,Zomba 6,6,2015,08-Jun-15
,3,Zomba 6,6,2015,08-Jun-15
,3,Zomba 6,6,2015,08-Jun-15
,3,Zomba 6,6,2015,08-Jun-15
,3,Zomba 6,6,2015,10-Jun-15
,3,Zomba 6,6,2015,08-Jun-15
,3,Zomba 6,6,2015,05-Jun-15
,3,Zomba 6,6,2015,05-Jun-15
,3,Zomba 6,6,2015,05-Jun-15
,3,Zomba 6,6,2015,05-Jun-15
,3,Zomba 6,6,2015,05-Jun-15
,3,Zomba 6,6,2015,05-Jun-15
,3,Zomba 6,6,2015,08-Jun-15
,3,Zomba 6,6,2015,05-Jun-15
,3,Zomba 6,6,2015,05-Jun-15
,3,Zomba 6,6,2015,05-Jun-15
,3,Zomba 6,6,2015,05-Jun-15
,3,Zomba 6,6,2015,04-Jun-15
,3,Zomba 6,6,2015,09-Jun-15
,3,Zomba 6,6,2015,09-Jun-15
,3,Zomba 6,6,2015,05-Jun-15
,3,Zomba 6,6,2015,05-Jun-15
,3,Zomba 6,6,2015,04-Jun-15
,3,Zomba 6,6,2015,05-Jun-15
,3,Zomba 6,6,2015,04-Jun-15
,3,Zomba 6,6,2015,04-Jun-15
,3,Zomba 6,6,2015,09-Jun-15
,3,Zomba 6,6,2015,09-Jun-15
,3,Zomba 6,6,2015,09-Jun-15
,3,Zomba 6,6,2015,04-Jun-15
,3,Zomba 6,6,2015,04-Jun-15
,3,Zomba 6,6,2015,04-Jun-15
,3,Zomba 6,6,2015,04-Jun-15
,3,Zomba 6,6,2015,04-Jun-15
,3,Zomba 6,6,2015,04-Jun-15
,3,Zomba 6,6,2015,04-Jun-15
,3,Zomba 6,6,2015,04-Jun-15
,3,Zomba 6,6,2015,04-Jun-15
,3,Zomba 6,6,2015,04-Jun-15
,3,Zomba 6,6,2015,04-Jun-15
,3,Zomba 6,6,2015,04-Jun-15
,3,Zomba 6,6,2015,04-Jun-15
,3,Zomba 6,6,2015,04-Jun-15
,3,Zomba 6,6,2015,04-Jun-15
,3,Zomba 6,6,2015,04-Jun-15
,3,Zomba 6,6,2015,04-Jun-15
,3,Zomba 6,6,2015,02-Jun-15
,3,Zomba 6,6,2015,01-Jun-15
,3,Zomba 6,6,2015,02-Jun-15
,3,Zomba 6,6,2015,02-Jun-15
,3,Zomba 6,6,2015,02-Jun-15
,3,Zomba 6,6,2015,02-Jun-15
,3,Zomba 6,6,2015,01-Jun-15
,3,Zomba 6,6,2015,01-Jun-15
,3,Zomba 6,6,2015,01-Jun-15
,3,Zomba 6,6,2015,01-Jun-15
,3,Zomba 6,6,2015,01-Jun-15
,3,Zomba 6,6,2015,01-Jun-15
,3,Zomba 6,6,2015,01-Jun-15
,3,Zomba 6,6,2015,01-Jun-15
,3,Zomba 6,6,2015,01-Jun-15
,3,Zomba 6,6,2015,01-Jun-15
,3,Zomba 6,6,2015,01-Jun-15
,3,Zomba 6,6,2015,01-Jun-15
,3,Zomba 6,6,2015,01-Jun-15
,3,Zomba 6,6,2015,02-Jun-15
,3,Zomba 6,6,2015,01-Jun-15
,3,Zomba 6,6,2015,01-Jun-15
,3,Zomba 6,6,2015,01-Jun-15
,3,Zomba 6,6,2015,01-Jun-15
,3,Zomba 6,6,2015,01-Jun-15
,3,Zomba 6,6,2015,01-Jun-15
,3,Zomba 6,6,2015,01-Jun-15
,3,Zomba 6,6,2015,01-Jun-15
,3,Zomba 6,6,2015,03-Jun-15
,3,Zomba 6,6,2015,03-Jun-15
,3,Zomba 6,6,2015,01-Jun-15
,3,Zomba 6,6,2015,03-Jun-15
,3,Zomba 6,6,2015,03-Jun-15
,3,Zomba 6,6,2015,03-Jun-15
,3,Zomba 6,6,2015,02-Jun-15
,3,Zomba 6,6,2015,03-Jun-15
,3,Zomba 6,6,2015,02-Jun-15
,3,Zomba 6,6,2015,31may2015
,3,Zomba 6,6,2015,01-Jun-15
,3,Zomba 6,6,2015,02-Jun-15
,3,Zomba 6,6,2015,01-Jun-15
,3,Zomba 6,6,2015,01-Jun-15
,3,Zomba 6,6,2015,31may2015
,3,Zomba 6,6,2015,02-Jun-15
,3,Zomba 6,6,2015,31may2015
,3,Zomba 6,6,2015,31may2015
,3,Zomba 6,6,2015,30may2015
,3,Zomba 6,6,2015,30may2015
,3,Zomba 6,6,2015,30may2015
,3,Zomba 6,6,2015,30may2015
,3,Zomba 6,6,2015,02-Jun-15
,3,Zomba 6,6,2015,02-Jun-15
,3,Zomba 6,6,2015,02-Jun-15
,3,Zomba 6,6,2015,02-Jun-15
,3,Zomba 6,6,2015,02-Jun-15
,3,Zomba 6,6,2015,02-Jun-15
,3,Zomba 6,6,2015,02-Jun-15
,3,Zomba 6,6,2015,02-Jun-15
,3,Zomba 6,6,2015,02-Jun-15
,3,Zomba 6,6,2015,02-Jun-15
,3,Zomba 6,6,2015,28-Apr-15
,3,Zomba 6,6,2015,28-Apr-15
,3,Zomba 6,6,2015,28-Apr-15
,3,Zomba 6,6,2015,28-Apr-15
,3,Zomba 6,6,2015,28-Apr-15
,3,Zomba 6,6,2015,02-Jun-15
,3,Zomba 6,6,2015,02-Jun-15
,3,Zomba 6,6,2015,02-Jun-15
,3,Zomba 6,6,2015,02-Jun-15
,3,Zomba 6,6,2015,03-Jun-15
,3,Zomba 6,6,2015,31may2015
,3,Zomba 6,6,2015,31may2015
,3,Zomba 6,6,2015,31may2015
,3,Zomba 6,6,2015,08may2015
,3,Zomba 6,6,2015,30-Apr-15
,3,Zomba 6,6,2015,30-Apr-15
,3,Zomba 6,6,2015,30-Apr-15
,3,Zomba 6,6,2015,30-Apr-15
,3,Zomba 6,6,2015,06-Jun-15
,3,Zomba 6,6,2015,03-Jun-15
,3,Zomba 6,6,2015,03-Jun-15
,3,Zomba 6,6,2015,30-Apr-15
,3,Zomba 6,6,2015,30-Apr-15
,3,Zomba 6,6,2015,30-Apr-15
,3,Zomba 6,6,2015,03-Jun-15
,3,Zomba 6,6,2015,30-Apr-15
,3,Zomba 6,6,2015,30-Apr-15
,3,Zomba 6,6,2015,02-Jun-15
,3,Zomba 6,6,2015,03-Jun-15
,3,Zomba 6,6,2015,02-Jun-15
,3,Zomba 6,6,2015,02-Jun-15
,3,Zomba 6,6,2015,03-Jun-15
,3,Zomba 6,6,2015,02-Jun-15
,3,Zomba 6,6,2015,28-Apr-15
,3,Zomba 6,6,2015,28may2015
,3,Zomba 6,6,2015,28may2015
,3,Zomba 6,6,2015,28may2015
,3,Zomba 6,6,2015,28may2015
,3,Zomba 6,6,2015,30-Apr-15
,3,Zomba 6,6,2015,03-Jun-15
,3,Zomba 6,6,2015,03-Jun-15
,3,Zomba 6,6,2015,17-Jun-15
,3,Zomba 6,6,2015,31may2015
,3,Zomba 6,6,2015,01-Jun-15
,3,Zomba 6,6,2015,03-Jun-15
,3,Zomba 6,6,2015,31may2015
,3,Zomba 6,6,2015,31may2015
,3,Zomba 6,6,2015,31may2015
,3,Zomba 6,6,2015,31may2015
,3,Zomba 6,6,2015,31may2015
,3,Zomba 6,6,2015,01-Jun-15
,3,Zomba 6,6,2015,31may2015
,3,Zomba 6,6,2015,31may2015
,3,Zomba 6,6,2015,01-Jun-15
,3,Zomba 6,6,2015,02-Jun-15
,3,Zomba 6,6,2015,31may2015
,3,Zomba 6,6,2015,30may2015
,3,Zomba 6,6,2015,31may2015
,3,Zomba 6,6,2015,31may2015
,3,Zomba 6,6,2015,31may2015
,3,Zomba 6,6,2015,31may2015
,3,Zomba 6,6,2015,31may2015
,3,Zomba 6,6,2015,31may2015
,3,Zomba 6,7,2015,17-Jun-15
,3,Zomba 6,6,2015,14-Jun-15
,3,Zomba 6,6,2015,14-Jun-15
,3,Zomba 6,6,2015,14-Jun-15
,3,Zomba 6,6,2015,14-Jun-15
,3,Zomba 6,6,2015,14-Jun-15
,3,Zomba 6,6,2015,14-Jun-15
,3,Zomba 6,6,2015,15-Jun-15
,3,Zomba 6,6,2015,15-Jun-15
,3,Zomba 6,6,2015,15-Jun-15
,3,Zomba 6,6,2015,15-Jun-15
,3,Zomba 6,6,2015,11-Jun-15
,3,Zomba 6,6,2015,11-Jun-15
,3,Zomba 6,6,2015,11-Jun-15
,3,Zomba 6,6,2015,15-Jun-15
,3,Zomba 6,6,2015,15-Jun-15
,3,Zomba 6,6,2015,12-Jun-15
,3,Zomba 6,6,2015,12-Jun-15
,3,Zomba 6,6,2015,13-Jun-15
,3,Zomba 6,6,2015,13-Jun-15
,3,Zomba 6,6,2015,13-Jun-15
,3,Zomba 6,6,2015,13-Jun-15
,3,Zomba 6,6,2015,14-Jun-15
,3,Zomba 6,6,2015,15-Jun-15
,3,Zomba 6,6,2015,12-Jun-15
,3,Zomba 6,7,2015,12-Jun-15
,3,Zomba 6,6,2015,12-Jun-15
,3,Zomba 6,7,2015,12-Jun-15
,3,Zomba 6,7,2015,15-Jun-15
,3,Zomba 6,7,2015,16-Jun-15
,3,Zomba 6,7,2015,16-Jun-15
,3,Zomba 6,7,2015,16-Jun-15
,3,Zomba 6,7,2015,14-Jun-15
,3,Zomba 6,7,2015,14-Jun-15
,3,Zomba 6,6,2015,14-Jun-15
,3,Zomba 6,6,2015,14-Jun-15
,3,Zomba 6,6,2015,14-Jun-15
,3,Zomba 6,6,2015,14-Jun-15
,3,Zomba 6,6,2015,14-Jun-15
,3,Zomba 6,6,2015,11-Jun-15
,3,Zomba 6,6,2015,11-Jun-15
,3,Zomba 6,6,2015,11-Jun-15
,3,Zomba 6,7,2015,14-Jun-15
,3,Zomba 6,7,2015,14-Jun-15
,3,Zomba 6,7,2015,14-Jun-15
,3,Zomba 6,7,2015,17-Jun-15
,3,Zomba 6,6,2015,13-Jun-15
,3,Zomba 6,6,2015,13-Jun-15
,3,Zomba 6,6,2015,13-Jun-15
,3,Zomba 6,6,2015,15-Jun-15
,3,Zomba 6,6,2015,15-Jun-15
,3,Zomba 6,6,2015,12-Jun-15
,3,Zomba 6,6,2015,14-Jun-15
,3,Zomba 6,6,2015,15-Jun-15
,3,Zomba 6,6,2015,15-Jun-15
,3,Zomba 6,6,2015,12-Jun-15
,3,Zomba 6,6,2015,12-Jun-15
,3,Zomba 6,7,2015,13-Jun-15
,3,Zomba 6,6,2015,13-Jun-15
,3,Zomba 6,6,2015,13-Jun-15
,3,Zomba 6,6,2015,13-Jun-15
,3,Zomba 6,6,2015,13-Jun-15
,3,Zomba 6,6,2015,13-Jun-15
,3,Zomba 6,6,2015,13-Jun-15
,3,Zomba 6,6,2015,13-Jun-15
,3,Zomba 6,6,2015,13-Jun-15
,3,Zomba 6,6,2015,13-Jun-15
,3,Zomba 6,6,2015,13-Jun-15
,3,Zomba 6,6,2015,13-Jun-15
,3,Zomba 6,6,2015,15-Jun-15
,3,Zomba 6,6,2015,15-Jun-15
,3,Zomba 6,6,2015,15-Jun-15
,3,Zomba 6,6,2015,15-Jun-15
,3,Zomba 6,6,2015,15-Jun-15
,3,Zomba 6,6,2015,15-Jun-15
,3,Zomba 6,6,2015,13-Jun-15
,3,Zomba 6,6,2015,13-Jun-15
,3,Zomba 6,6,2015,13-Jun-15
,3,Zomba 6,6,2015,11-Jun-15
,3,Zomba 6,6,2015,11-Jun-15
,3,Zomba 6,6,2015,11-Jun-15
,3,Zomba 6,6,2015,11-Jun-15
,3,Zomba 6,6,2015,11-Jun-15
,3,Zomba 6,6,2015,11-Jun-15
,3,Zomba 6,6,2015,11-Jun-15
,3,Zomba 6,6,2015,12-Jun-15
,3,Zomba 6,6,2015,12-Jun-15
,3,Zomba 6,6,2015,12-Jun-15
,3,Zomba 6,7,2015,12-Jun-15
,3,Zomba 6,7,2015,12-Jun-15
,3,Zomba 6,7,2015,12-Jun-15
,3,Zomba 6,7,2015,11-Jun-15
,3,Zomba 6,6,2015,11-Jun-15
,3,Zomba 6,6,2015,16-Jun-15
,3,Zomba 6,6,2015,16-Jun-15
,3,Zomba 6,6,2015,14-Jun-15
,3,Zomba 6,6,2015,14-Jun-15
,3,Zomba 6,6,2015,14-Jun-15
,3,Zomba 6,6,2015,11-Jun-15
,3,Zomba 6,6,2015,15-Jun-15
,3,Zomba 6,6,2015,12-Jun-15
,3,Zomba 6,6,2015,14-Jun-15
,3,Zomba 6,6,2015,12-Jun-15
,3,Zomba 6,6,2015,14-Jun-15
,3,Zomba 6,6,2015,12-Jun-15
,3,Zomba 6,6,2015,11-Jun-15
,3,Zomba 6,6,2015,12-Jun-15
,3,Zomba 6,6,2015,13-Jun-15
,3,Zomba 6,6,2015,12-Jun-15
,3,Zomba 6,6,2015,13-Jun-15
,3,Zomba 6,6,2015,12-Jun-15
,3,Zomba 6,6,2015,12-Jun-15
,3,Zomba 6,6,2015,12-Jun-15
,3,Zomba 6,6,2015,12-Jun-15
,3,Zomba 6,6,2015,13-Jun-15
,3,Zomba 6,6,2015,13-Jun-15
,3,Zomba 6,6,2015,14-Jun-15
,3,Zomba 6,6,2015,15-Jun-15
,3,Zomba 6,6,2015,15-Jun-15
,3,Zomba 6,6,2015,15-Jun-15
,3,Zomba 6,6,2015,17-Jun-15
,3,Zomba 6,6,2015,17-Jun-15
,3,Zomba 6,6,2015,17-Jun-15
,3,Zomba 6,6,2015,13-Jun-15
,3,Zomba 6,6,2015,13-Jun-15
,3,Zomba 6,6,2015,13-Jun-15
,3,Zomba 6,6,2015,13-Jun-15
,3,Zomba 6,6,2015,12-Jun-15
,3,Zomba 6,6,2015,10-Jun-15
,3,Zomba 6,6,2015,12-Jun-15
,3,Zomba 6,7,2015,15-Jun-15
,3,Zomba 6,6,2015,12-Jun-15
,3,Zomba 6,6,2015,01-Jun-15
,3,Zomba 6,6,2015,12-Jun-15
,3,Zomba 6,6,2015,16-Jun-15
,3,Zomba 6,6,2015,12-Jun-15
,3,Zomba 6,6,2015,12-Jun-15
,3,Zomba 6,6,2015,12-Jun-15
,3,Zomba 6,6,2015,16-Jun-15
,3,Zomba 6,6,2015,16-Jun-15
,3,Zomba 6,6,2015,11-Jun-15
,3,Zomba 6,6,2015,11-Jun-15
,3,Zomba 6,6,2015,11-Jun-15
,3,Zomba 6,6,2015,11-Jun-15
,3,Zomba 6,6,2015,11-Jun-15
,3,Zomba 6,6,2015,11-Jun-15
,3,Zomba 6,7,2015,13-Jun-15
,3,Zomba 6,7,2015,13-Jun-15
,3,Zomba 6,7,2015,16-Jun-15
,3,Zomba 6,7,2015,11-Jun-15
,3,Zomba 6,6,2015,12-Jun-15
,3,Zomba 6,7,2015,11-Jun-15
,3,Zomba 6,7,2015,12-Jun-15
,3,Zomba 6,6,2015,12-Jun-15
,3,Zomba 6,7,2015,12-Jun-15
,3,Zomba 6,6,2015,26-Jun-15
,3,Zomba 6,6,2015,14-Jun-15
,3,Zomba 6,6,2015,14-Jun-15
,3,Zomba 6,6,2015,14-Jun-15
,3,Zomba 6,6,2015,11-Jun-15
,3,Zomba 6,6,2015,11-Jun-15
,3,Zomba 6,6,2015,11-Jun-15
,3,Zomba 6,6,2015,11-Jun-15
,3,Zomba 6,6,2015,16-Jun-15
,3,Zomba 6,6,2015,11-Jun-15
,3,Zomba 6,6,2015,16-Jun-15
,3,Zomba 6,6,2015,16-Jun-15
,3,Zomba 6,6,2015,16-Jun-15
,3,Zomba 6,6,2015,16-Jun-15
,3,Zomba 6,6,2015,16-Jun-15
,3,Zomba 6,6,2015,15-Jun-15
,3,Zomba 6,6,2015,15-Jun-15
,3,Zomba 6,6,2015,15-Jun-15
,3,Zomba 6,6,2015,11-Jun-15
,3,Zomba 6,6,2015,16-Jun-15
,3,Zomba 6,6,2015,15-Jun-15
,3,Zomba 6,6,2015,15-Jun-15
,3,Zomba 6,6,2015,12-Jun-15
,3,Zomba 6,6,2015,12-Jun-15
,3,Zomba 6,6,2015,12-Jun-15
,3,Zomba 6,6,2015,14-Jun-15
,3,Zomba 6,6,2015,14-Jun-15
,3,Zomba 6,6,2015,14-Jun-15
,3,Zomba 6,6,2015,14-Jun-15
,3,Zomba 6,6,2015,14-Jun-15
,3,Zomba 6,6,2015,14-Jun-15
,3,Zomba 6,6,2015,14-Jun-15
,3,Zomba 6,6,2015,14-Jun-15
,3,Zomba 6,7,2015,16-Jun-15
,3,Zomba 6,7,2015,16-Jun-15
,3,Zomba 6,7,2015,16-Jun-15
,3,Zomba 6,7,2015,14-Jun-15
,3,Zomba 6,6,2015,17-Jun-15
,3,Zomba 6,6,2015,13-Jun-15
,3,Zomba 6,6,2015,13-Jun-15
,3,Zomba 6,6,2015,13-Jun-15
,3,Zomba 6,6,2015,17-Jun-15
,3,Zomba 6,6,2015,13-Jun-15
,3,Zomba 6,6,2015,13-Jun-15
,3,Zomba 6,6,2015,17-Jun-15
,3,Zomba 6,7,2015,16-Jun-15
,3,Zomba 6,6,2015,12-Jun-15
,3,Zomba 6,7,2015,12-Jun-15
,3,Zomba 6,7,2015,16-Jun-15
,3,Zomba 6,6,2015,08-Jun-15
,3,Zomba 6,6,2015,08-Jun-15
,3,Zomba 6,6,2015,08-Jun-15
,3,Zomba 6,6,2015,05-Jun-15
,3,Zomba 6,6,2015,05-Jun-15
,3,Zomba 6,6,2015,05-Jun-15
,3,Zomba 6,6,2015,05-Jun-15
,3,Zomba 6,6,2015,06-Jun-15
,3,Zomba 6,6,2015,04-Jun-15
,3,Zomba 6,6,2015,04-Jun-15
,3,Zomba 6,6,2015,04-Jun-15
,3,Zomba 6,6,2015,04-Jun-15
,3,Zomba 6,6,2015,04-Jun-15
,3,Zomba 6,6,2015,04-Jun-15
,3,Zomba 6,6,2015,04-Jun-15
,3,Zomba 6,6,2015,04-Jun-15
,3,Zomba 6,6,2015,04-Jun-15
,3,Zomba 6,6,2015,09-Jun-15
,3,Zomba 6,6,2015,09-Jun-15
,3,Zomba 6,6,2015,09-Jun-15
,3,Zomba 6,6,2015,09-Jun-15
,3,Zomba 6,6,2015,04-Jun-15
,3,Zomba 6,6,2015,04-Jun-15
,3,Zomba 6,6,2015,04-Jun-15
,3,Zomba 6,6,2015,09-Jun-15
,3,Zomba 6,6,2015,09-Jun-15
,3,Zomba 6,6,2015,09-Jun-15
,3,Zomba 6,6,2015,04-Jun-15
,3,Zomba 6,6,2015,04-Jun-15
,3,Zomba 6,6,2015,04-Jun-15
,3,Zomba 6,6,2015,09-Jun-15
,3,Zomba 6,6,2015,09-Jun-15
,3,Zomba 6,6,2015,09-Jun-15
,3,Zomba 6,6,2015,04-Jun-15
,3,Zomba 6,6,2015,04-Jun-15
,3,Zomba 6,6,2015,04-Jun-15
,3,Zomba 6,6,2015,04-Jun-15
,3,Zomba 6,6,2015,04-Jun-15
,3,Zomba 6,6,2015,04-Jun-15
,3,Zomba 6,6,2015,04-Jun-15
,3,Zomba 6,6,2015,04-Jun-15
,3,Zomba 6,6,2015,04-Jun-15
,3,Zomba 6,6,2015,09-Jun-15
,3,Zomba 6,6,2015,09-Jun-15
,3,Zomba 6,6,2015,09-Jun-15
,3,Zomba 6,6,2015,09-Jun-15
,3,Zomba 6,6,2015,09-Jun-15
,3,Zomba 6,6,2015,11-Jun-15
,3,Zomba 6,6,2015,09-Jun-15
,3,Zomba 6,6,2015,10-Jun-15
,3,Zomba 6,6,2015,05-Jun-15
,3,Zomba 6,6,2015,05-Jun-15
,3,Zomba 6,6,2015,09-Jun-15
,3,Zomba 6,6,2015,06-Jun-15
,3,Zomba 6,6,2015,06-Jun-15
,3,Zomba 6,6,2015,09-Jun-15
,3,Zomba 6,6,2015,06-Jun-15
,3,Zomba 6,6,2015,09-Jun-15
,3,Zomba 6,6,2015,06-Jun-15
,3,Zomba 6,6,2015,10-Jun-15
,3,Zomba 6,6,2015,10-Jun-15
,3,Zomba 6,6,2015,10-Jun-15
,3,Zomba 6,6,2015,10-Jun-15
,3,Zomba 6,6,2015,05-Jun-15
,3,Zomba 6,6,2015,04-Jun-15
,3,Zomba 6,6,2015,04-Jun-15
,3,Zomba 6,6,2015,04-Jun-15
,3,Zomba 6,6,2015,04-Jun-15
,3,Zomba 6,6,2015,04-Jun-15
,3,Zomba 6,6,2015,04-Jun-15
,3,Zomba 6,6,2015,04-Jun-15
,3,Zomba 6,6,2015,04-Jun-15
,3,Zomba 6,6,2015,04-Jun-15
,3,Zomba 6,6,2015,04-Jun-15
,3,Zomba 6,6,2015,11-Jun-15
,3,Zomba 6,6,2015,11-Jun-15
,3,Zomba 6,6,2015,04-Jun-15
,3,Zomba 6,6,2015,04-Jun-15
,3,Zomba 6,6,2015,04-Jun-15
,3,Zomba 6,6,2015,04-Jun-15
,3,Zomba 6,6,2015,09-Jun-15
,3,Zomba 6,6,2015,09-Jun-15
,3,Zomba 6,6,2015,09-Jun-15
,3,Zomba 6,6,2015,09-Jun-15
,3,Zomba 6,6,2015,09-Jun-15
,3,Zomba 6,6,2015,10-Jun-15
,3,Zomba 6,6,2015,10-Jun-15
,3,Zomba 6,6,2015,04-Jun-15
,3,Zomba 6,6,2015,10-Jun-15
,3,Zomba 6,6,2015,06may2015
,3,Zomba 6,6,2015,29mar2015
,3,Zomba 6,6,2015,29may2015
,3,Zomba 6,6,2015,30may2015
,3,Zomba 6,6,2015,30may2015
,3,Zomba 6,6,2015,29-Apr-15
,3,Zomba 6,6,2015,27may2015
,3,Zomba 6,6,2015,31may2015
,3,Zomba 6,6,2015,28-Apr-15
,3,Zomba 6,6,2015,27may2015
,3,Zomba 6,6,2015,29-Apr-15
,3,Zomba 6,6,2015,28may2015
,3,Zomba 6,6,2015,29may2015
,3,Zomba 6,6,2015,30-Apr-15
,3,Zomba 6,6,2015,06-Jun-15
,3,Zomba 6,6,2015,14-Jun-15
,3,Zomba 6,6,2015,14-Jun-15
,3,Zomba 1,12,2013,13dec2013
,3,Zomba 1,12,2013,13dec2013
,3,Zomba 1,12,2013,14dec2013
,3,Zomba 1,12,2013,16dec2013
,3,Zomba 1,12,2013,13dec2013
,3,Zomba 1,12,2013,16dec2013
,3,Zomba 1,12,2013,12dec2013
,3,Zomba 1,12,2013,14dec2013
,3,Zomba 1,12,2013,16dec2013
,3,Zomba 1,12,2013,16dec2013
,3,Zomba 1,12,2013,13dec2013
,3,Zomba 1,12,2013,13dec2013
,3,Zomba 2,4,2014,02-Apr-14
,3,Zomba 1,12,2013,14dec2013
,3,Zomba 1,12,2013,14dec2013
,3,Zomba 1,12,2013,16dec2013
,3,Zomba 1,12,2013,16dec2013
,3,Zomba 2,4,2014,02-Apr-14
,3,Zomba 2,4,2014,04-Apr-14
,3,Zomba 2,4,2014,04-Apr-14
,3,Zomba 2,4,2014,04-Apr-14
,3,Zomba 2,4,2014,01-Apr-14
,3,Zomba 2,4,2014,04-Apr-14
,3,Zomba 2,4,2014,01-Apr-14
,3,Zomba 2,4,2014,01-Apr-14
,3,Zomba 2,4,2014,01-Apr-14
,3,Zomba 2,4,2014,01-Apr-14
,3,Zomba 2,4,2014,02-Apr-14
,3,Zomba 2,4,2014,02-Apr-14
,3,Zomba 2,4,2014,02-Apr-14
,3,Zomba 2,4,2014,04-Apr-14
,3,Zomba 2,4,2014,05-Apr-14
,3,Zomba 2,4,2014,05-Apr-14
,3,Zomba 2,3,2014,31mar2014
,3,Zomba 2,3,2014,31mar2014
,3,Zomba 2,3,2014,31mar2014
,3,Zomba 2,3,2014,31mar2014
,3,Zomba 2,3,2014,31mar2014
,3,Zomba 2,3,2014,31mar2014
,3,Zomba 2,3,2014,31mar2014
,3,Zomba 2,3,2014,31mar2014
,3,Zomba 2,3,2014,31mar2014
,3,Zomba 2,3,2014,31mar2014
,3,Zomba 2,4,2014,02-Apr-14
,3,Zomba 2,4,2014,04-Apr-14
,3,Zomba 2,4,2014,05-Apr-14
,3,Zomba 2,4,2014,04-Apr-14
,3,Zomba 2,4,2014,02-Apr-14
,3,Zomba 2,4,2014,05-Apr-14
,3,Zomba 2,4,2014,05-Apr-14
,3,Zomba 2,4,2014,02-Apr-14
,3,Zomba 2,4,2014,02-Apr-14
,3,Zomba 2,4,2014,01-Apr-14
,3,Zomba 2,4,2014,03-Apr-14
,3,Zomba 2,4,2014,03-Apr-14
,3,Zomba 2,4,2014,01-Apr-14
,3,Zomba 2,4,2014,01-Apr-14
,3,Zomba 2,4,2014,01-Apr-14
,3,Zomba 2,4,2014,05-Apr-14
,3,Zomba 2,4,2014,04-Apr-14
,3,Zomba 2,4,2014,05-Apr-14
,3,Zomba 2,4,2014,05-Apr-14
,3,Zomba 2,4,2014,05-Apr-14
,3,Zomba 2,4,2014,05-Apr-14
,3,Zomba 2,4,2014,04-Apr-14
,3,Zomba 2,3,2014,31mar2014
,3,Zomba 2,3,2014,31mar2014
,3,Zomba 2,4,2014,02-Apr-14
,3,Zomba 2,4,2014,02-Apr-14
,3,Zomba 2,4,2014,03-Apr-14
,3,Zomba 2,4,2014,02-Apr-14
,3,Zomba 2,4,2014,03-Apr-14
,3,Zomba 2,4,2014,03-Apr-14
,3,Zomba 2,4,2014,03-Apr-14
,3,Zomba 2,4,2014,02-Apr-14
,3,Zomba 2,4,2014,01-Apr-14
,3,Zomba 2,4,2014,01-Apr-14
,3,Zomba 2,4,2014,04-Apr-14
,3,Zomba 1,12,2013,16dec2013
,3,Zomba 1,12,2013,16dec2013
